2026-10-07 17:57:06,184:WARNING:
'cuml' is a soft dependency and not included in the pycaret installation. Please run: `pip install cuml` to install.
2026-10-07 17:57:06,184:WARNING:
'cuml' is a soft dependency and not included in the pycaret installation. Please run: `pip install cuml` to install.
2026-10-07 17:57:06,185:WARNING:
'cuml' is a soft dependency and not included in the pycaret installation. Please run: `pip install cuml` to install.
2026-10-07 17:57:06,185:WARNING:
'cuml' is a soft dependency and not included in the pycaret installation. Please run: `pip install cuml` to install.
2026-10-07 17:57:56,534:WARNING:
'cuml' is a soft dependency and not included in the pycaret installation. Please run: `pip install cuml` to install.
2026-10-07 17:57:56,534:WARNING:
'cuml' is a soft dependency and not included in the pycaret installation. Please run: `pip install cuml` to install.
2026-10-07 17:57:56,534:WARNING:
'cuml' is a soft dependency and not included in the pycaret installation. Please run: `pip install cuml` to install.
2026-10-07 17:57:56,534:WARNING:
'cuml' is a soft dependency and not included in the pycaret installation. Please run: `pip install cuml` to install.
2026-10-07 18:00:57,606:WARNING:
'cuml' is a soft dependency and not included in the pycaret installation. Please run: `pip install cuml` to install.
2026-10-07 18:00:57,607:WARNING:
'cuml' is a soft dependency and not included in the pycaret installation. Please run: `pip install cuml` to install.
2026-10-07 18:00:57,607:WARNING:
'cuml' is a soft dependency and not included in the pycaret installation. Please run: `pip install cuml` to install.
2026-10-07 18:00:57,607:WARNING:
'cuml' is a soft dependency and not included in the pycaret installation. Please run: `pip install cuml` to install.
2026-10-07 18:01:10,060:WARNING:
'cuml' is a soft dependency and not included in the pycaret installation. Please run: `pip install cuml` to install.
2026-10-07 18:01:10,060:WARNING:
'cuml' is a soft dependency and not included in the pycaret installation. Please run: `pip install cuml` to install.
2026-10-07 18:01:10,060:WARNING:
'cuml' is a soft dependency and not included in the pycaret installation. Please run: `pip install cuml` to install.
2026-10-07 18:01:10,060:WARNING:
'cuml' is a soft dependency and not included in the pycaret installation. Please run: `pip install cuml` to install.
2026-10-07 18:01:10,942:INFO:PyCaret ClassificationExperiment
2026-10-07 18:01:10,943:INFO:Logging name: clf-default-name
2026-10-07 18:01:10,943:INFO:ML Usecase: MLUsecase.CLASSIFICATION
2026-10-07 18:01:10,943:INFO:version 3.3.2
2026-10-07 18:01:10,943:INFO:Initializing setup()
2026-10-07 18:01:10,943:INFO:self.USI: cd07
2026-10-07 18:01:10,943:INFO:self._variable_keys: {'is_multiclass', 'X_train', 'memory', 'y_test', 'data', 'gpu_n_jobs_param', 'target_param', 'X', 'n_jobs_param', 'logging_param', 'fold_generator', 'seed', '_available_plots', 'fold_groups_param', 'html_param', 'y_train', 'log_plots_param', 'X_test', '_ml_usecase', 'idx', 'y', 'fold_shuffle_param', 'gpu_param', 'fix_imbalance', 'exp_name_log', 'USI', 'exp_id', 'pipeline'}
2026-10-07 18:01:10,943:INFO:Checking environment
2026-10-07 18:01:10,943:INFO:python_version: 3.11.9
2026-10-07 18:01:10,943:INFO:python_build: ('tags/v3.11.9:de54cf5', 'Apr  2 2024 10:12:12')
2026-10-07 18:01:10,943:INFO:machine: AMD64
2026-10-07 18:01:10,958:INFO:platform: Windows-10-10.0.26200-SP0
2026-10-07 18:01:10,958:INFO:Memory: svmem(total=8307642368, available=372371456, percent=95.5, used=7935270912, free=372371456)
2026-10-07 18:01:10,958:INFO:Physical Core: 6
2026-10-07 18:01:10,958:INFO:Logical Core: 12
2026-10-07 18:01:10,958:INFO:Checking libraries
2026-10-07 18:01:10,958:INFO:System:
2026-10-07 18:01:10,958:INFO:    python: 3.11.9 (tags/v3.11.9:de54cf5, Apr  2 2024, 10:12:12) [MSC v.1938 64 bit (AMD64)]
2026-10-07 18:01:10,958:INFO:executable: D:\AI Engineering\FastAPI\model AI\.venv\Scripts\python.exe
2026-10-07 18:01:10,958:INFO:   machine: Windows-10-10.0.26200-SP0
2026-10-07 18:01:10,959:INFO:PyCaret required dependencies:
2026-10-07 18:01:10,960:WARNING:D:\AI Engineering\FastAPI\model AI\.venv\Lib\site-packages\_distutils_hack\__init__.py:33: UserWarning: Setuptools is replacing distutils.
  warnings.warn("Setuptools is replacing distutils.")

2026-10-07 18:01:11,405:INFO:                 pip: 26.2.1
2026-10-07 18:01:11,405:INFO:          setuptools: 65.5.0
2026-10-07 18:01:11,405:INFO:             pycaret: 3.3.2
2026-10-07 18:01:11,405:INFO:             IPython: 9.17.1
2026-10-07 18:01:11,405:INFO:          ipywidgets: 8.1.9
2026-10-07 18:01:11,405:INFO:                tqdm: 4.70.1
2026-10-07 18:01:11,405:INFO:               numpy: 1.26.4
2026-10-07 18:01:11,405:INFO:              pandas: 2.1.4
2026-10-07 18:01:11,405:INFO:              jinja2: 3.1.6
2026-10-07 18:01:11,405:INFO:               scipy: 1.11.4
2026-10-07 18:01:11,405:INFO:              joblib: 1.3.2
2026-10-07 18:01:11,405:INFO:             sklearn: 1.4.2
2026-10-07 18:01:11,405:INFO:                pyod: 3.4.0
2026-10-07 18:01:11,405:INFO:            imblearn: 0.14.2
2026-10-07 18:01:11,405:INFO:   category_encoders: 2.7.0
2026-10-07 18:01:11,405:INFO:            lightgbm: 4.7.0
2026-10-07 18:01:11,405:INFO:               numba: 0.68.0
2026-10-07 18:01:11,405:INFO:            requests: 2.34.2
2026-10-07 18:01:11,405:INFO:          matplotlib: 3.7.5
2026-10-07 18:01:11,405:INFO:          scikitplot: 0.3.7
2026-10-07 18:01:11,405:INFO:         yellowbrick: 1.5
2026-10-07 18:01:11,405:INFO:              plotly: 6.9.0
2026-10-07 18:01:11,405:INFO:    plotly-resampler: Not installed
2026-10-07 18:01:11,405:INFO:             kaleido: 1.5.0
2026-10-07 18:01:11,405:INFO:           schemdraw: 0.15
2026-10-07 18:01:11,405:INFO:         statsmodels: 0.15.0
2026-10-07 18:01:11,405:INFO:              sktime: 0.26.0
2026-10-07 18:01:11,405:INFO:               tbats: 1.1.3
2026-10-07 18:01:11,405:INFO:            pmdarima: 2.0.4
2026-10-07 18:01:11,405:INFO:              psutil: 7.2.2
2026-10-07 18:01:11,405:INFO:          markupsafe: 3.0.4
2026-10-07 18:01:11,405:INFO:             pickle5: Not installed
2026-10-07 18:01:11,405:INFO:         cloudpickle: 3.1.2
2026-10-07 18:01:11,405:INFO:         deprecation: 2.1.0
2026-10-07 18:01:11,405:INFO:              xxhash: 4.0.1
2026-10-07 18:01:11,405:INFO:           wurlitzer: Not installed
2026-10-07 18:01:11,405:INFO:PyCaret optional dependencies:
2026-10-07 18:01:11,412:INFO:                shap: Not installed
2026-10-07 18:01:11,412:INFO:           interpret: Not installed
2026-10-07 18:01:11,412:INFO:                umap: Not installed
2026-10-07 18:01:11,412:INFO:     ydata_profiling: Not installed
2026-10-07 18:01:11,412:INFO:  explainerdashboard: Not installed
2026-10-07 18:01:11,412:INFO:             autoviz: Not installed
2026-10-07 18:01:11,412:INFO:           fairlearn: Not installed
2026-10-07 18:01:11,412:INFO:          deepchecks: Not installed
2026-10-07 18:01:11,412:INFO:             xgboost: Not installed
2026-10-07 18:01:11,412:INFO:            catboost: Not installed
2026-10-07 18:01:11,412:INFO:              kmodes: Not installed
2026-10-07 18:01:11,412:INFO:             mlxtend: Not installed
2026-10-07 18:01:11,412:INFO:       statsforecast: Not installed
2026-10-07 18:01:11,412:INFO:        tune_sklearn: Not installed
2026-10-07 18:01:11,412:INFO:                 ray: Not installed
2026-10-07 18:01:11,412:INFO:            hyperopt: Not installed
2026-10-07 18:01:11,412:INFO:              optuna: Not installed
2026-10-07 18:01:11,412:INFO:               skopt: Not installed
2026-10-07 18:01:11,412:INFO:              mlflow: Not installed
2026-10-07 18:01:11,412:INFO:              gradio: Not installed
2026-10-07 18:01:11,412:INFO:             fastapi: Not installed
2026-10-07 18:01:11,412:INFO:             uvicorn: Not installed
2026-10-07 18:01:11,412:INFO:              m2cgen: Not installed
2026-10-07 18:01:11,412:INFO:           evidently: Not installed
2026-10-07 18:01:11,412:INFO:               fugue: Not installed
2026-10-07 18:01:11,412:INFO:           streamlit: Not installed
2026-10-07 18:01:11,412:INFO:             prophet: Not installed
2026-10-07 18:01:11,412:INFO:None
2026-10-07 18:01:11,412:INFO:Set up data.
2026-10-07 18:01:11,425:INFO:Set up folding strategy.
2026-10-07 18:01:11,425:INFO:Set up train/test split.
2026-10-07 18:01:11,437:INFO:Set up index.
2026-10-07 18:01:11,438:INFO:Assigning column types.
2026-10-07 18:01:11,441:INFO:Engine successfully changes for model 'lr' to 'sklearn'.
2026-10-07 18:01:11,475:INFO:Engine for model 'knn' has not been set explicitly, hence returning None.
2026-10-07 18:01:11,479:INFO:Engine for model 'rbfsvm' has not been set explicitly, hence returning None.
2026-10-07 18:01:11,512:WARNING:
'xgboost' is a soft dependency and not included in the pycaret installation. Please run: `pip install xgboost` to install.
Alternately, you can install this by running `pip install pycaret[models]`
2026-10-07 18:01:11,512:WARNING:
'catboost' is a soft dependency and not included in the pycaret installation. Please run: `pip install catboost` to install.
Alternately, you can install this by running `pip install pycaret[models]`
2026-10-07 18:01:11,547:INFO:Engine for model 'knn' has not been set explicitly, hence returning None.
2026-10-07 18:01:11,548:INFO:Engine for model 'rbfsvm' has not been set explicitly, hence returning None.
2026-10-07 18:01:11,568:WARNING:
'xgboost' is a soft dependency and not included in the pycaret installation. Please run: `pip install xgboost` to install.
Alternately, you can install this by running `pip install pycaret[models]`
2026-10-07 18:01:11,569:WARNING:
'catboost' is a soft dependency and not included in the pycaret installation. Please run: `pip install catboost` to install.
Alternately, you can install this by running `pip install pycaret[models]`
2026-10-07 18:01:11,569:INFO:Engine successfully changes for model 'knn' to 'sklearn'.
2026-10-07 18:01:11,605:INFO:Engine for model 'rbfsvm' has not been set explicitly, hence returning None.
2026-10-07 18:01:11,627:WARNING:
'xgboost' is a soft dependency and not included in the pycaret installation. Please run: `pip install xgboost` to install.
Alternately, you can install this by running `pip install pycaret[models]`
2026-10-07 18:01:11,627:WARNING:
'catboost' is a soft dependency and not included in the pycaret installation. Please run: `pip install catboost` to install.
Alternately, you can install this by running `pip install pycaret[models]`
2026-10-07 18:01:11,662:INFO:Engine for model 'rbfsvm' has not been set explicitly, hence returning None.
2026-10-07 18:01:11,685:WARNING:
'xgboost' is a soft dependency and not included in the pycaret installation. Please run: `pip install xgboost` to install.
Alternately, you can install this by running `pip install pycaret[models]`
2026-10-07 18:01:11,685:WARNING:
'catboost' is a soft dependency and not included in the pycaret installation. Please run: `pip install catboost` to install.
Alternately, you can install this by running `pip install pycaret[models]`
2026-10-07 18:01:11,685:INFO:Engine successfully changes for model 'rbfsvm' to 'sklearn'.
2026-10-07 18:01:11,741:WARNING:
'xgboost' is a soft dependency and not included in the pycaret installation. Please run: `pip install xgboost` to install.
Alternately, you can install this by running `pip install pycaret[models]`
2026-10-07 18:01:11,741:WARNING:
'catboost' is a soft dependency and not included in the pycaret installation. Please run: `pip install catboost` to install.
Alternately, you can install this by running `pip install pycaret[models]`
2026-10-07 18:01:11,795:WARNING:
'xgboost' is a soft dependency and not included in the pycaret installation. Please run: `pip install xgboost` to install.
Alternately, you can install this by running `pip install pycaret[models]`
2026-10-07 18:01:11,795:WARNING:
'catboost' is a soft dependency and not included in the pycaret installation. Please run: `pip install catboost` to install.
Alternately, you can install this by running `pip install pycaret[models]`
2026-10-07 18:01:11,799:INFO:Preparing preprocessing pipeline...
2026-10-07 18:01:11,800:INFO:Set up simple imputation.
2026-10-07 18:01:11,804:INFO:Set up encoding of ordinal features.
2026-10-07 18:01:11,809:INFO:Set up encoding of categorical features.
2026-10-07 18:01:11,885:INFO:Finished creating preprocessing pipeline.
2026-10-07 18:01:11,948:INFO:Pipeline: Pipeline(memory=FastMemory(location=C:\Users\CM\AppData\Local\Temp\joblib),
         steps=[('numerical_imputer',
                 TransformerWrapper(exclude=None,
                                    include=['Age', 'StudyTimeWeekly',
                                             'Absences', 'GPA'],
                                    transformer=SimpleImputer(add_indicator=False,
                                                              copy=True,
                                                              fill_value=None,
                                                              keep_empty_features=False,
                                                              missing_values=nan,
                                                              strategy='mean'))),
                ('categorical_imputer',
                 Trans...
                                                               return_df=True,
                                                               verbose=0))),
                ('onehot_encoding',
                 TransformerWrapper(exclude=None,
                                    include=['Ethnicity', 'ParentalEducation',
                                             'ParentalSupport'],
                                    transformer=OneHotEncoder(cols=['Ethnicity',
                                                                    'ParentalEducation',
                                                                    'ParentalSupport'],
                                                              drop_invariant=False,
                                                              handle_missing='return_nan',
                                                              handle_unknown='value',
                                                              return_df=True,
                                                              use_cat_names=True,
                                                              verbose=0)))],
         verbose=False)
2026-10-07 18:01:11,948:INFO:Creating final display dataframe.
2026-10-07 18:01:12,125:INFO:Setup _display_container:                     Description             Value
0                    Session id               123
1                        Target        GradeClass
2                   Target type        Multiclass
3           Original data shape        (2392, 15)
4        Transformed data shape        (2392, 25)
5   Transformed train set shape        (1674, 25)
6    Transformed test set shape         (718, 25)
7               Ignore features                 1
8              Numeric features                 4
9          Categorical features                 9
10                   Preprocess              True
11              Imputation type            simple
12           Numeric imputation              mean
13       Categorical imputation              mode
14     Maximum one-hot encoding                25
15              Encoding method              None
16               Fold Generator   StratifiedKFold
17                  Fold Number                10
18                     CPU Jobs                -1
19                      Use GPU             False
20               Log Experiment             False
21              Experiment Name  clf-default-name
22                          USI              cd07
2026-10-07 18:01:12,184:WARNING:
'xgboost' is a soft dependency and not included in the pycaret installation. Please run: `pip install xgboost` to install.
Alternately, you can install this by running `pip install pycaret[models]`
2026-10-07 18:01:12,184:WARNING:
'catboost' is a soft dependency and not included in the pycaret installation. Please run: `pip install catboost` to install.
Alternately, you can install this by running `pip install pycaret[models]`
2026-10-07 18:01:12,247:WARNING:
'xgboost' is a soft dependency and not included in the pycaret installation. Please run: `pip install xgboost` to install.
Alternately, you can install this by running `pip install pycaret[models]`
2026-10-07 18:01:12,247:WARNING:
'catboost' is a soft dependency and not included in the pycaret installation. Please run: `pip install catboost` to install.
Alternately, you can install this by running `pip install pycaret[models]`
2026-10-07 18:01:12,248:INFO:setup() successfully completed in 1.31s...............
2026-10-07 18:01:12,248:INFO:Initializing compare_models()
2026-10-07 18:01:12,248:INFO:compare_models(self=<pycaret.classification.oop.ClassificationExperiment object at 0x000001AF368A6E10>, include=None, exclude=None, fold=None, round=4, cross_validation=True, sort=Accuracy, n_select=1, budget_time=None, turbo=True, errors=ignore, fit_kwargs=None, groups=None, experiment_custom_tags=None, probability_threshold=None, verbose=True, parallel=None, caller_params={'self': <pycaret.classification.oop.ClassificationExperiment object at 0x000001AF368A6E10>, 'include': None, 'exclude': None, 'fold': None, 'round': 4, 'cross_validation': True, 'sort': 'Accuracy', 'n_select': 1, 'budget_time': None, 'turbo': True, 'errors': 'ignore', 'fit_kwargs': None, 'groups': None, 'experiment_custom_tags': None, 'probability_threshold': None, 'engine': None, 'verbose': True, 'parallel': None, '__class__': <class 'pycaret.classification.oop.ClassificationExperiment'>})
2026-10-07 18:01:12,248:INFO:Checking exceptions
2026-10-07 18:01:12,252:INFO:Preparing display monitor
2026-10-07 18:01:12,257:INFO:Initializing Logistic Regression
2026-10-07 18:01:12,257:INFO:Total runtime is 0.0 minutes
2026-10-07 18:01:12,257:INFO:SubProcess create_model() called ==================================
2026-10-07 18:01:12,259:INFO:Initializing create_model()
2026-10-07 18:01:12,259:INFO:create_model(self=<pycaret.classification.oop.ClassificationExperiment object at 0x000001AF368A6E10>, estimator=lr, fold=StratifiedKFold(n_splits=10, random_state=None, shuffle=False), round=4, cross_validation=True, predict=True, fit_kwargs={}, groups=None, refit=False, probability_threshold=None, experiment_custom_tags=None, verbose=False, system=False, add_to_model_list=True, metrics=None, display=<pycaret.internal.display.display.CommonDisplay object at 0x000001AF3D096290>, model_only=True, return_train_score=False, error_score=0.0, kwargs={})
2026-10-07 18:01:12,259:INFO:Checking exceptions
2026-10-07 18:01:12,259:INFO:Importing libraries
2026-10-07 18:01:12,259:INFO:Copying training dataset
2026-10-07 18:01:12,263:INFO:Defining folds
2026-10-07 18:01:12,263:INFO:Declaring metric variables
2026-10-07 18:01:12,263:INFO:Importing untrained model
2026-10-07 18:01:12,263:INFO:Logistic Regression Imported successfully
2026-10-07 18:01:12,263:INFO:Starting cross validation
2026-10-07 18:01:12,265:INFO:Cross validating with StratifiedKFold(n_splits=10, random_state=None, shuffle=False), n_jobs=-1
2026-10-07 18:01:19,592:WARNING:D:\AI Engineering\FastAPI\model AI\.venv\Lib\site-packages\_distutils_hack\__init__.py:33: UserWarning: Setuptools is replacing distutils.
  warnings.warn("Setuptools is replacing distutils.")

2026-10-07 18:01:19,594:WARNING:D:\AI Engineering\FastAPI\model AI\.venv\Lib\site-packages\_distutils_hack\__init__.py:33: UserWarning: Setuptools is replacing distutils.
  warnings.warn("Setuptools is replacing distutils.")

2026-10-07 18:01:19,605:WARNING:D:\AI Engineering\FastAPI\model AI\.venv\Lib\site-packages\_distutils_hack\__init__.py:33: UserWarning: Setuptools is replacing distutils.
  warnings.warn("Setuptools is replacing distutils.")

2026-10-07 18:01:19,608:WARNING:D:\AI Engineering\FastAPI\model AI\.venv\Lib\site-packages\_distutils_hack\__init__.py:33: UserWarning: Setuptools is replacing distutils.
  warnings.warn("Setuptools is replacing distutils.")

2026-10-07 18:01:19,612:WARNING:D:\AI Engineering\FastAPI\model AI\.venv\Lib\site-packages\_distutils_hack\__init__.py:33: UserWarning: Setuptools is replacing distutils.
  warnings.warn("Setuptools is replacing distutils.")

2026-10-07 18:01:19,620:WARNING:D:\AI Engineering\FastAPI\model AI\.venv\Lib\site-packages\_distutils_hack\__init__.py:33: UserWarning: Setuptools is replacing distutils.
  warnings.warn("Setuptools is replacing distutils.")

2026-10-07 18:01:19,622:WARNING:D:\AI Engineering\FastAPI\model AI\.venv\Lib\site-packages\_distutils_hack\__init__.py:33: UserWarning: Setuptools is replacing distutils.
  warnings.warn("Setuptools is replacing distutils.")

2026-10-07 18:01:19,623:WARNING:D:\AI Engineering\FastAPI\model AI\.venv\Lib\site-packages\_distutils_hack\__init__.py:33: UserWarning: Setuptools is replacing distutils.
  warnings.warn("Setuptools is replacing distutils.")

2026-10-07 18:01:19,628:WARNING:D:\AI Engineering\FastAPI\model AI\.venv\Lib\site-packages\_distutils_hack\__init__.py:33: UserWarning: Setuptools is replacing distutils.
  warnings.warn("Setuptools is replacing distutils.")

2026-10-07 18:01:19,629:WARNING:D:\AI Engineering\FastAPI\model AI\.venv\Lib\site-packages\_distutils_hack\__init__.py:33: UserWarning: Setuptools is replacing distutils.
  warnings.warn("Setuptools is replacing distutils.")

2026-10-07 18:01:20,396:WARNING:D:\AI Engineering\FastAPI\model AI\.venv\Lib\site-packages\sklearn\linear_model\_logistic.py:469: ConvergenceWarning: lbfgs failed to converge (status=1):
STOP: TOTAL NO. of ITERATIONS REACHED LIMIT.

Increase the number of iterations (max_iter) or scale the data as shown in:
    https://scikit-learn.org/stable/modules/preprocessing.html
Please also refer to the documentation for alternative solver options:
    https://scikit-learn.org/stable/modules/linear_model.html#logistic-regression
  n_iter_i = _check_optimize_result(

2026-10-07 18:01:20,411:WARNING:D:\AI Engineering\FastAPI\model AI\.venv\Lib\site-packages\sklearn\linear_model\_logistic.py:469: ConvergenceWarning: lbfgs failed to converge (status=1):
STOP: TOTAL NO. of ITERATIONS REACHED LIMIT.

Increase the number of iterations (max_iter) or scale the data as shown in:
    https://scikit-learn.org/stable/modules/preprocessing.html
Please also refer to the documentation for alternative solver options:
    https://scikit-learn.org/stable/modules/linear_model.html#logistic-regression
  n_iter_i = _check_optimize_result(

2026-10-07 18:01:20,417:WARNING:D:\AI Engineering\FastAPI\model AI\.venv\Lib\site-packages\sklearn\linear_model\_logistic.py:469: ConvergenceWarning: lbfgs failed to converge (status=1):
STOP: TOTAL NO. of ITERATIONS REACHED LIMIT.

Increase the number of iterations (max_iter) or scale the data as shown in:
    https://scikit-learn.org/stable/modules/preprocessing.html
Please also refer to the documentation for alternative solver options:
    https://scikit-learn.org/stable/modules/linear_model.html#logistic-regression
  n_iter_i = _check_optimize_result(

2026-10-07 18:01:20,446:WARNING:D:\AI Engineering\FastAPI\model AI\.venv\Lib\site-packages\sklearn\linear_model\_logistic.py:469: ConvergenceWarning: lbfgs failed to converge (status=1):
STOP: TOTAL NO. of ITERATIONS REACHED LIMIT.

Increase the number of iterations (max_iter) or scale the data as shown in:
    https://scikit-learn.org/stable/modules/preprocessing.html
Please also refer to the documentation for alternative solver options:
    https://scikit-learn.org/stable/modules/linear_model.html#logistic-regression
  n_iter_i = _check_optimize_result(

2026-10-07 18:01:20,454:WARNING:D:\AI Engineering\FastAPI\model AI\.venv\Lib\site-packages\sklearn\linear_model\_logistic.py:469: ConvergenceWarning: lbfgs failed to converge (status=1):
STOP: TOTAL NO. of ITERATIONS REACHED LIMIT.

Increase the number of iterations (max_iter) or scale the data as shown in:
    https://scikit-learn.org/stable/modules/preprocessing.html
Please also refer to the documentation for alternative solver options:
    https://scikit-learn.org/stable/modules/linear_model.html#logistic-regression
  n_iter_i = _check_optimize_result(

2026-10-07 18:01:20,459:WARNING:D:\AI Engineering\FastAPI\model AI\.venv\Lib\site-packages\sklearn\linear_model\_logistic.py:469: ConvergenceWarning: lbfgs failed to converge (status=1):
STOP: TOTAL NO. of ITERATIONS REACHED LIMIT.

Increase the number of iterations (max_iter) or scale the data as shown in:
    https://scikit-learn.org/stable/modules/preprocessing.html
Please also refer to the documentation for alternative solver options:
    https://scikit-learn.org/stable/modules/linear_model.html#logistic-regression
  n_iter_i = _check_optimize_result(

2026-10-07 18:01:20,467:WARNING:D:\AI Engineering\FastAPI\model AI\.venv\Lib\site-packages\pycaret\internal\metrics.py:204: FitFailedWarning: Metric 'make_scorer(roc_auc_score, response_method=('decision_function', 'predict_proba'), average=weighted, multi_class=ovr)' failed and error score 0.0 has been returned instead. If this is a custom metric, this usually means that the error is in the metric code. Full exception below:
Traceback (most recent call last):
  File "D:\AI Engineering\FastAPI\model AI\.venv\Lib\site-packages\pycaret\internal\metrics.py", line 196, in _score
    return super()._score(
           ^^^^^^^^^^^^^^^
  File "D:\AI Engineering\FastAPI\model AI\.venv\Lib\site-packages\sklearn\metrics\_scorer.py", line 350, in _score
    return self._sign * self._score_func(y_true, y_pred, **scoring_kwargs)
                        ^^^^^^^^^^^^^^^^^^^^^^^^^^^^^^^^^^^^^^^^^^^^^^^^^^
  File "D:\AI Engineering\FastAPI\model AI\.venv\Lib\site-packages\pycaret\internal\metrics.py", line 144, in __call__
    return self.score_func(y_true, y_pred, **kwargs)
           ^^^^^^^^^^^^^^^^^^^^^^^^^^^^^^^^^^^^^^^^^
  File "D:\AI Engineering\FastAPI\model AI\.venv\Lib\site-packages\sklearn\utils\_param_validation.py", line 213, in wrapper
    return func(*args, **kwargs)
           ^^^^^^^^^^^^^^^^^^^^^
  File "D:\AI Engineering\FastAPI\model AI\.venv\Lib\site-packages\sklearn\metrics\_ranking.py", line 634, in roc_auc_score
    return _multiclass_roc_auc_score(
           ^^^^^^^^^^^^^^^^^^^^^^^^^^
  File "D:\AI Engineering\FastAPI\model AI\.venv\Lib\site-packages\sklearn\metrics\_ranking.py", line 707, in _multiclass_roc_auc_score
    raise ValueError(
ValueError: Target scores need to be probabilities for multiclass roc_auc, i.e. they should sum up to 1.0 over classes

  warnings.warn(

2026-10-07 18:01:20,479:WARNING:D:\AI Engineering\FastAPI\model AI\.venv\Lib\site-packages\pycaret\internal\metrics.py:204: FitFailedWarning: Metric 'make_scorer(roc_auc_score, response_method=('decision_function', 'predict_proba'), average=weighted, multi_class=ovr)' failed and error score 0.0 has been returned instead. If this is a custom metric, this usually means that the error is in the metric code. Full exception below:
Traceback (most recent call last):
  File "D:\AI Engineering\FastAPI\model AI\.venv\Lib\site-packages\pycaret\internal\metrics.py", line 196, in _score
    return super()._score(
           ^^^^^^^^^^^^^^^
  File "D:\AI Engineering\FastAPI\model AI\.venv\Lib\site-packages\sklearn\metrics\_scorer.py", line 350, in _score
    return self._sign * self._score_func(y_true, y_pred, **scoring_kwargs)
                        ^^^^^^^^^^^^^^^^^^^^^^^^^^^^^^^^^^^^^^^^^^^^^^^^^^
  File "D:\AI Engineering\FastAPI\model AI\.venv\Lib\site-packages\pycaret\internal\metrics.py", line 144, in __call__
    return self.score_func(y_true, y_pred, **kwargs)
           ^^^^^^^^^^^^^^^^^^^^^^^^^^^^^^^^^^^^^^^^^
  File "D:\AI Engineering\FastAPI\model AI\.venv\Lib\site-packages\sklearn\utils\_param_validation.py", line 213, in wrapper
    return func(*args, **kwargs)
           ^^^^^^^^^^^^^^^^^^^^^
  File "D:\AI Engineering\FastAPI\model AI\.venv\Lib\site-packages\sklearn\metrics\_ranking.py", line 634, in roc_auc_score
    return _multiclass_roc_auc_score(
           ^^^^^^^^^^^^^^^^^^^^^^^^^^
  File "D:\AI Engineering\FastAPI\model AI\.venv\Lib\site-packages\sklearn\metrics\_ranking.py", line 707, in _multiclass_roc_auc_score
    raise ValueError(
ValueError: Target scores need to be probabilities for multiclass roc_auc, i.e. they should sum up to 1.0 over classes

  warnings.warn(

2026-10-07 18:01:20,480:WARNING:D:\AI Engineering\FastAPI\model AI\.venv\Lib\site-packages\pycaret\internal\metrics.py:204: FitFailedWarning: Metric 'make_scorer(roc_auc_score, response_method=('decision_function', 'predict_proba'), average=weighted, multi_class=ovr)' failed and error score 0.0 has been returned instead. If this is a custom metric, this usually means that the error is in the metric code. Full exception below:
Traceback (most recent call last):
  File "D:\AI Engineering\FastAPI\model AI\.venv\Lib\site-packages\pycaret\internal\metrics.py", line 196, in _score
    return super()._score(
           ^^^^^^^^^^^^^^^
  File "D:\AI Engineering\FastAPI\model AI\.venv\Lib\site-packages\sklearn\metrics\_scorer.py", line 350, in _score
    return self._sign * self._score_func(y_true, y_pred, **scoring_kwargs)
                        ^^^^^^^^^^^^^^^^^^^^^^^^^^^^^^^^^^^^^^^^^^^^^^^^^^
  File "D:\AI Engineering\FastAPI\model AI\.venv\Lib\site-packages\pycaret\internal\metrics.py", line 144, in __call__
    return self.score_func(y_true, y_pred, **kwargs)
           ^^^^^^^^^^^^^^^^^^^^^^^^^^^^^^^^^^^^^^^^^
  File "D:\AI Engineering\FastAPI\model AI\.venv\Lib\site-packages\sklearn\utils\_param_validation.py", line 213, in wrapper
    return func(*args, **kwargs)
           ^^^^^^^^^^^^^^^^^^^^^
  File "D:\AI Engineering\FastAPI\model AI\.venv\Lib\site-packages\sklearn\metrics\_ranking.py", line 634, in roc_auc_score
    return _multiclass_roc_auc_score(
           ^^^^^^^^^^^^^^^^^^^^^^^^^^
  File "D:\AI Engineering\FastAPI\model AI\.venv\Lib\site-packages\sklearn\metrics\_ranking.py", line 707, in _multiclass_roc_auc_score
    raise ValueError(
ValueError: Target scores need to be probabilities for multiclass roc_auc, i.e. they should sum up to 1.0 over classes

  warnings.warn(

2026-10-07 18:01:20,504:WARNING:D:\AI Engineering\FastAPI\model AI\.venv\Lib\site-packages\sklearn\linear_model\_logistic.py:469: ConvergenceWarning: lbfgs failed to converge (status=1):
STOP: TOTAL NO. of ITERATIONS REACHED LIMIT.

Increase the number of iterations (max_iter) or scale the data as shown in:
    https://scikit-learn.org/stable/modules/preprocessing.html
Please also refer to the documentation for alternative solver options:
    https://scikit-learn.org/stable/modules/linear_model.html#logistic-regression
  n_iter_i = _check_optimize_result(

2026-10-07 18:01:20,504:WARNING:D:\AI Engineering\FastAPI\model AI\.venv\Lib\site-packages\sklearn\linear_model\_logistic.py:469: ConvergenceWarning: lbfgs failed to converge (status=1):
STOP: TOTAL NO. of ITERATIONS REACHED LIMIT.

Increase the number of iterations (max_iter) or scale the data as shown in:
    https://scikit-learn.org/stable/modules/preprocessing.html
Please also refer to the documentation for alternative solver options:
    https://scikit-learn.org/stable/modules/linear_model.html#logistic-regression
  n_iter_i = _check_optimize_result(

2026-10-07 18:01:20,507:WARNING:D:\AI Engineering\FastAPI\model AI\.venv\Lib\site-packages\pycaret\internal\metrics.py:204: FitFailedWarning: Metric 'make_scorer(roc_auc_score, response_method=('decision_function', 'predict_proba'), average=weighted, multi_class=ovr)' failed and error score 0.0 has been returned instead. If this is a custom metric, this usually means that the error is in the metric code. Full exception below:
Traceback (most recent call last):
  File "D:\AI Engineering\FastAPI\model AI\.venv\Lib\site-packages\pycaret\internal\metrics.py", line 196, in _score
    return super()._score(
           ^^^^^^^^^^^^^^^
  File "D:\AI Engineering\FastAPI\model AI\.venv\Lib\site-packages\sklearn\metrics\_scorer.py", line 350, in _score
    return self._sign * self._score_func(y_true, y_pred, **scoring_kwargs)
                        ^^^^^^^^^^^^^^^^^^^^^^^^^^^^^^^^^^^^^^^^^^^^^^^^^^
  File "D:\AI Engineering\FastAPI\model AI\.venv\Lib\site-packages\pycaret\internal\metrics.py", line 144, in __call__
    return self.score_func(y_true, y_pred, **kwargs)
           ^^^^^^^^^^^^^^^^^^^^^^^^^^^^^^^^^^^^^^^^^
  File "D:\AI Engineering\FastAPI\model AI\.venv\Lib\site-packages\sklearn\utils\_param_validation.py", line 213, in wrapper
    return func(*args, **kwargs)
           ^^^^^^^^^^^^^^^^^^^^^
  File "D:\AI Engineering\FastAPI\model AI\.venv\Lib\site-packages\sklearn\metrics\_ranking.py", line 634, in roc_auc_score
    return _multiclass_roc_auc_score(
           ^^^^^^^^^^^^^^^^^^^^^^^^^^
  File "D:\AI Engineering\FastAPI\model AI\.venv\Lib\site-packages\sklearn\metrics\_ranking.py", line 707, in _multiclass_roc_auc_score
    raise ValueError(
ValueError: Target scores need to be probabilities for multiclass roc_auc, i.e. they should sum up to 1.0 over classes

  warnings.warn(

2026-10-07 18:01:20,510:WARNING:D:\AI Engineering\FastAPI\model AI\.venv\Lib\site-packages\pycaret\internal\metrics.py:204: FitFailedWarning: Metric 'make_scorer(roc_auc_score, response_method=('decision_function', 'predict_proba'), average=weighted, multi_class=ovr)' failed and error score 0.0 has been returned instead. If this is a custom metric, this usually means that the error is in the metric code. Full exception below:
Traceback (most recent call last):
  File "D:\AI Engineering\FastAPI\model AI\.venv\Lib\site-packages\pycaret\internal\metrics.py", line 196, in _score
    return super()._score(
           ^^^^^^^^^^^^^^^
  File "D:\AI Engineering\FastAPI\model AI\.venv\Lib\site-packages\sklearn\metrics\_scorer.py", line 350, in _score
    return self._sign * self._score_func(y_true, y_pred, **scoring_kwargs)
                        ^^^^^^^^^^^^^^^^^^^^^^^^^^^^^^^^^^^^^^^^^^^^^^^^^^
  File "D:\AI Engineering\FastAPI\model AI\.venv\Lib\site-packages\pycaret\internal\metrics.py", line 144, in __call__
    return self.score_func(y_true, y_pred, **kwargs)
           ^^^^^^^^^^^^^^^^^^^^^^^^^^^^^^^^^^^^^^^^^
  File "D:\AI Engineering\FastAPI\model AI\.venv\Lib\site-packages\sklearn\utils\_param_validation.py", line 213, in wrapper
    return func(*args, **kwargs)
           ^^^^^^^^^^^^^^^^^^^^^
  File "D:\AI Engineering\FastAPI\model AI\.venv\Lib\site-packages\sklearn\metrics\_ranking.py", line 634, in roc_auc_score
    return _multiclass_roc_auc_score(
           ^^^^^^^^^^^^^^^^^^^^^^^^^^
  File "D:\AI Engineering\FastAPI\model AI\.venv\Lib\site-packages\sklearn\metrics\_ranking.py", line 707, in _multiclass_roc_auc_score
    raise ValueError(
ValueError: Target scores need to be probabilities for multiclass roc_auc, i.e. they should sum up to 1.0 over classes

  warnings.warn(

2026-10-07 18:01:20,515:WARNING:D:\AI Engineering\FastAPI\model AI\.venv\Lib\site-packages\sklearn\linear_model\_logistic.py:469: ConvergenceWarning: lbfgs failed to converge (status=1):
STOP: TOTAL NO. of ITERATIONS REACHED LIMIT.

Increase the number of iterations (max_iter) or scale the data as shown in:
    https://scikit-learn.org/stable/modules/preprocessing.html
Please also refer to the documentation for alternative solver options:
    https://scikit-learn.org/stable/modules/linear_model.html#logistic-regression
  n_iter_i = _check_optimize_result(

2026-10-07 18:01:20,517:WARNING:D:\AI Engineering\FastAPI\model AI\.venv\Lib\site-packages\pycaret\internal\metrics.py:204: FitFailedWarning: Metric 'make_scorer(roc_auc_score, response_method=('decision_function', 'predict_proba'), average=weighted, multi_class=ovr)' failed and error score 0.0 has been returned instead. If this is a custom metric, this usually means that the error is in the metric code. Full exception below:
Traceback (most recent call last):
  File "D:\AI Engineering\FastAPI\model AI\.venv\Lib\site-packages\pycaret\internal\metrics.py", line 196, in _score
    return super()._score(
           ^^^^^^^^^^^^^^^
  File "D:\AI Engineering\FastAPI\model AI\.venv\Lib\site-packages\sklearn\metrics\_scorer.py", line 350, in _score
    return self._sign * self._score_func(y_true, y_pred, **scoring_kwargs)
                        ^^^^^^^^^^^^^^^^^^^^^^^^^^^^^^^^^^^^^^^^^^^^^^^^^^
  File "D:\AI Engineering\FastAPI\model AI\.venv\Lib\site-packages\pycaret\internal\metrics.py", line 144, in __call__
    return self.score_func(y_true, y_pred, **kwargs)
           ^^^^^^^^^^^^^^^^^^^^^^^^^^^^^^^^^^^^^^^^^
  File "D:\AI Engineering\FastAPI\model AI\.venv\Lib\site-packages\sklearn\utils\_param_validation.py", line 213, in wrapper
    return func(*args, **kwargs)
           ^^^^^^^^^^^^^^^^^^^^^
  File "D:\AI Engineering\FastAPI\model AI\.venv\Lib\site-packages\sklearn\metrics\_ranking.py", line 634, in roc_auc_score
    return _multiclass_roc_auc_score(
           ^^^^^^^^^^^^^^^^^^^^^^^^^^
  File "D:\AI Engineering\FastAPI\model AI\.venv\Lib\site-packages\sklearn\metrics\_ranking.py", line 707, in _multiclass_roc_auc_score
    raise ValueError(
ValueError: Target scores need to be probabilities for multiclass roc_auc, i.e. they should sum up to 1.0 over classes

  warnings.warn(

2026-10-07 18:01:20,520:WARNING:D:\AI Engineering\FastAPI\model AI\.venv\Lib\site-packages\sklearn\linear_model\_logistic.py:469: ConvergenceWarning: lbfgs failed to converge (status=1):
STOP: TOTAL NO. of ITERATIONS REACHED LIMIT.

Increase the number of iterations (max_iter) or scale the data as shown in:
    https://scikit-learn.org/stable/modules/preprocessing.html
Please also refer to the documentation for alternative solver options:
    https://scikit-learn.org/stable/modules/linear_model.html#logistic-regression
  n_iter_i = _check_optimize_result(

2026-10-07 18:01:20,569:WARNING:D:\AI Engineering\FastAPI\model AI\.venv\Lib\site-packages\pycaret\internal\metrics.py:204: FitFailedWarning: Metric 'make_scorer(roc_auc_score, response_method=('decision_function', 'predict_proba'), average=weighted, multi_class=ovr)' failed and error score 0.0 has been returned instead. If this is a custom metric, this usually means that the error is in the metric code. Full exception below:
Traceback (most recent call last):
  File "D:\AI Engineering\FastAPI\model AI\.venv\Lib\site-packages\pycaret\internal\metrics.py", line 196, in _score
    return super()._score(
           ^^^^^^^^^^^^^^^
  File "D:\AI Engineering\FastAPI\model AI\.venv\Lib\site-packages\sklearn\metrics\_scorer.py", line 350, in _score
    return self._sign * self._score_func(y_true, y_pred, **scoring_kwargs)
                        ^^^^^^^^^^^^^^^^^^^^^^^^^^^^^^^^^^^^^^^^^^^^^^^^^^
  File "D:\AI Engineering\FastAPI\model AI\.venv\Lib\site-packages\pycaret\internal\metrics.py", line 144, in __call__
    return self.score_func(y_true, y_pred, **kwargs)
           ^^^^^^^^^^^^^^^^^^^^^^^^^^^^^^^^^^^^^^^^^
  File "D:\AI Engineering\FastAPI\model AI\.venv\Lib\site-packages\sklearn\utils\_param_validation.py", line 213, in wrapper
    return func(*args, **kwargs)
           ^^^^^^^^^^^^^^^^^^^^^
  File "D:\AI Engineering\FastAPI\model AI\.venv\Lib\site-packages\sklearn\metrics\_ranking.py", line 634, in roc_auc_score
    return _multiclass_roc_auc_score(
           ^^^^^^^^^^^^^^^^^^^^^^^^^^
  File "D:\AI Engineering\FastAPI\model AI\.venv\Lib\site-packages\sklearn\metrics\_ranking.py", line 707, in _multiclass_roc_auc_score
    raise ValueError(
ValueError: Target scores need to be probabilities for multiclass roc_auc, i.e. they should sum up to 1.0 over classes

  warnings.warn(

2026-10-07 18:01:20,569:WARNING:D:\AI Engineering\FastAPI\model AI\.venv\Lib\site-packages\pycaret\internal\metrics.py:204: FitFailedWarning: Metric 'make_scorer(roc_auc_score, response_method=('decision_function', 'predict_proba'), average=weighted, multi_class=ovr)' failed and error score 0.0 has been returned instead. If this is a custom metric, this usually means that the error is in the metric code. Full exception below:
Traceback (most recent call last):
  File "D:\AI Engineering\FastAPI\model AI\.venv\Lib\site-packages\pycaret\internal\metrics.py", line 196, in _score
    return super()._score(
           ^^^^^^^^^^^^^^^
  File "D:\AI Engineering\FastAPI\model AI\.venv\Lib\site-packages\sklearn\metrics\_scorer.py", line 350, in _score
    return self._sign * self._score_func(y_true, y_pred, **scoring_kwargs)
                        ^^^^^^^^^^^^^^^^^^^^^^^^^^^^^^^^^^^^^^^^^^^^^^^^^^
  File "D:\AI Engineering\FastAPI\model AI\.venv\Lib\site-packages\pycaret\internal\metrics.py", line 144, in __call__
    return self.score_func(y_true, y_pred, **kwargs)
           ^^^^^^^^^^^^^^^^^^^^^^^^^^^^^^^^^^^^^^^^^
  File "D:\AI Engineering\FastAPI\model AI\.venv\Lib\site-packages\sklearn\utils\_param_validation.py", line 213, in wrapper
    return func(*args, **kwargs)
           ^^^^^^^^^^^^^^^^^^^^^
  File "D:\AI Engineering\FastAPI\model AI\.venv\Lib\site-packages\sklearn\metrics\_ranking.py", line 634, in roc_auc_score
    return _multiclass_roc_auc_score(
           ^^^^^^^^^^^^^^^^^^^^^^^^^^
  File "D:\AI Engineering\FastAPI\model AI\.venv\Lib\site-packages\sklearn\metrics\_ranking.py", line 707, in _multiclass_roc_auc_score
    raise ValueError(
ValueError: Target scores need to be probabilities for multiclass roc_auc, i.e. they should sum up to 1.0 over classes

  warnings.warn(

2026-10-07 18:01:20,583:WARNING:D:\AI Engineering\FastAPI\model AI\.venv\Lib\site-packages\pycaret\internal\metrics.py:204: FitFailedWarning: Metric 'make_scorer(roc_auc_score, response_method=('decision_function', 'predict_proba'), average=weighted, multi_class=ovr)' failed and error score 0.0 has been returned instead. If this is a custom metric, this usually means that the error is in the metric code. Full exception below:
Traceback (most recent call last):
  File "D:\AI Engineering\FastAPI\model AI\.venv\Lib\site-packages\pycaret\internal\metrics.py", line 196, in _score
    return super()._score(
           ^^^^^^^^^^^^^^^
  File "D:\AI Engineering\FastAPI\model AI\.venv\Lib\site-packages\sklearn\metrics\_scorer.py", line 350, in _score
    return self._sign * self._score_func(y_true, y_pred, **scoring_kwargs)
                        ^^^^^^^^^^^^^^^^^^^^^^^^^^^^^^^^^^^^^^^^^^^^^^^^^^
  File "D:\AI Engineering\FastAPI\model AI\.venv\Lib\site-packages\pycaret\internal\metrics.py", line 144, in __call__
    return self.score_func(y_true, y_pred, **kwargs)
           ^^^^^^^^^^^^^^^^^^^^^^^^^^^^^^^^^^^^^^^^^
  File "D:\AI Engineering\FastAPI\model AI\.venv\Lib\site-packages\sklearn\utils\_param_validation.py", line 213, in wrapper
    return func(*args, **kwargs)
           ^^^^^^^^^^^^^^^^^^^^^
  File "D:\AI Engineering\FastAPI\model AI\.venv\Lib\site-packages\sklearn\metrics\_ranking.py", line 634, in roc_auc_score
    return _multiclass_roc_auc_score(
           ^^^^^^^^^^^^^^^^^^^^^^^^^^
  File "D:\AI Engineering\FastAPI\model AI\.venv\Lib\site-packages\sklearn\metrics\_ranking.py", line 707, in _multiclass_roc_auc_score
    raise ValueError(
ValueError: Target scores need to be probabilities for multiclass roc_auc, i.e. they should sum up to 1.0 over classes

  warnings.warn(

2026-10-07 18:01:20,586:WARNING:D:\AI Engineering\FastAPI\model AI\.venv\Lib\site-packages\pycaret\internal\metrics.py:204: FitFailedWarning: Metric 'make_scorer(roc_auc_score, response_method=('decision_function', 'predict_proba'), average=weighted, multi_class=ovr)' failed and error score 0.0 has been returned instead. If this is a custom metric, this usually means that the error is in the metric code. Full exception below:
Traceback (most recent call last):
  File "D:\AI Engineering\FastAPI\model AI\.venv\Lib\site-packages\pycaret\internal\metrics.py", line 196, in _score
    return super()._score(
           ^^^^^^^^^^^^^^^
  File "D:\AI Engineering\FastAPI\model AI\.venv\Lib\site-packages\sklearn\metrics\_scorer.py", line 350, in _score
    return self._sign * self._score_func(y_true, y_pred, **scoring_kwargs)
                        ^^^^^^^^^^^^^^^^^^^^^^^^^^^^^^^^^^^^^^^^^^^^^^^^^^
  File "D:\AI Engineering\FastAPI\model AI\.venv\Lib\site-packages\pycaret\internal\metrics.py", line 144, in __call__
    return self.score_func(y_true, y_pred, **kwargs)
           ^^^^^^^^^^^^^^^^^^^^^^^^^^^^^^^^^^^^^^^^^
  File "D:\AI Engineering\FastAPI\model AI\.venv\Lib\site-packages\sklearn\utils\_param_validation.py", line 213, in wrapper
    return func(*args, **kwargs)
           ^^^^^^^^^^^^^^^^^^^^^
  File "D:\AI Engineering\FastAPI\model AI\.venv\Lib\site-packages\sklearn\metrics\_ranking.py", line 634, in roc_auc_score
    return _multiclass_roc_auc_score(
           ^^^^^^^^^^^^^^^^^^^^^^^^^^
  File "D:\AI Engineering\FastAPI\model AI\.venv\Lib\site-packages\sklearn\metrics\_ranking.py", line 707, in _multiclass_roc_auc_score
    raise ValueError(
ValueError: Target scores need to be probabilities for multiclass roc_auc, i.e. they should sum up to 1.0 over classes

  warnings.warn(

2026-10-07 18:01:20,614:INFO:Calculating mean and std
2026-10-07 18:01:20,622:INFO:Creating metrics dataframe
2026-10-07 18:01:20,630:INFO:Uploading results into container
2026-10-07 18:01:20,631:INFO:Uploading model into container now
2026-10-07 18:01:20,633:INFO:_master_model_container: 1
2026-10-07 18:01:20,633:INFO:_display_container: 2
2026-10-07 18:01:20,636:INFO:LogisticRegression(C=1.0, class_weight=None, dual=False, fit_intercept=True,
                   intercept_scaling=1, l1_ratio=None, max_iter=1000,
                   multi_class='auto', n_jobs=None, penalty='l2',
                   random_state=123, solver='lbfgs', tol=0.0001, verbose=0,
                   warm_start=False)
2026-10-07 18:01:20,636:INFO:create_model() successfully completed......................................
2026-10-07 18:01:20,795:INFO:SubProcess create_model() end ==================================
2026-10-07 18:01:20,795:INFO:Creating metrics dataframe
2026-10-07 18:01:20,798:INFO:Initializing K Neighbors Classifier
2026-10-07 18:01:20,798:INFO:Total runtime is 0.14234666029612222 minutes
2026-10-07 18:01:20,798:INFO:SubProcess create_model() called ==================================
2026-10-07 18:01:20,798:INFO:Initializing create_model()
2026-10-07 18:01:20,799:INFO:create_model(self=<pycaret.classification.oop.ClassificationExperiment object at 0x000001AF368A6E10>, estimator=knn, fold=StratifiedKFold(n_splits=10, random_state=None, shuffle=False), round=4, cross_validation=True, predict=True, fit_kwargs={}, groups=None, refit=False, probability_threshold=None, experiment_custom_tags=None, verbose=False, system=False, add_to_model_list=True, metrics=None, display=<pycaret.internal.display.display.CommonDisplay object at 0x000001AF3D096290>, model_only=True, return_train_score=False, error_score=0.0, kwargs={})
2026-10-07 18:01:20,799:INFO:Checking exceptions
2026-10-07 18:01:20,799:INFO:Importing libraries
2026-10-07 18:01:20,799:INFO:Copying training dataset
2026-10-07 18:01:20,803:INFO:Defining folds
2026-10-07 18:01:20,803:INFO:Declaring metric variables
2026-10-07 18:01:20,804:INFO:Importing untrained model
2026-10-07 18:01:20,804:INFO:K Neighbors Classifier Imported successfully
2026-10-07 18:01:20,804:INFO:Starting cross validation
2026-10-07 18:01:20,805:INFO:Cross validating with StratifiedKFold(n_splits=10, random_state=None, shuffle=False), n_jobs=-1
2026-10-07 18:01:25,017:WARNING:D:\AI Engineering\FastAPI\model AI\.venv\Lib\site-packages\_distutils_hack\__init__.py:33: UserWarning: Setuptools is replacing distutils.
  warnings.warn("Setuptools is replacing distutils.")

2026-10-07 18:01:25,224:INFO:Calculating mean and std
2026-10-07 18:01:25,225:INFO:Creating metrics dataframe
2026-10-07 18:01:25,228:INFO:Uploading results into container
2026-10-07 18:01:25,228:INFO:Uploading model into container now
2026-10-07 18:01:25,228:INFO:_master_model_container: 2
2026-10-07 18:01:25,228:INFO:_display_container: 2
2026-10-07 18:01:25,228:INFO:KNeighborsClassifier(algorithm='auto', leaf_size=30, metric='minkowski',
                     metric_params=None, n_jobs=-1, n_neighbors=5, p=2,
                     weights='uniform')
2026-10-07 18:01:25,229:INFO:create_model() successfully completed......................................
2026-10-07 18:01:25,313:INFO:SubProcess create_model() end ==================================
2026-10-07 18:01:25,314:INFO:Creating metrics dataframe
2026-10-07 18:01:25,316:INFO:Initializing Naive Bayes
2026-10-07 18:01:25,316:INFO:Total runtime is 0.21765237251917519 minutes
2026-10-07 18:01:25,316:INFO:SubProcess create_model() called ==================================
2026-10-07 18:01:25,316:INFO:Initializing create_model()
2026-10-07 18:01:25,316:INFO:create_model(self=<pycaret.classification.oop.ClassificationExperiment object at 0x000001AF368A6E10>, estimator=nb, fold=StratifiedKFold(n_splits=10, random_state=None, shuffle=False), round=4, cross_validation=True, predict=True, fit_kwargs={}, groups=None, refit=False, probability_threshold=None, experiment_custom_tags=None, verbose=False, system=False, add_to_model_list=True, metrics=None, display=<pycaret.internal.display.display.CommonDisplay object at 0x000001AF3D096290>, model_only=True, return_train_score=False, error_score=0.0, kwargs={})
2026-10-07 18:01:25,316:INFO:Checking exceptions
2026-10-07 18:01:25,316:INFO:Importing libraries
2026-10-07 18:01:25,316:INFO:Copying training dataset
2026-10-07 18:01:25,320:INFO:Defining folds
2026-10-07 18:01:25,320:INFO:Declaring metric variables
2026-10-07 18:01:25,320:INFO:Importing untrained model
2026-10-07 18:01:25,320:INFO:Naive Bayes Imported successfully
2026-10-07 18:01:25,320:INFO:Starting cross validation
2026-10-07 18:01:25,322:INFO:Cross validating with StratifiedKFold(n_splits=10, random_state=None, shuffle=False), n_jobs=-1
2026-10-07 18:01:25,529:WARNING:D:\AI Engineering\FastAPI\model AI\.venv\Lib\site-packages\sklearn\metrics\_classification.py:1509: UndefinedMetricWarning: Precision is ill-defined and being set to 0.0 in labels with no predicted samples. Use `zero_division` parameter to control this behavior.
  _warn_prf(average, modifier, f"{metric.capitalize()} is", len(result))

2026-10-07 18:01:25,529:WARNING:D:\AI Engineering\FastAPI\model AI\.venv\Lib\site-packages\sklearn\metrics\_classification.py:1509: UndefinedMetricWarning: Precision is ill-defined and being set to 0.0 in labels with no predicted samples. Use `zero_division` parameter to control this behavior.
  _warn_prf(average, modifier, f"{metric.capitalize()} is", len(result))

2026-10-07 18:01:25,532:WARNING:D:\AI Engineering\FastAPI\model AI\.venv\Lib\site-packages\sklearn\metrics\_classification.py:1509: UndefinedMetricWarning: Precision is ill-defined and being set to 0.0 in labels with no predicted samples. Use `zero_division` parameter to control this behavior.
  _warn_prf(average, modifier, f"{metric.capitalize()} is", len(result))

2026-10-07 18:01:25,532:WARNING:D:\AI Engineering\FastAPI\model AI\.venv\Lib\site-packages\sklearn\metrics\_classification.py:1509: UndefinedMetricWarning: Precision is ill-defined and being set to 0.0 in labels with no predicted samples. Use `zero_division` parameter to control this behavior.
  _warn_prf(average, modifier, f"{metric.capitalize()} is", len(result))

2026-10-07 18:01:25,534:WARNING:D:\AI Engineering\FastAPI\model AI\.venv\Lib\site-packages\sklearn\metrics\_classification.py:1509: UndefinedMetricWarning: Precision is ill-defined and being set to 0.0 in labels with no predicted samples. Use `zero_division` parameter to control this behavior.
  _warn_prf(average, modifier, f"{metric.capitalize()} is", len(result))

2026-10-07 18:01:25,539:WARNING:D:\AI Engineering\FastAPI\model AI\.venv\Lib\site-packages\sklearn\metrics\_classification.py:1509: UndefinedMetricWarning: Precision is ill-defined and being set to 0.0 in labels with no predicted samples. Use `zero_division` parameter to control this behavior.
  _warn_prf(average, modifier, f"{metric.capitalize()} is", len(result))

2026-10-07 18:01:25,543:WARNING:D:\AI Engineering\FastAPI\model AI\.venv\Lib\site-packages\sklearn\metrics\_classification.py:1509: UndefinedMetricWarning: Precision is ill-defined and being set to 0.0 in labels with no predicted samples. Use `zero_division` parameter to control this behavior.
  _warn_prf(average, modifier, f"{metric.capitalize()} is", len(result))

2026-10-07 18:01:25,544:WARNING:D:\AI Engineering\FastAPI\model AI\.venv\Lib\site-packages\sklearn\metrics\_classification.py:1509: UndefinedMetricWarning: Precision is ill-defined and being set to 0.0 in labels with no predicted samples. Use `zero_division` parameter to control this behavior.
  _warn_prf(average, modifier, f"{metric.capitalize()} is", len(result))

2026-10-07 18:01:25,548:WARNING:D:\AI Engineering\FastAPI\model AI\.venv\Lib\site-packages\sklearn\metrics\_classification.py:1509: UndefinedMetricWarning: Precision is ill-defined and being set to 0.0 in labels with no predicted samples. Use `zero_division` parameter to control this behavior.
  _warn_prf(average, modifier, f"{metric.capitalize()} is", len(result))

2026-10-07 18:01:25,562:INFO:Calculating mean and std
2026-10-07 18:01:25,562:INFO:Creating metrics dataframe
2026-10-07 18:01:25,564:INFO:Uploading results into container
2026-10-07 18:01:25,564:INFO:Uploading model into container now
2026-10-07 18:01:25,564:INFO:_master_model_container: 3
2026-10-07 18:01:25,564:INFO:_display_container: 2
2026-10-07 18:01:25,565:INFO:GaussianNB(priors=None, var_smoothing=1e-09)
2026-10-07 18:01:25,565:INFO:create_model() successfully completed......................................
2026-10-07 18:01:25,630:INFO:SubProcess create_model() end ==================================
2026-10-07 18:01:25,630:INFO:Creating metrics dataframe
2026-10-07 18:01:25,632:INFO:Initializing Decision Tree Classifier
2026-10-07 18:01:25,632:INFO:Total runtime is 0.22290526231129962 minutes
2026-10-07 18:01:25,632:INFO:SubProcess create_model() called ==================================
2026-10-07 18:01:25,632:INFO:Initializing create_model()
2026-10-07 18:01:25,632:INFO:create_model(self=<pycaret.classification.oop.ClassificationExperiment object at 0x000001AF368A6E10>, estimator=dt, fold=StratifiedKFold(n_splits=10, random_state=None, shuffle=False), round=4, cross_validation=True, predict=True, fit_kwargs={}, groups=None, refit=False, probability_threshold=None, experiment_custom_tags=None, verbose=False, system=False, add_to_model_list=True, metrics=None, display=<pycaret.internal.display.display.CommonDisplay object at 0x000001AF3D096290>, model_only=True, return_train_score=False, error_score=0.0, kwargs={})
2026-10-07 18:01:25,633:INFO:Checking exceptions
2026-10-07 18:01:25,633:INFO:Importing libraries
2026-10-07 18:01:25,633:INFO:Copying training dataset
2026-10-07 18:01:25,635:INFO:Defining folds
2026-10-07 18:01:25,635:INFO:Declaring metric variables
2026-10-07 18:01:25,635:INFO:Importing untrained model
2026-10-07 18:01:25,636:INFO:Decision Tree Classifier Imported successfully
2026-10-07 18:01:25,636:INFO:Starting cross validation
2026-10-07 18:01:25,637:INFO:Cross validating with StratifiedKFold(n_splits=10, random_state=None, shuffle=False), n_jobs=-1
2026-10-07 18:01:25,889:INFO:Calculating mean and std
2026-10-07 18:01:25,889:INFO:Creating metrics dataframe
2026-10-07 18:01:25,891:INFO:Uploading results into container
2026-10-07 18:01:25,891:INFO:Uploading model into container now
2026-10-07 18:01:25,891:INFO:_master_model_container: 4
2026-10-07 18:01:25,891:INFO:_display_container: 2
2026-10-07 18:01:25,892:INFO:DecisionTreeClassifier(ccp_alpha=0.0, class_weight=None, criterion='gini',
                       max_depth=None, max_features=None, max_leaf_nodes=None,
                       min_impurity_decrease=0.0, min_samples_leaf=1,
                       min_samples_split=2, min_weight_fraction_leaf=0.0,
                       monotonic_cst=None, random_state=123, splitter='best')
2026-10-07 18:01:25,892:INFO:create_model() successfully completed......................................
2026-10-07 18:01:25,954:INFO:SubProcess create_model() end ==================================
2026-10-07 18:01:25,955:INFO:Creating metrics dataframe
2026-10-07 18:01:25,957:INFO:Initializing SVM - Linear Kernel
2026-10-07 18:01:25,957:INFO:Total runtime is 0.22833008766174315 minutes
2026-10-07 18:01:25,957:INFO:SubProcess create_model() called ==================================
2026-10-07 18:01:25,957:INFO:Initializing create_model()
2026-10-07 18:01:25,957:INFO:create_model(self=<pycaret.classification.oop.ClassificationExperiment object at 0x000001AF368A6E10>, estimator=svm, fold=StratifiedKFold(n_splits=10, random_state=None, shuffle=False), round=4, cross_validation=True, predict=True, fit_kwargs={}, groups=None, refit=False, probability_threshold=None, experiment_custom_tags=None, verbose=False, system=False, add_to_model_list=True, metrics=None, display=<pycaret.internal.display.display.CommonDisplay object at 0x000001AF3D096290>, model_only=True, return_train_score=False, error_score=0.0, kwargs={})
2026-10-07 18:01:25,957:INFO:Checking exceptions
2026-10-07 18:01:25,957:INFO:Importing libraries
2026-10-07 18:01:25,957:INFO:Copying training dataset
2026-10-07 18:01:25,961:INFO:Defining folds
2026-10-07 18:01:25,961:INFO:Declaring metric variables
2026-10-07 18:01:25,961:INFO:Importing untrained model
2026-10-07 18:01:25,961:INFO:SVM - Linear Kernel Imported successfully
2026-10-07 18:01:25,961:INFO:Starting cross validation
2026-10-07 18:01:25,962:INFO:Cross validating with StratifiedKFold(n_splits=10, random_state=None, shuffle=False), n_jobs=-1
2026-10-07 18:01:26,320:WARNING:D:\AI Engineering\FastAPI\model AI\.venv\Lib\site-packages\pycaret\internal\metrics.py:204: FitFailedWarning: Metric 'make_scorer(roc_auc_score, response_method=('decision_function', 'predict_proba'), average=weighted, multi_class=ovr)' failed and error score 0.0 has been returned instead. If this is a custom metric, this usually means that the error is in the metric code. Full exception below:
Traceback (most recent call last):
  File "D:\AI Engineering\FastAPI\model AI\.venv\Lib\site-packages\pycaret\internal\metrics.py", line 196, in _score
    return super()._score(
           ^^^^^^^^^^^^^^^
  File "D:\AI Engineering\FastAPI\model AI\.venv\Lib\site-packages\sklearn\metrics\_scorer.py", line 350, in _score
    return self._sign * self._score_func(y_true, y_pred, **scoring_kwargs)
                        ^^^^^^^^^^^^^^^^^^^^^^^^^^^^^^^^^^^^^^^^^^^^^^^^^^
  File "D:\AI Engineering\FastAPI\model AI\.venv\Lib\site-packages\pycaret\internal\metrics.py", line 144, in __call__
    return self.score_func(y_true, y_pred, **kwargs)
           ^^^^^^^^^^^^^^^^^^^^^^^^^^^^^^^^^^^^^^^^^
  File "D:\AI Engineering\FastAPI\model AI\.venv\Lib\site-packages\sklearn\utils\_param_validation.py", line 213, in wrapper
    return func(*args, **kwargs)
           ^^^^^^^^^^^^^^^^^^^^^
  File "D:\AI Engineering\FastAPI\model AI\.venv\Lib\site-packages\sklearn\metrics\_ranking.py", line 634, in roc_auc_score
    return _multiclass_roc_auc_score(
           ^^^^^^^^^^^^^^^^^^^^^^^^^^
  File "D:\AI Engineering\FastAPI\model AI\.venv\Lib\site-packages\sklearn\metrics\_ranking.py", line 707, in _multiclass_roc_auc_score
    raise ValueError(
ValueError: Target scores need to be probabilities for multiclass roc_auc, i.e. they should sum up to 1.0 over classes

  warnings.warn(

2026-10-07 18:01:26,326:WARNING:D:\AI Engineering\FastAPI\model AI\.venv\Lib\site-packages\sklearn\metrics\_classification.py:1509: UndefinedMetricWarning: Precision is ill-defined and being set to 0.0 in labels with no predicted samples. Use `zero_division` parameter to control this behavior.
  _warn_prf(average, modifier, f"{metric.capitalize()} is", len(result))

2026-10-07 18:01:26,332:WARNING:D:\AI Engineering\FastAPI\model AI\.venv\Lib\site-packages\pycaret\internal\metrics.py:204: FitFailedWarning: Metric 'make_scorer(roc_auc_score, response_method=('decision_function', 'predict_proba'), average=weighted, multi_class=ovr)' failed and error score 0.0 has been returned instead. If this is a custom metric, this usually means that the error is in the metric code. Full exception below:
Traceback (most recent call last):
  File "D:\AI Engineering\FastAPI\model AI\.venv\Lib\site-packages\pycaret\internal\metrics.py", line 196, in _score
    return super()._score(
           ^^^^^^^^^^^^^^^
  File "D:\AI Engineering\FastAPI\model AI\.venv\Lib\site-packages\sklearn\metrics\_scorer.py", line 350, in _score
    return self._sign * self._score_func(y_true, y_pred, **scoring_kwargs)
                        ^^^^^^^^^^^^^^^^^^^^^^^^^^^^^^^^^^^^^^^^^^^^^^^^^^
  File "D:\AI Engineering\FastAPI\model AI\.venv\Lib\site-packages\pycaret\internal\metrics.py", line 144, in __call__
    return self.score_func(y_true, y_pred, **kwargs)
           ^^^^^^^^^^^^^^^^^^^^^^^^^^^^^^^^^^^^^^^^^
  File "D:\AI Engineering\FastAPI\model AI\.venv\Lib\site-packages\sklearn\utils\_param_validation.py", line 213, in wrapper
    return func(*args, **kwargs)
           ^^^^^^^^^^^^^^^^^^^^^
  File "D:\AI Engineering\FastAPI\model AI\.venv\Lib\site-packages\sklearn\metrics\_ranking.py", line 634, in roc_auc_score
    return _multiclass_roc_auc_score(
           ^^^^^^^^^^^^^^^^^^^^^^^^^^
  File "D:\AI Engineering\FastAPI\model AI\.venv\Lib\site-packages\sklearn\metrics\_ranking.py", line 707, in _multiclass_roc_auc_score
    raise ValueError(
ValueError: Target scores need to be probabilities for multiclass roc_auc, i.e. they should sum up to 1.0 over classes

  warnings.warn(

2026-10-07 18:01:26,332:WARNING:D:\AI Engineering\FastAPI\model AI\.venv\Lib\site-packages\pycaret\internal\metrics.py:204: FitFailedWarning: Metric 'make_scorer(roc_auc_score, response_method=('decision_function', 'predict_proba'), average=weighted, multi_class=ovr)' failed and error score 0.0 has been returned instead. If this is a custom metric, this usually means that the error is in the metric code. Full exception below:
Traceback (most recent call last):
  File "D:\AI Engineering\FastAPI\model AI\.venv\Lib\site-packages\pycaret\internal\metrics.py", line 196, in _score
    return super()._score(
           ^^^^^^^^^^^^^^^
  File "D:\AI Engineering\FastAPI\model AI\.venv\Lib\site-packages\sklearn\metrics\_scorer.py", line 350, in _score
    return self._sign * self._score_func(y_true, y_pred, **scoring_kwargs)
                        ^^^^^^^^^^^^^^^^^^^^^^^^^^^^^^^^^^^^^^^^^^^^^^^^^^
  File "D:\AI Engineering\FastAPI\model AI\.venv\Lib\site-packages\pycaret\internal\metrics.py", line 144, in __call__
    return self.score_func(y_true, y_pred, **kwargs)
           ^^^^^^^^^^^^^^^^^^^^^^^^^^^^^^^^^^^^^^^^^
  File "D:\AI Engineering\FastAPI\model AI\.venv\Lib\site-packages\sklearn\utils\_param_validation.py", line 213, in wrapper
    return func(*args, **kwargs)
           ^^^^^^^^^^^^^^^^^^^^^
  File "D:\AI Engineering\FastAPI\model AI\.venv\Lib\site-packages\sklearn\metrics\_ranking.py", line 634, in roc_auc_score
    return _multiclass_roc_auc_score(
           ^^^^^^^^^^^^^^^^^^^^^^^^^^
  File "D:\AI Engineering\FastAPI\model AI\.venv\Lib\site-packages\sklearn\metrics\_ranking.py", line 707, in _multiclass_roc_auc_score
    raise ValueError(
ValueError: Target scores need to be probabilities for multiclass roc_auc, i.e. they should sum up to 1.0 over classes

  warnings.warn(

2026-10-07 18:01:26,338:WARNING:D:\AI Engineering\FastAPI\model AI\.venv\Lib\site-packages\sklearn\metrics\_classification.py:1509: UndefinedMetricWarning: Precision is ill-defined and being set to 0.0 in labels with no predicted samples. Use `zero_division` parameter to control this behavior.
  _warn_prf(average, modifier, f"{metric.capitalize()} is", len(result))

2026-10-07 18:01:26,340:WARNING:D:\AI Engineering\FastAPI\model AI\.venv\Lib\site-packages\sklearn\metrics\_classification.py:1509: UndefinedMetricWarning: Precision is ill-defined and being set to 0.0 in labels with no predicted samples. Use `zero_division` parameter to control this behavior.
  _warn_prf(average, modifier, f"{metric.capitalize()} is", len(result))

2026-10-07 18:01:26,344:WARNING:D:\AI Engineering\FastAPI\model AI\.venv\Lib\site-packages\pycaret\internal\metrics.py:204: FitFailedWarning: Metric 'make_scorer(roc_auc_score, response_method=('decision_function', 'predict_proba'), average=weighted, multi_class=ovr)' failed and error score 0.0 has been returned instead. If this is a custom metric, this usually means that the error is in the metric code. Full exception below:
Traceback (most recent call last):
  File "D:\AI Engineering\FastAPI\model AI\.venv\Lib\site-packages\pycaret\internal\metrics.py", line 196, in _score
    return super()._score(
           ^^^^^^^^^^^^^^^
  File "D:\AI Engineering\FastAPI\model AI\.venv\Lib\site-packages\sklearn\metrics\_scorer.py", line 350, in _score
    return self._sign * self._score_func(y_true, y_pred, **scoring_kwargs)
                        ^^^^^^^^^^^^^^^^^^^^^^^^^^^^^^^^^^^^^^^^^^^^^^^^^^
  File "D:\AI Engineering\FastAPI\model AI\.venv\Lib\site-packages\pycaret\internal\metrics.py", line 144, in __call__
    return self.score_func(y_true, y_pred, **kwargs)
           ^^^^^^^^^^^^^^^^^^^^^^^^^^^^^^^^^^^^^^^^^
  File "D:\AI Engineering\FastAPI\model AI\.venv\Lib\site-packages\sklearn\utils\_param_validation.py", line 213, in wrapper
    return func(*args, **kwargs)
           ^^^^^^^^^^^^^^^^^^^^^
  File "D:\AI Engineering\FastAPI\model AI\.venv\Lib\site-packages\sklearn\metrics\_ranking.py", line 634, in roc_auc_score
    return _multiclass_roc_auc_score(
           ^^^^^^^^^^^^^^^^^^^^^^^^^^
  File "D:\AI Engineering\FastAPI\model AI\.venv\Lib\site-packages\sklearn\metrics\_ranking.py", line 707, in _multiclass_roc_auc_score
    raise ValueError(
ValueError: Target scores need to be probabilities for multiclass roc_auc, i.e. they should sum up to 1.0 over classes

  warnings.warn(

2026-10-07 18:01:26,347:WARNING:D:\AI Engineering\FastAPI\model AI\.venv\Lib\site-packages\pycaret\internal\metrics.py:204: FitFailedWarning: Metric 'make_scorer(roc_auc_score, response_method=('decision_function', 'predict_proba'), average=weighted, multi_class=ovr)' failed and error score 0.0 has been returned instead. If this is a custom metric, this usually means that the error is in the metric code. Full exception below:
Traceback (most recent call last):
  File "D:\AI Engineering\FastAPI\model AI\.venv\Lib\site-packages\pycaret\internal\metrics.py", line 196, in _score
    return super()._score(
           ^^^^^^^^^^^^^^^
  File "D:\AI Engineering\FastAPI\model AI\.venv\Lib\site-packages\sklearn\metrics\_scorer.py", line 350, in _score
    return self._sign * self._score_func(y_true, y_pred, **scoring_kwargs)
                        ^^^^^^^^^^^^^^^^^^^^^^^^^^^^^^^^^^^^^^^^^^^^^^^^^^
  File "D:\AI Engineering\FastAPI\model AI\.venv\Lib\site-packages\pycaret\internal\metrics.py", line 144, in __call__
    return self.score_func(y_true, y_pred, **kwargs)
           ^^^^^^^^^^^^^^^^^^^^^^^^^^^^^^^^^^^^^^^^^
  File "D:\AI Engineering\FastAPI\model AI\.venv\Lib\site-packages\sklearn\utils\_param_validation.py", line 213, in wrapper
    return func(*args, **kwargs)
           ^^^^^^^^^^^^^^^^^^^^^
  File "D:\AI Engineering\FastAPI\model AI\.venv\Lib\site-packages\sklearn\metrics\_ranking.py", line 634, in roc_auc_score
    return _multiclass_roc_auc_score(
           ^^^^^^^^^^^^^^^^^^^^^^^^^^
  File "D:\AI Engineering\FastAPI\model AI\.venv\Lib\site-packages\sklearn\metrics\_ranking.py", line 707, in _multiclass_roc_auc_score
    raise ValueError(
ValueError: Target scores need to be probabilities for multiclass roc_auc, i.e. they should sum up to 1.0 over classes

  warnings.warn(

2026-10-07 18:01:26,349:WARNING:D:\AI Engineering\FastAPI\model AI\.venv\Lib\site-packages\sklearn\metrics\_classification.py:1509: UndefinedMetricWarning: Precision is ill-defined and being set to 0.0 in labels with no predicted samples. Use `zero_division` parameter to control this behavior.
  _warn_prf(average, modifier, f"{metric.capitalize()} is", len(result))

2026-10-07 18:01:26,353:WARNING:D:\AI Engineering\FastAPI\model AI\.venv\Lib\site-packages\sklearn\metrics\_classification.py:1509: UndefinedMetricWarning: Precision is ill-defined and being set to 0.0 in labels with no predicted samples. Use `zero_division` parameter to control this behavior.
  _warn_prf(average, modifier, f"{metric.capitalize()} is", len(result))

2026-10-07 18:01:26,355:WARNING:D:\AI Engineering\FastAPI\model AI\.venv\Lib\site-packages\pycaret\internal\metrics.py:204: FitFailedWarning: Metric 'make_scorer(roc_auc_score, response_method=('decision_function', 'predict_proba'), average=weighted, multi_class=ovr)' failed and error score 0.0 has been returned instead. If this is a custom metric, this usually means that the error is in the metric code. Full exception below:
Traceback (most recent call last):
  File "D:\AI Engineering\FastAPI\model AI\.venv\Lib\site-packages\pycaret\internal\metrics.py", line 196, in _score
    return super()._score(
           ^^^^^^^^^^^^^^^
  File "D:\AI Engineering\FastAPI\model AI\.venv\Lib\site-packages\sklearn\metrics\_scorer.py", line 350, in _score
    return self._sign * self._score_func(y_true, y_pred, **scoring_kwargs)
                        ^^^^^^^^^^^^^^^^^^^^^^^^^^^^^^^^^^^^^^^^^^^^^^^^^^
  File "D:\AI Engineering\FastAPI\model AI\.venv\Lib\site-packages\pycaret\internal\metrics.py", line 144, in __call__
    return self.score_func(y_true, y_pred, **kwargs)
           ^^^^^^^^^^^^^^^^^^^^^^^^^^^^^^^^^^^^^^^^^
  File "D:\AI Engineering\FastAPI\model AI\.venv\Lib\site-packages\sklearn\utils\_param_validation.py", line 213, in wrapper
    return func(*args, **kwargs)
           ^^^^^^^^^^^^^^^^^^^^^
  File "D:\AI Engineering\FastAPI\model AI\.venv\Lib\site-packages\sklearn\metrics\_ranking.py", line 634, in roc_auc_score
    return _multiclass_roc_auc_score(
           ^^^^^^^^^^^^^^^^^^^^^^^^^^
  File "D:\AI Engineering\FastAPI\model AI\.venv\Lib\site-packages\sklearn\metrics\_ranking.py", line 707, in _multiclass_roc_auc_score
    raise ValueError(
ValueError: Target scores need to be probabilities for multiclass roc_auc, i.e. they should sum up to 1.0 over classes

  warnings.warn(

2026-10-07 18:01:26,356:WARNING:D:\AI Engineering\FastAPI\model AI\.venv\Lib\site-packages\pycaret\internal\metrics.py:204: FitFailedWarning: Metric 'make_scorer(roc_auc_score, response_method=('decision_function', 'predict_proba'), average=weighted, multi_class=ovr)' failed and error score 0.0 has been returned instead. If this is a custom metric, this usually means that the error is in the metric code. Full exception below:
Traceback (most recent call last):
  File "D:\AI Engineering\FastAPI\model AI\.venv\Lib\site-packages\pycaret\internal\metrics.py", line 196, in _score
    return super()._score(
           ^^^^^^^^^^^^^^^
  File "D:\AI Engineering\FastAPI\model AI\.venv\Lib\site-packages\sklearn\metrics\_scorer.py", line 350, in _score
    return self._sign * self._score_func(y_true, y_pred, **scoring_kwargs)
                        ^^^^^^^^^^^^^^^^^^^^^^^^^^^^^^^^^^^^^^^^^^^^^^^^^^
  File "D:\AI Engineering\FastAPI\model AI\.venv\Lib\site-packages\pycaret\internal\metrics.py", line 144, in __call__
    return self.score_func(y_true, y_pred, **kwargs)
           ^^^^^^^^^^^^^^^^^^^^^^^^^^^^^^^^^^^^^^^^^
  File "D:\AI Engineering\FastAPI\model AI\.venv\Lib\site-packages\sklearn\utils\_param_validation.py", line 213, in wrapper
    return func(*args, **kwargs)
           ^^^^^^^^^^^^^^^^^^^^^
  File "D:\AI Engineering\FastAPI\model AI\.venv\Lib\site-packages\sklearn\metrics\_ranking.py", line 634, in roc_auc_score
    return _multiclass_roc_auc_score(
           ^^^^^^^^^^^^^^^^^^^^^^^^^^
  File "D:\AI Engineering\FastAPI\model AI\.venv\Lib\site-packages\sklearn\metrics\_ranking.py", line 707, in _multiclass_roc_auc_score
    raise ValueError(
ValueError: Target scores need to be probabilities for multiclass roc_auc, i.e. they should sum up to 1.0 over classes

  warnings.warn(

2026-10-07 18:01:26,358:WARNING:D:\AI Engineering\FastAPI\model AI\.venv\Lib\site-packages\sklearn\metrics\_classification.py:1509: UndefinedMetricWarning: Precision is ill-defined and being set to 0.0 in labels with no predicted samples. Use `zero_division` parameter to control this behavior.
  _warn_prf(average, modifier, f"{metric.capitalize()} is", len(result))

2026-10-07 18:01:26,358:WARNING:D:\AI Engineering\FastAPI\model AI\.venv\Lib\site-packages\pycaret\internal\metrics.py:204: FitFailedWarning: Metric 'make_scorer(roc_auc_score, response_method=('decision_function', 'predict_proba'), average=weighted, multi_class=ovr)' failed and error score 0.0 has been returned instead. If this is a custom metric, this usually means that the error is in the metric code. Full exception below:
Traceback (most recent call last):
  File "D:\AI Engineering\FastAPI\model AI\.venv\Lib\site-packages\pycaret\internal\metrics.py", line 196, in _score
    return super()._score(
           ^^^^^^^^^^^^^^^
  File "D:\AI Engineering\FastAPI\model AI\.venv\Lib\site-packages\sklearn\metrics\_scorer.py", line 350, in _score
    return self._sign * self._score_func(y_true, y_pred, **scoring_kwargs)
                        ^^^^^^^^^^^^^^^^^^^^^^^^^^^^^^^^^^^^^^^^^^^^^^^^^^
  File "D:\AI Engineering\FastAPI\model AI\.venv\Lib\site-packages\pycaret\internal\metrics.py", line 144, in __call__
    return self.score_func(y_true, y_pred, **kwargs)
           ^^^^^^^^^^^^^^^^^^^^^^^^^^^^^^^^^^^^^^^^^
  File "D:\AI Engineering\FastAPI\model AI\.venv\Lib\site-packages\sklearn\utils\_param_validation.py", line 213, in wrapper
    return func(*args, **kwargs)
           ^^^^^^^^^^^^^^^^^^^^^
  File "D:\AI Engineering\FastAPI\model AI\.venv\Lib\site-packages\sklearn\metrics\_ranking.py", line 634, in roc_auc_score
    return _multiclass_roc_auc_score(
           ^^^^^^^^^^^^^^^^^^^^^^^^^^
  File "D:\AI Engineering\FastAPI\model AI\.venv\Lib\site-packages\sklearn\metrics\_ranking.py", line 707, in _multiclass_roc_auc_score
    raise ValueError(
ValueError: Target scores need to be probabilities for multiclass roc_auc, i.e. they should sum up to 1.0 over classes

  warnings.warn(

2026-10-07 18:01:26,358:WARNING:D:\AI Engineering\FastAPI\model AI\.venv\Lib\site-packages\pycaret\internal\metrics.py:204: FitFailedWarning: Metric 'make_scorer(roc_auc_score, response_method=('decision_function', 'predict_proba'), average=weighted, multi_class=ovr)' failed and error score 0.0 has been returned instead. If this is a custom metric, this usually means that the error is in the metric code. Full exception below:
Traceback (most recent call last):
  File "D:\AI Engineering\FastAPI\model AI\.venv\Lib\site-packages\pycaret\internal\metrics.py", line 196, in _score
    return super()._score(
           ^^^^^^^^^^^^^^^
  File "D:\AI Engineering\FastAPI\model AI\.venv\Lib\site-packages\sklearn\metrics\_scorer.py", line 350, in _score
    return self._sign * self._score_func(y_true, y_pred, **scoring_kwargs)
                        ^^^^^^^^^^^^^^^^^^^^^^^^^^^^^^^^^^^^^^^^^^^^^^^^^^
  File "D:\AI Engineering\FastAPI\model AI\.venv\Lib\site-packages\pycaret\internal\metrics.py", line 144, in __call__
    return self.score_func(y_true, y_pred, **kwargs)
           ^^^^^^^^^^^^^^^^^^^^^^^^^^^^^^^^^^^^^^^^^
  File "D:\AI Engineering\FastAPI\model AI\.venv\Lib\site-packages\sklearn\utils\_param_validation.py", line 213, in wrapper
    return func(*args, **kwargs)
           ^^^^^^^^^^^^^^^^^^^^^
  File "D:\AI Engineering\FastAPI\model AI\.venv\Lib\site-packages\sklearn\metrics\_ranking.py", line 634, in roc_auc_score
    return _multiclass_roc_auc_score(
           ^^^^^^^^^^^^^^^^^^^^^^^^^^
  File "D:\AI Engineering\FastAPI\model AI\.venv\Lib\site-packages\sklearn\metrics\_ranking.py", line 707, in _multiclass_roc_auc_score
    raise ValueError(
ValueError: Target scores need to be probabilities for multiclass roc_auc, i.e. they should sum up to 1.0 over classes

  warnings.warn(

2026-10-07 18:01:26,361:WARNING:D:\AI Engineering\FastAPI\model AI\.venv\Lib\site-packages\sklearn\metrics\_classification.py:1509: UndefinedMetricWarning: Precision is ill-defined and being set to 0.0 in labels with no predicted samples. Use `zero_division` parameter to control this behavior.
  _warn_prf(average, modifier, f"{metric.capitalize()} is", len(result))

2026-10-07 18:01:26,362:WARNING:D:\AI Engineering\FastAPI\model AI\.venv\Lib\site-packages\pycaret\internal\metrics.py:204: FitFailedWarning: Metric 'make_scorer(roc_auc_score, response_method=('decision_function', 'predict_proba'), average=weighted, multi_class=ovr)' failed and error score 0.0 has been returned instead. If this is a custom metric, this usually means that the error is in the metric code. Full exception below:
Traceback (most recent call last):
  File "D:\AI Engineering\FastAPI\model AI\.venv\Lib\site-packages\pycaret\internal\metrics.py", line 196, in _score
    return super()._score(
           ^^^^^^^^^^^^^^^
  File "D:\AI Engineering\FastAPI\model AI\.venv\Lib\site-packages\sklearn\metrics\_scorer.py", line 350, in _score
    return self._sign * self._score_func(y_true, y_pred, **scoring_kwargs)
                        ^^^^^^^^^^^^^^^^^^^^^^^^^^^^^^^^^^^^^^^^^^^^^^^^^^
  File "D:\AI Engineering\FastAPI\model AI\.venv\Lib\site-packages\pycaret\internal\metrics.py", line 144, in __call__
    return self.score_func(y_true, y_pred, **kwargs)
           ^^^^^^^^^^^^^^^^^^^^^^^^^^^^^^^^^^^^^^^^^
  File "D:\AI Engineering\FastAPI\model AI\.venv\Lib\site-packages\sklearn\utils\_param_validation.py", line 213, in wrapper
    return func(*args, **kwargs)
           ^^^^^^^^^^^^^^^^^^^^^
  File "D:\AI Engineering\FastAPI\model AI\.venv\Lib\site-packages\sklearn\metrics\_ranking.py", line 634, in roc_auc_score
    return _multiclass_roc_auc_score(
           ^^^^^^^^^^^^^^^^^^^^^^^^^^
  File "D:\AI Engineering\FastAPI\model AI\.venv\Lib\site-packages\sklearn\metrics\_ranking.py", line 707, in _multiclass_roc_auc_score
    raise ValueError(
ValueError: Target scores need to be probabilities for multiclass roc_auc, i.e. they should sum up to 1.0 over classes

  warnings.warn(

2026-10-07 18:01:26,364:WARNING:D:\AI Engineering\FastAPI\model AI\.venv\Lib\site-packages\sklearn\metrics\_classification.py:1509: UndefinedMetricWarning: Precision is ill-defined and being set to 0.0 in labels with no predicted samples. Use `zero_division` parameter to control this behavior.
  _warn_prf(average, modifier, f"{metric.capitalize()} is", len(result))

2026-10-07 18:01:26,368:WARNING:D:\AI Engineering\FastAPI\model AI\.venv\Lib\site-packages\sklearn\metrics\_classification.py:1509: UndefinedMetricWarning: Precision is ill-defined and being set to 0.0 in labels with no predicted samples. Use `zero_division` parameter to control this behavior.
  _warn_prf(average, modifier, f"{metric.capitalize()} is", len(result))

2026-10-07 18:01:26,379:INFO:Calculating mean and std
2026-10-07 18:01:26,380:INFO:Creating metrics dataframe
2026-10-07 18:01:26,382:INFO:Uploading results into container
2026-10-07 18:01:26,382:INFO:Uploading model into container now
2026-10-07 18:01:26,382:INFO:_master_model_container: 5
2026-10-07 18:01:26,382:INFO:_display_container: 2
2026-10-07 18:01:26,383:INFO:SGDClassifier(alpha=0.0001, average=False, class_weight=None,
              early_stopping=False, epsilon=0.1, eta0=0.001, fit_intercept=True,
              l1_ratio=0.15, learning_rate='optimal', loss='hinge',
              max_iter=1000, n_iter_no_change=5, n_jobs=-1, penalty='l2',
              power_t=0.5, random_state=123, shuffle=True, tol=0.001,
              validation_fraction=0.1, verbose=0, warm_start=False)
2026-10-07 18:01:26,383:INFO:create_model() successfully completed......................................
2026-10-07 18:01:26,450:INFO:SubProcess create_model() end ==================================
2026-10-07 18:01:26,450:INFO:Creating metrics dataframe
2026-10-07 18:01:26,451:INFO:Initializing Ridge Classifier
2026-10-07 18:01:26,451:INFO:Total runtime is 0.23656914234161375 minutes
2026-10-07 18:01:26,451:INFO:SubProcess create_model() called ==================================
2026-10-07 18:01:26,452:INFO:Initializing create_model()
2026-10-07 18:01:26,452:INFO:create_model(self=<pycaret.classification.oop.ClassificationExperiment object at 0x000001AF368A6E10>, estimator=ridge, fold=StratifiedKFold(n_splits=10, random_state=None, shuffle=False), round=4, cross_validation=True, predict=True, fit_kwargs={}, groups=None, refit=False, probability_threshold=None, experiment_custom_tags=None, verbose=False, system=False, add_to_model_list=True, metrics=None, display=<pycaret.internal.display.display.CommonDisplay object at 0x000001AF3D096290>, model_only=True, return_train_score=False, error_score=0.0, kwargs={})
2026-10-07 18:01:26,452:INFO:Checking exceptions
2026-10-07 18:01:26,452:INFO:Importing libraries
2026-10-07 18:01:26,452:INFO:Copying training dataset
2026-10-07 18:01:26,455:INFO:Defining folds
2026-10-07 18:01:26,455:INFO:Declaring metric variables
2026-10-07 18:01:26,455:INFO:Importing untrained model
2026-10-07 18:01:26,455:INFO:Ridge Classifier Imported successfully
2026-10-07 18:01:26,455:INFO:Starting cross validation
2026-10-07 18:01:26,456:INFO:Cross validating with StratifiedKFold(n_splits=10, random_state=None, shuffle=False), n_jobs=-1
2026-10-07 18:01:27,033:WARNING:D:\AI Engineering\FastAPI\model AI\.venv\Lib\site-packages\pycaret\internal\metrics.py:204: FitFailedWarning: Metric 'make_scorer(roc_auc_score, response_method=('decision_function', 'predict_proba'), average=weighted, multi_class=ovr)' failed and error score 0.0 has been returned instead. If this is a custom metric, this usually means that the error is in the metric code. Full exception below:
Traceback (most recent call last):
  File "D:\AI Engineering\FastAPI\model AI\.venv\Lib\site-packages\pycaret\internal\metrics.py", line 196, in _score
    return super()._score(
           ^^^^^^^^^^^^^^^
  File "D:\AI Engineering\FastAPI\model AI\.venv\Lib\site-packages\sklearn\metrics\_scorer.py", line 350, in _score
    return self._sign * self._score_func(y_true, y_pred, **scoring_kwargs)
                        ^^^^^^^^^^^^^^^^^^^^^^^^^^^^^^^^^^^^^^^^^^^^^^^^^^
  File "D:\AI Engineering\FastAPI\model AI\.venv\Lib\site-packages\pycaret\internal\metrics.py", line 144, in __call__
    return self.score_func(y_true, y_pred, **kwargs)
           ^^^^^^^^^^^^^^^^^^^^^^^^^^^^^^^^^^^^^^^^^
  File "D:\AI Engineering\FastAPI\model AI\.venv\Lib\site-packages\sklearn\utils\_param_validation.py", line 213, in wrapper
    return func(*args, **kwargs)
           ^^^^^^^^^^^^^^^^^^^^^
  File "D:\AI Engineering\FastAPI\model AI\.venv\Lib\site-packages\sklearn\metrics\_ranking.py", line 634, in roc_auc_score
    return _multiclass_roc_auc_score(
           ^^^^^^^^^^^^^^^^^^^^^^^^^^
  File "D:\AI Engineering\FastAPI\model AI\.venv\Lib\site-packages\sklearn\metrics\_ranking.py", line 707, in _multiclass_roc_auc_score
    raise ValueError(
ValueError: Target scores need to be probabilities for multiclass roc_auc, i.e. they should sum up to 1.0 over classes

  warnings.warn(

2026-10-07 18:01:27,035:WARNING:D:\AI Engineering\FastAPI\model AI\.venv\Lib\site-packages\pycaret\internal\metrics.py:204: FitFailedWarning: Metric 'make_scorer(roc_auc_score, response_method=('decision_function', 'predict_proba'), average=weighted, multi_class=ovr)' failed and error score 0.0 has been returned instead. If this is a custom metric, this usually means that the error is in the metric code. Full exception below:
Traceback (most recent call last):
  File "D:\AI Engineering\FastAPI\model AI\.venv\Lib\site-packages\pycaret\internal\metrics.py", line 196, in _score
    return super()._score(
           ^^^^^^^^^^^^^^^
  File "D:\AI Engineering\FastAPI\model AI\.venv\Lib\site-packages\sklearn\metrics\_scorer.py", line 350, in _score
    return self._sign * self._score_func(y_true, y_pred, **scoring_kwargs)
                        ^^^^^^^^^^^^^^^^^^^^^^^^^^^^^^^^^^^^^^^^^^^^^^^^^^
  File "D:\AI Engineering\FastAPI\model AI\.venv\Lib\site-packages\pycaret\internal\metrics.py", line 144, in __call__
    return self.score_func(y_true, y_pred, **kwargs)
           ^^^^^^^^^^^^^^^^^^^^^^^^^^^^^^^^^^^^^^^^^
  File "D:\AI Engineering\FastAPI\model AI\.venv\Lib\site-packages\sklearn\utils\_param_validation.py", line 213, in wrapper
    return func(*args, **kwargs)
           ^^^^^^^^^^^^^^^^^^^^^
  File "D:\AI Engineering\FastAPI\model AI\.venv\Lib\site-packages\sklearn\metrics\_ranking.py", line 634, in roc_auc_score
    return _multiclass_roc_auc_score(
           ^^^^^^^^^^^^^^^^^^^^^^^^^^
  File "D:\AI Engineering\FastAPI\model AI\.venv\Lib\site-packages\sklearn\metrics\_ranking.py", line 707, in _multiclass_roc_auc_score
    raise ValueError(
ValueError: Target scores need to be probabilities for multiclass roc_auc, i.e. they should sum up to 1.0 over classes

  warnings.warn(

2026-10-07 18:01:27,037:WARNING:D:\AI Engineering\FastAPI\model AI\.venv\Lib\site-packages\sklearn\metrics\_classification.py:1509: UndefinedMetricWarning: Precision is ill-defined and being set to 0.0 in labels with no predicted samples. Use `zero_division` parameter to control this behavior.
  _warn_prf(average, modifier, f"{metric.capitalize()} is", len(result))

2026-10-07 18:01:27,040:WARNING:D:\AI Engineering\FastAPI\model AI\.venv\Lib\site-packages\pycaret\internal\metrics.py:204: FitFailedWarning: Metric 'make_scorer(roc_auc_score, response_method=('decision_function', 'predict_proba'), average=weighted, multi_class=ovr)' failed and error score 0.0 has been returned instead. If this is a custom metric, this usually means that the error is in the metric code. Full exception below:
Traceback (most recent call last):
  File "D:\AI Engineering\FastAPI\model AI\.venv\Lib\site-packages\pycaret\internal\metrics.py", line 196, in _score
    return super()._score(
           ^^^^^^^^^^^^^^^
  File "D:\AI Engineering\FastAPI\model AI\.venv\Lib\site-packages\sklearn\metrics\_scorer.py", line 350, in _score
    return self._sign * self._score_func(y_true, y_pred, **scoring_kwargs)
                        ^^^^^^^^^^^^^^^^^^^^^^^^^^^^^^^^^^^^^^^^^^^^^^^^^^
  File "D:\AI Engineering\FastAPI\model AI\.venv\Lib\site-packages\pycaret\internal\metrics.py", line 144, in __call__
    return self.score_func(y_true, y_pred, **kwargs)
           ^^^^^^^^^^^^^^^^^^^^^^^^^^^^^^^^^^^^^^^^^
  File "D:\AI Engineering\FastAPI\model AI\.venv\Lib\site-packages\sklearn\utils\_param_validation.py", line 213, in wrapper
    return func(*args, **kwargs)
           ^^^^^^^^^^^^^^^^^^^^^
  File "D:\AI Engineering\FastAPI\model AI\.venv\Lib\site-packages\sklearn\metrics\_ranking.py", line 634, in roc_auc_score
    return _multiclass_roc_auc_score(
           ^^^^^^^^^^^^^^^^^^^^^^^^^^
  File "D:\AI Engineering\FastAPI\model AI\.venv\Lib\site-packages\sklearn\metrics\_ranking.py", line 707, in _multiclass_roc_auc_score
    raise ValueError(
ValueError: Target scores need to be probabilities for multiclass roc_auc, i.e. they should sum up to 1.0 over classes

  warnings.warn(

2026-10-07 18:01:27,040:WARNING:D:\AI Engineering\FastAPI\model AI\.venv\Lib\site-packages\pycaret\internal\metrics.py:204: FitFailedWarning: Metric 'make_scorer(roc_auc_score, response_method=('decision_function', 'predict_proba'), average=weighted, multi_class=ovr)' failed and error score 0.0 has been returned instead. If this is a custom metric, this usually means that the error is in the metric code. Full exception below:
Traceback (most recent call last):
  File "D:\AI Engineering\FastAPI\model AI\.venv\Lib\site-packages\pycaret\internal\metrics.py", line 196, in _score
    return super()._score(
           ^^^^^^^^^^^^^^^
  File "D:\AI Engineering\FastAPI\model AI\.venv\Lib\site-packages\sklearn\metrics\_scorer.py", line 350, in _score
    return self._sign * self._score_func(y_true, y_pred, **scoring_kwargs)
                        ^^^^^^^^^^^^^^^^^^^^^^^^^^^^^^^^^^^^^^^^^^^^^^^^^^
  File "D:\AI Engineering\FastAPI\model AI\.venv\Lib\site-packages\pycaret\internal\metrics.py", line 144, in __call__
    return self.score_func(y_true, y_pred, **kwargs)
           ^^^^^^^^^^^^^^^^^^^^^^^^^^^^^^^^^^^^^^^^^
  File "D:\AI Engineering\FastAPI\model AI\.venv\Lib\site-packages\sklearn\utils\_param_validation.py", line 213, in wrapper
    return func(*args, **kwargs)
           ^^^^^^^^^^^^^^^^^^^^^
  File "D:\AI Engineering\FastAPI\model AI\.venv\Lib\site-packages\sklearn\metrics\_ranking.py", line 634, in roc_auc_score
    return _multiclass_roc_auc_score(
           ^^^^^^^^^^^^^^^^^^^^^^^^^^
  File "D:\AI Engineering\FastAPI\model AI\.venv\Lib\site-packages\sklearn\metrics\_ranking.py", line 707, in _multiclass_roc_auc_score
    raise ValueError(
ValueError: Target scores need to be probabilities for multiclass roc_auc, i.e. they should sum up to 1.0 over classes

  warnings.warn(

2026-10-07 18:01:27,041:WARNING:D:\AI Engineering\FastAPI\model AI\.venv\Lib\site-packages\sklearn\metrics\_classification.py:1509: UndefinedMetricWarning: Precision is ill-defined and being set to 0.0 in labels with no predicted samples. Use `zero_division` parameter to control this behavior.
  _warn_prf(average, modifier, f"{metric.capitalize()} is", len(result))

2026-10-07 18:01:27,041:WARNING:D:\AI Engineering\FastAPI\model AI\.venv\Lib\site-packages\pycaret\internal\metrics.py:204: FitFailedWarning: Metric 'make_scorer(roc_auc_score, response_method=('decision_function', 'predict_proba'), average=weighted, multi_class=ovr)' failed and error score 0.0 has been returned instead. If this is a custom metric, this usually means that the error is in the metric code. Full exception below:
Traceback (most recent call last):
  File "D:\AI Engineering\FastAPI\model AI\.venv\Lib\site-packages\pycaret\internal\metrics.py", line 196, in _score
    return super()._score(
           ^^^^^^^^^^^^^^^
  File "D:\AI Engineering\FastAPI\model AI\.venv\Lib\site-packages\sklearn\metrics\_scorer.py", line 350, in _score
    return self._sign * self._score_func(y_true, y_pred, **scoring_kwargs)
                        ^^^^^^^^^^^^^^^^^^^^^^^^^^^^^^^^^^^^^^^^^^^^^^^^^^
  File "D:\AI Engineering\FastAPI\model AI\.venv\Lib\site-packages\pycaret\internal\metrics.py", line 144, in __call__
    return self.score_func(y_true, y_pred, **kwargs)
           ^^^^^^^^^^^^^^^^^^^^^^^^^^^^^^^^^^^^^^^^^
  File "D:\AI Engineering\FastAPI\model AI\.venv\Lib\site-packages\sklearn\utils\_param_validation.py", line 213, in wrapper
    return func(*args, **kwargs)
           ^^^^^^^^^^^^^^^^^^^^^
  File "D:\AI Engineering\FastAPI\model AI\.venv\Lib\site-packages\sklearn\metrics\_ranking.py", line 634, in roc_auc_score
    return _multiclass_roc_auc_score(
           ^^^^^^^^^^^^^^^^^^^^^^^^^^
  File "D:\AI Engineering\FastAPI\model AI\.venv\Lib\site-packages\sklearn\metrics\_ranking.py", line 707, in _multiclass_roc_auc_score
    raise ValueError(
ValueError: Target scores need to be probabilities for multiclass roc_auc, i.e. they should sum up to 1.0 over classes

  warnings.warn(

2026-10-07 18:01:27,042:WARNING:D:\AI Engineering\FastAPI\model AI\.venv\Lib\site-packages\pycaret\internal\metrics.py:204: FitFailedWarning: Metric 'make_scorer(roc_auc_score, response_method=('decision_function', 'predict_proba'), average=weighted, multi_class=ovr)' failed and error score 0.0 has been returned instead. If this is a custom metric, this usually means that the error is in the metric code. Full exception below:
Traceback (most recent call last):
  File "D:\AI Engineering\FastAPI\model AI\.venv\Lib\site-packages\pycaret\internal\metrics.py", line 196, in _score
    return super()._score(
           ^^^^^^^^^^^^^^^
  File "D:\AI Engineering\FastAPI\model AI\.venv\Lib\site-packages\sklearn\metrics\_scorer.py", line 350, in _score
    return self._sign * self._score_func(y_true, y_pred, **scoring_kwargs)
                        ^^^^^^^^^^^^^^^^^^^^^^^^^^^^^^^^^^^^^^^^^^^^^^^^^^
  File "D:\AI Engineering\FastAPI\model AI\.venv\Lib\site-packages\pycaret\internal\metrics.py", line 144, in __call__
    return self.score_func(y_true, y_pred, **kwargs)
           ^^^^^^^^^^^^^^^^^^^^^^^^^^^^^^^^^^^^^^^^^
  File "D:\AI Engineering\FastAPI\model AI\.venv\Lib\site-packages\sklearn\utils\_param_validation.py", line 213, in wrapper
    return func(*args, **kwargs)
           ^^^^^^^^^^^^^^^^^^^^^
  File "D:\AI Engineering\FastAPI\model AI\.venv\Lib\site-packages\sklearn\metrics\_ranking.py", line 634, in roc_auc_score
    return _multiclass_roc_auc_score(
           ^^^^^^^^^^^^^^^^^^^^^^^^^^
  File "D:\AI Engineering\FastAPI\model AI\.venv\Lib\site-packages\sklearn\metrics\_ranking.py", line 707, in _multiclass_roc_auc_score
    raise ValueError(
ValueError: Target scores need to be probabilities for multiclass roc_auc, i.e. they should sum up to 1.0 over classes

  warnings.warn(

2026-10-07 18:01:27,042:WARNING:D:\AI Engineering\FastAPI\model AI\.venv\Lib\site-packages\pycaret\internal\metrics.py:204: FitFailedWarning: Metric 'make_scorer(roc_auc_score, response_method=('decision_function', 'predict_proba'), average=weighted, multi_class=ovr)' failed and error score 0.0 has been returned instead. If this is a custom metric, this usually means that the error is in the metric code. Full exception below:
Traceback (most recent call last):
  File "D:\AI Engineering\FastAPI\model AI\.venv\Lib\site-packages\pycaret\internal\metrics.py", line 196, in _score
    return super()._score(
           ^^^^^^^^^^^^^^^
  File "D:\AI Engineering\FastAPI\model AI\.venv\Lib\site-packages\sklearn\metrics\_scorer.py", line 350, in _score
    return self._sign * self._score_func(y_true, y_pred, **scoring_kwargs)
                        ^^^^^^^^^^^^^^^^^^^^^^^^^^^^^^^^^^^^^^^^^^^^^^^^^^
  File "D:\AI Engineering\FastAPI\model AI\.venv\Lib\site-packages\pycaret\internal\metrics.py", line 144, in __call__
    return self.score_func(y_true, y_pred, **kwargs)
           ^^^^^^^^^^^^^^^^^^^^^^^^^^^^^^^^^^^^^^^^^
  File "D:\AI Engineering\FastAPI\model AI\.venv\Lib\site-packages\sklearn\utils\_param_validation.py", line 213, in wrapper
    return func(*args, **kwargs)
           ^^^^^^^^^^^^^^^^^^^^^
  File "D:\AI Engineering\FastAPI\model AI\.venv\Lib\site-packages\sklearn\metrics\_ranking.py", line 634, in roc_auc_score
    return _multiclass_roc_auc_score(
           ^^^^^^^^^^^^^^^^^^^^^^^^^^
  File "D:\AI Engineering\FastAPI\model AI\.venv\Lib\site-packages\sklearn\metrics\_ranking.py", line 707, in _multiclass_roc_auc_score
    raise ValueError(
ValueError: Target scores need to be probabilities for multiclass roc_auc, i.e. they should sum up to 1.0 over classes

  warnings.warn(

2026-10-07 18:01:27,042:WARNING:D:\AI Engineering\FastAPI\model AI\.venv\Lib\site-packages\pycaret\internal\metrics.py:204: FitFailedWarning: Metric 'make_scorer(roc_auc_score, response_method=('decision_function', 'predict_proba'), average=weighted, multi_class=ovr)' failed and error score 0.0 has been returned instead. If this is a custom metric, this usually means that the error is in the metric code. Full exception below:
Traceback (most recent call last):
  File "D:\AI Engineering\FastAPI\model AI\.venv\Lib\site-packages\pycaret\internal\metrics.py", line 196, in _score
    return super()._score(
           ^^^^^^^^^^^^^^^
  File "D:\AI Engineering\FastAPI\model AI\.venv\Lib\site-packages\sklearn\metrics\_scorer.py", line 350, in _score
    return self._sign * self._score_func(y_true, y_pred, **scoring_kwargs)
                        ^^^^^^^^^^^^^^^^^^^^^^^^^^^^^^^^^^^^^^^^^^^^^^^^^^
  File "D:\AI Engineering\FastAPI\model AI\.venv\Lib\site-packages\pycaret\internal\metrics.py", line 144, in __call__
    return self.score_func(y_true, y_pred, **kwargs)
           ^^^^^^^^^^^^^^^^^^^^^^^^^^^^^^^^^^^^^^^^^
  File "D:\AI Engineering\FastAPI\model AI\.venv\Lib\site-packages\sklearn\utils\_param_validation.py", line 213, in wrapper
    return func(*args, **kwargs)
           ^^^^^^^^^^^^^^^^^^^^^
  File "D:\AI Engineering\FastAPI\model AI\.venv\Lib\site-packages\sklearn\metrics\_ranking.py", line 634, in roc_auc_score
    return _multiclass_roc_auc_score(
           ^^^^^^^^^^^^^^^^^^^^^^^^^^
  File "D:\AI Engineering\FastAPI\model AI\.venv\Lib\site-packages\sklearn\metrics\_ranking.py", line 707, in _multiclass_roc_auc_score
    raise ValueError(
ValueError: Target scores need to be probabilities for multiclass roc_auc, i.e. they should sum up to 1.0 over classes

  warnings.warn(

2026-10-07 18:01:27,042:WARNING:D:\AI Engineering\FastAPI\model AI\.venv\Lib\site-packages\pycaret\internal\metrics.py:204: FitFailedWarning: Metric 'make_scorer(roc_auc_score, response_method=('decision_function', 'predict_proba'), average=weighted, multi_class=ovr)' failed and error score 0.0 has been returned instead. If this is a custom metric, this usually means that the error is in the metric code. Full exception below:
Traceback (most recent call last):
  File "D:\AI Engineering\FastAPI\model AI\.venv\Lib\site-packages\pycaret\internal\metrics.py", line 196, in _score
    return super()._score(
           ^^^^^^^^^^^^^^^
  File "D:\AI Engineering\FastAPI\model AI\.venv\Lib\site-packages\sklearn\metrics\_scorer.py", line 350, in _score
    return self._sign * self._score_func(y_true, y_pred, **scoring_kwargs)
                        ^^^^^^^^^^^^^^^^^^^^^^^^^^^^^^^^^^^^^^^^^^^^^^^^^^
  File "D:\AI Engineering\FastAPI\model AI\.venv\Lib\site-packages\pycaret\internal\metrics.py", line 144, in __call__
    return self.score_func(y_true, y_pred, **kwargs)
           ^^^^^^^^^^^^^^^^^^^^^^^^^^^^^^^^^^^^^^^^^
  File "D:\AI Engineering\FastAPI\model AI\.venv\Lib\site-packages\sklearn\utils\_param_validation.py", line 213, in wrapper
    return func(*args, **kwargs)
           ^^^^^^^^^^^^^^^^^^^^^
  File "D:\AI Engineering\FastAPI\model AI\.venv\Lib\site-packages\sklearn\metrics\_ranking.py", line 634, in roc_auc_score
    return _multiclass_roc_auc_score(
           ^^^^^^^^^^^^^^^^^^^^^^^^^^
  File "D:\AI Engineering\FastAPI\model AI\.venv\Lib\site-packages\sklearn\metrics\_ranking.py", line 707, in _multiclass_roc_auc_score
    raise ValueError(
ValueError: Target scores need to be probabilities for multiclass roc_auc, i.e. they should sum up to 1.0 over classes

  warnings.warn(

2026-10-07 18:01:27,044:WARNING:D:\AI Engineering\FastAPI\model AI\.venv\Lib\site-packages\sklearn\metrics\_classification.py:1509: UndefinedMetricWarning: Precision is ill-defined and being set to 0.0 in labels with no predicted samples. Use `zero_division` parameter to control this behavior.
  _warn_prf(average, modifier, f"{metric.capitalize()} is", len(result))

2026-10-07 18:01:27,045:WARNING:D:\AI Engineering\FastAPI\model AI\.venv\Lib\site-packages\sklearn\metrics\_classification.py:1509: UndefinedMetricWarning: Precision is ill-defined and being set to 0.0 in labels with no predicted samples. Use `zero_division` parameter to control this behavior.
  _warn_prf(average, modifier, f"{metric.capitalize()} is", len(result))

2026-10-07 18:01:27,045:WARNING:D:\AI Engineering\FastAPI\model AI\.venv\Lib\site-packages\sklearn\metrics\_classification.py:1509: UndefinedMetricWarning: Precision is ill-defined and being set to 0.0 in labels with no predicted samples. Use `zero_division` parameter to control this behavior.
  _warn_prf(average, modifier, f"{metric.capitalize()} is", len(result))

2026-10-07 18:01:27,047:WARNING:D:\AI Engineering\FastAPI\model AI\.venv\Lib\site-packages\sklearn\metrics\_classification.py:1509: UndefinedMetricWarning: Precision is ill-defined and being set to 0.0 in labels with no predicted samples. Use `zero_division` parameter to control this behavior.
  _warn_prf(average, modifier, f"{metric.capitalize()} is", len(result))

2026-10-07 18:01:27,047:WARNING:D:\AI Engineering\FastAPI\model AI\.venv\Lib\site-packages\sklearn\metrics\_classification.py:1509: UndefinedMetricWarning: Precision is ill-defined and being set to 0.0 in labels with no predicted samples. Use `zero_division` parameter to control this behavior.
  _warn_prf(average, modifier, f"{metric.capitalize()} is", len(result))

2026-10-07 18:01:27,047:WARNING:D:\AI Engineering\FastAPI\model AI\.venv\Lib\site-packages\sklearn\metrics\_classification.py:1509: UndefinedMetricWarning: Precision is ill-defined and being set to 0.0 in labels with no predicted samples. Use `zero_division` parameter to control this behavior.
  _warn_prf(average, modifier, f"{metric.capitalize()} is", len(result))

2026-10-07 18:01:27,047:WARNING:D:\AI Engineering\FastAPI\model AI\.venv\Lib\site-packages\sklearn\metrics\_classification.py:1509: UndefinedMetricWarning: Precision is ill-defined and being set to 0.0 in labels with no predicted samples. Use `zero_division` parameter to control this behavior.
  _warn_prf(average, modifier, f"{metric.capitalize()} is", len(result))

2026-10-07 18:01:27,059:INFO:Calculating mean and std
2026-10-07 18:01:27,059:INFO:Creating metrics dataframe
2026-10-07 18:01:27,061:INFO:Uploading results into container
2026-10-07 18:01:27,061:INFO:Uploading model into container now
2026-10-07 18:01:27,061:INFO:_master_model_container: 6
2026-10-07 18:01:27,061:INFO:_display_container: 2
2026-10-07 18:01:27,061:INFO:RidgeClassifier(alpha=1.0, class_weight=None, copy_X=True, fit_intercept=True,
                max_iter=None, positive=False, random_state=123, solver='auto',
                tol=0.0001)
2026-10-07 18:01:27,061:INFO:create_model() successfully completed......................................
2026-10-07 18:01:27,126:INFO:SubProcess create_model() end ==================================
2026-10-07 18:01:27,126:INFO:Creating metrics dataframe
2026-10-07 18:01:27,128:INFO:Initializing Random Forest Classifier
2026-10-07 18:01:27,128:INFO:Total runtime is 0.24784288406372068 minutes
2026-10-07 18:01:27,128:INFO:SubProcess create_model() called ==================================
2026-10-07 18:01:27,128:INFO:Initializing create_model()
2026-10-07 18:01:27,128:INFO:create_model(self=<pycaret.classification.oop.ClassificationExperiment object at 0x000001AF368A6E10>, estimator=rf, fold=StratifiedKFold(n_splits=10, random_state=None, shuffle=False), round=4, cross_validation=True, predict=True, fit_kwargs={}, groups=None, refit=False, probability_threshold=None, experiment_custom_tags=None, verbose=False, system=False, add_to_model_list=True, metrics=None, display=<pycaret.internal.display.display.CommonDisplay object at 0x000001AF3D096290>, model_only=True, return_train_score=False, error_score=0.0, kwargs={})
2026-10-07 18:01:27,128:INFO:Checking exceptions
2026-10-07 18:01:27,128:INFO:Importing libraries
2026-10-07 18:01:27,128:INFO:Copying training dataset
2026-10-07 18:01:27,131:INFO:Defining folds
2026-10-07 18:01:27,131:INFO:Declaring metric variables
2026-10-07 18:01:27,131:INFO:Importing untrained model
2026-10-07 18:01:27,131:INFO:Random Forest Classifier Imported successfully
2026-10-07 18:01:27,131:INFO:Starting cross validation
2026-10-07 18:01:27,132:INFO:Cross validating with StratifiedKFold(n_splits=10, random_state=None, shuffle=False), n_jobs=-1
2026-10-07 18:01:27,975:INFO:Calculating mean and std
2026-10-07 18:01:27,975:INFO:Creating metrics dataframe
2026-10-07 18:01:27,977:INFO:Uploading results into container
2026-10-07 18:01:27,978:INFO:Uploading model into container now
2026-10-07 18:01:27,978:INFO:_master_model_container: 7
2026-10-07 18:01:27,978:INFO:_display_container: 2
2026-10-07 18:01:27,978:INFO:RandomForestClassifier(bootstrap=True, ccp_alpha=0.0, class_weight=None,
                       criterion='gini', max_depth=None, max_features='sqrt',
                       max_leaf_nodes=None, max_samples=None,
                       min_impurity_decrease=0.0, min_samples_leaf=1,
                       min_samples_split=2, min_weight_fraction_leaf=0.0,
                       monotonic_cst=None, n_estimators=100, n_jobs=-1,
                       oob_score=False, random_state=123, verbose=0,
                       warm_start=False)
2026-10-07 18:01:27,978:INFO:create_model() successfully completed......................................
2026-10-07 18:01:28,046:INFO:SubProcess create_model() end ==================================
2026-10-07 18:01:28,046:INFO:Creating metrics dataframe
2026-10-07 18:01:28,048:INFO:Initializing Quadratic Discriminant Analysis
2026-10-07 18:01:28,048:INFO:Total runtime is 0.2631841699282328 minutes
2026-10-07 18:01:28,048:INFO:SubProcess create_model() called ==================================
2026-10-07 18:01:28,048:INFO:Initializing create_model()
2026-10-07 18:01:28,048:INFO:create_model(self=<pycaret.classification.oop.ClassificationExperiment object at 0x000001AF368A6E10>, estimator=qda, fold=StratifiedKFold(n_splits=10, random_state=None, shuffle=False), round=4, cross_validation=True, predict=True, fit_kwargs={}, groups=None, refit=False, probability_threshold=None, experiment_custom_tags=None, verbose=False, system=False, add_to_model_list=True, metrics=None, display=<pycaret.internal.display.display.CommonDisplay object at 0x000001AF3D096290>, model_only=True, return_train_score=False, error_score=0.0, kwargs={})
2026-10-07 18:01:28,048:INFO:Checking exceptions
2026-10-07 18:01:28,048:INFO:Importing libraries
2026-10-07 18:01:28,048:INFO:Copying training dataset
2026-10-07 18:01:28,052:INFO:Defining folds
2026-10-07 18:01:28,052:INFO:Declaring metric variables
2026-10-07 18:01:28,052:INFO:Importing untrained model
2026-10-07 18:01:28,052:INFO:Quadratic Discriminant Analysis Imported successfully
2026-10-07 18:01:28,052:INFO:Starting cross validation
2026-10-07 18:01:28,053:INFO:Cross validating with StratifiedKFold(n_splits=10, random_state=None, shuffle=False), n_jobs=-1
2026-10-07 18:01:28,194:WARNING:D:\AI Engineering\FastAPI\model AI\.venv\Lib\site-packages\sklearn\discriminant_analysis.py:935: UserWarning: Variables are collinear
  warnings.warn("Variables are collinear")

2026-10-07 18:01:28,194:WARNING:D:\AI Engineering\FastAPI\model AI\.venv\Lib\site-packages\sklearn\discriminant_analysis.py:935: UserWarning: Variables are collinear
  warnings.warn("Variables are collinear")

2026-10-07 18:01:28,194:WARNING:D:\AI Engineering\FastAPI\model AI\.venv\Lib\site-packages\sklearn\discriminant_analysis.py:935: UserWarning: Variables are collinear
  warnings.warn("Variables are collinear")

2026-10-07 18:01:28,225:WARNING:D:\AI Engineering\FastAPI\model AI\.venv\Lib\site-packages\pycaret\internal\metrics.py:204: FitFailedWarning: Metric 'make_scorer(roc_auc_score, response_method=('decision_function', 'predict_proba'), average=weighted, multi_class=ovr)' failed and error score 0.0 has been returned instead. If this is a custom metric, this usually means that the error is in the metric code. Full exception below:
Traceback (most recent call last):
  File "D:\AI Engineering\FastAPI\model AI\.venv\Lib\site-packages\pycaret\internal\metrics.py", line 196, in _score
    return super()._score(
           ^^^^^^^^^^^^^^^
  File "D:\AI Engineering\FastAPI\model AI\.venv\Lib\site-packages\sklearn\metrics\_scorer.py", line 350, in _score
    return self._sign * self._score_func(y_true, y_pred, **scoring_kwargs)
                        ^^^^^^^^^^^^^^^^^^^^^^^^^^^^^^^^^^^^^^^^^^^^^^^^^^
  File "D:\AI Engineering\FastAPI\model AI\.venv\Lib\site-packages\pycaret\internal\metrics.py", line 144, in __call__
    return self.score_func(y_true, y_pred, **kwargs)
           ^^^^^^^^^^^^^^^^^^^^^^^^^^^^^^^^^^^^^^^^^
  File "D:\AI Engineering\FastAPI\model AI\.venv\Lib\site-packages\sklearn\utils\_param_validation.py", line 213, in wrapper
    return func(*args, **kwargs)
           ^^^^^^^^^^^^^^^^^^^^^
  File "D:\AI Engineering\FastAPI\model AI\.venv\Lib\site-packages\sklearn\metrics\_ranking.py", line 634, in roc_auc_score
    return _multiclass_roc_auc_score(
           ^^^^^^^^^^^^^^^^^^^^^^^^^^
  File "D:\AI Engineering\FastAPI\model AI\.venv\Lib\site-packages\sklearn\metrics\_ranking.py", line 707, in _multiclass_roc_auc_score
    raise ValueError(
ValueError: Target scores need to be probabilities for multiclass roc_auc, i.e. they should sum up to 1.0 over classes

  warnings.warn(

2026-10-07 18:01:28,232:WARNING:D:\AI Engineering\FastAPI\model AI\.venv\Lib\site-packages\sklearn\discriminant_analysis.py:935: UserWarning: Variables are collinear
  warnings.warn("Variables are collinear")

2026-10-07 18:01:28,232:WARNING:D:\AI Engineering\FastAPI\model AI\.venv\Lib\site-packages\sklearn\discriminant_analysis.py:935: UserWarning: Variables are collinear
  warnings.warn("Variables are collinear")

2026-10-07 18:01:28,232:WARNING:D:\AI Engineering\FastAPI\model AI\.venv\Lib\site-packages\sklearn\discriminant_analysis.py:935: UserWarning: Variables are collinear
  warnings.warn("Variables are collinear")

2026-10-07 18:01:28,232:WARNING:D:\AI Engineering\FastAPI\model AI\.venv\Lib\site-packages\sklearn\discriminant_analysis.py:935: UserWarning: Variables are collinear
  warnings.warn("Variables are collinear")

2026-10-07 18:01:28,232:WARNING:D:\AI Engineering\FastAPI\model AI\.venv\Lib\site-packages\sklearn\discriminant_analysis.py:935: UserWarning: Variables are collinear
  warnings.warn("Variables are collinear")

2026-10-07 18:01:28,233:WARNING:D:\AI Engineering\FastAPI\model AI\.venv\Lib\site-packages\pycaret\internal\metrics.py:204: FitFailedWarning: Metric 'make_scorer(roc_auc_score, response_method=('decision_function', 'predict_proba'), average=weighted, multi_class=ovr)' failed and error score 0.0 has been returned instead. If this is a custom metric, this usually means that the error is in the metric code. Full exception below:
Traceback (most recent call last):
  File "D:\AI Engineering\FastAPI\model AI\.venv\Lib\site-packages\pycaret\internal\metrics.py", line 196, in _score
    return super()._score(
           ^^^^^^^^^^^^^^^
  File "D:\AI Engineering\FastAPI\model AI\.venv\Lib\site-packages\sklearn\metrics\_scorer.py", line 350, in _score
    return self._sign * self._score_func(y_true, y_pred, **scoring_kwargs)
                        ^^^^^^^^^^^^^^^^^^^^^^^^^^^^^^^^^^^^^^^^^^^^^^^^^^
  File "D:\AI Engineering\FastAPI\model AI\.venv\Lib\site-packages\pycaret\internal\metrics.py", line 144, in __call__
    return self.score_func(y_true, y_pred, **kwargs)
           ^^^^^^^^^^^^^^^^^^^^^^^^^^^^^^^^^^^^^^^^^
  File "D:\AI Engineering\FastAPI\model AI\.venv\Lib\site-packages\sklearn\utils\_param_validation.py", line 213, in wrapper
    return func(*args, **kwargs)
           ^^^^^^^^^^^^^^^^^^^^^
  File "D:\AI Engineering\FastAPI\model AI\.venv\Lib\site-packages\sklearn\metrics\_ranking.py", line 634, in roc_auc_score
    return _multiclass_roc_auc_score(
           ^^^^^^^^^^^^^^^^^^^^^^^^^^
  File "D:\AI Engineering\FastAPI\model AI\.venv\Lib\site-packages\sklearn\metrics\_ranking.py", line 707, in _multiclass_roc_auc_score
    raise ValueError(
ValueError: Target scores need to be probabilities for multiclass roc_auc, i.e. they should sum up to 1.0 over classes

  warnings.warn(

2026-10-07 18:01:28,234:WARNING:D:\AI Engineering\FastAPI\model AI\.venv\Lib\site-packages\pycaret\internal\metrics.py:204: FitFailedWarning: Metric 'make_scorer(roc_auc_score, response_method=('decision_function', 'predict_proba'), average=weighted, multi_class=ovr)' failed and error score 0.0 has been returned instead. If this is a custom metric, this usually means that the error is in the metric code. Full exception below:
Traceback (most recent call last):
  File "D:\AI Engineering\FastAPI\model AI\.venv\Lib\site-packages\pycaret\internal\metrics.py", line 196, in _score
    return super()._score(
           ^^^^^^^^^^^^^^^
  File "D:\AI Engineering\FastAPI\model AI\.venv\Lib\site-packages\sklearn\metrics\_scorer.py", line 350, in _score
    return self._sign * self._score_func(y_true, y_pred, **scoring_kwargs)
                        ^^^^^^^^^^^^^^^^^^^^^^^^^^^^^^^^^^^^^^^^^^^^^^^^^^
  File "D:\AI Engineering\FastAPI\model AI\.venv\Lib\site-packages\pycaret\internal\metrics.py", line 144, in __call__
    return self.score_func(y_true, y_pred, **kwargs)
           ^^^^^^^^^^^^^^^^^^^^^^^^^^^^^^^^^^^^^^^^^
  File "D:\AI Engineering\FastAPI\model AI\.venv\Lib\site-packages\sklearn\utils\_param_validation.py", line 213, in wrapper
    return func(*args, **kwargs)
           ^^^^^^^^^^^^^^^^^^^^^
  File "D:\AI Engineering\FastAPI\model AI\.venv\Lib\site-packages\sklearn\metrics\_ranking.py", line 634, in roc_auc_score
    return _multiclass_roc_auc_score(
           ^^^^^^^^^^^^^^^^^^^^^^^^^^
  File "D:\AI Engineering\FastAPI\model AI\.venv\Lib\site-packages\sklearn\metrics\_ranking.py", line 707, in _multiclass_roc_auc_score
    raise ValueError(
ValueError: Target scores need to be probabilities for multiclass roc_auc, i.e. they should sum up to 1.0 over classes

  warnings.warn(

2026-10-07 18:01:28,272:WARNING:D:\AI Engineering\FastAPI\model AI\.venv\Lib\site-packages\pycaret\internal\metrics.py:204: FitFailedWarning: Metric 'make_scorer(roc_auc_score, response_method=('decision_function', 'predict_proba'), average=weighted, multi_class=ovr)' failed and error score 0.0 has been returned instead. If this is a custom metric, this usually means that the error is in the metric code. Full exception below:
Traceback (most recent call last):
  File "D:\AI Engineering\FastAPI\model AI\.venv\Lib\site-packages\pycaret\internal\metrics.py", line 196, in _score
    return super()._score(
           ^^^^^^^^^^^^^^^
  File "D:\AI Engineering\FastAPI\model AI\.venv\Lib\site-packages\sklearn\metrics\_scorer.py", line 350, in _score
    return self._sign * self._score_func(y_true, y_pred, **scoring_kwargs)
                        ^^^^^^^^^^^^^^^^^^^^^^^^^^^^^^^^^^^^^^^^^^^^^^^^^^
  File "D:\AI Engineering\FastAPI\model AI\.venv\Lib\site-packages\pycaret\internal\metrics.py", line 144, in __call__
    return self.score_func(y_true, y_pred, **kwargs)
           ^^^^^^^^^^^^^^^^^^^^^^^^^^^^^^^^^^^^^^^^^
  File "D:\AI Engineering\FastAPI\model AI\.venv\Lib\site-packages\sklearn\utils\_param_validation.py", line 213, in wrapper
    return func(*args, **kwargs)
           ^^^^^^^^^^^^^^^^^^^^^
  File "D:\AI Engineering\FastAPI\model AI\.venv\Lib\site-packages\sklearn\metrics\_ranking.py", line 634, in roc_auc_score
    return _multiclass_roc_auc_score(
           ^^^^^^^^^^^^^^^^^^^^^^^^^^
  File "D:\AI Engineering\FastAPI\model AI\.venv\Lib\site-packages\sklearn\metrics\_ranking.py", line 707, in _multiclass_roc_auc_score
    raise ValueError(
ValueError: Target scores need to be probabilities for multiclass roc_auc, i.e. they should sum up to 1.0 over classes

  warnings.warn(

2026-10-07 18:01:28,274:WARNING:D:\AI Engineering\FastAPI\model AI\.venv\Lib\site-packages\pycaret\internal\metrics.py:204: FitFailedWarning: Metric 'make_scorer(roc_auc_score, response_method=('decision_function', 'predict_proba'), average=weighted, multi_class=ovr)' failed and error score 0.0 has been returned instead. If this is a custom metric, this usually means that the error is in the metric code. Full exception below:
Traceback (most recent call last):
  File "D:\AI Engineering\FastAPI\model AI\.venv\Lib\site-packages\pycaret\internal\metrics.py", line 196, in _score
    return super()._score(
           ^^^^^^^^^^^^^^^
  File "D:\AI Engineering\FastAPI\model AI\.venv\Lib\site-packages\sklearn\metrics\_scorer.py", line 350, in _score
    return self._sign * self._score_func(y_true, y_pred, **scoring_kwargs)
                        ^^^^^^^^^^^^^^^^^^^^^^^^^^^^^^^^^^^^^^^^^^^^^^^^^^
  File "D:\AI Engineering\FastAPI\model AI\.venv\Lib\site-packages\pycaret\internal\metrics.py", line 144, in __call__
    return self.score_func(y_true, y_pred, **kwargs)
           ^^^^^^^^^^^^^^^^^^^^^^^^^^^^^^^^^^^^^^^^^
  File "D:\AI Engineering\FastAPI\model AI\.venv\Lib\site-packages\sklearn\utils\_param_validation.py", line 213, in wrapper
    return func(*args, **kwargs)
           ^^^^^^^^^^^^^^^^^^^^^
  File "D:\AI Engineering\FastAPI\model AI\.venv\Lib\site-packages\sklearn\metrics\_ranking.py", line 634, in roc_auc_score
    return _multiclass_roc_auc_score(
           ^^^^^^^^^^^^^^^^^^^^^^^^^^
  File "D:\AI Engineering\FastAPI\model AI\.venv\Lib\site-packages\sklearn\metrics\_ranking.py", line 707, in _multiclass_roc_auc_score
    raise ValueError(
ValueError: Target scores need to be probabilities for multiclass roc_auc, i.e. they should sum up to 1.0 over classes

  warnings.warn(

2026-10-07 18:01:28,274:WARNING:D:\AI Engineering\FastAPI\model AI\.venv\Lib\site-packages\pycaret\internal\metrics.py:204: FitFailedWarning: Metric 'make_scorer(roc_auc_score, response_method=('decision_function', 'predict_proba'), average=weighted, multi_class=ovr)' failed and error score 0.0 has been returned instead. If this is a custom metric, this usually means that the error is in the metric code. Full exception below:
Traceback (most recent call last):
  File "D:\AI Engineering\FastAPI\model AI\.venv\Lib\site-packages\pycaret\internal\metrics.py", line 196, in _score
    return super()._score(
           ^^^^^^^^^^^^^^^
  File "D:\AI Engineering\FastAPI\model AI\.venv\Lib\site-packages\sklearn\metrics\_scorer.py", line 350, in _score
    return self._sign * self._score_func(y_true, y_pred, **scoring_kwargs)
                        ^^^^^^^^^^^^^^^^^^^^^^^^^^^^^^^^^^^^^^^^^^^^^^^^^^
  File "D:\AI Engineering\FastAPI\model AI\.venv\Lib\site-packages\pycaret\internal\metrics.py", line 144, in __call__
    return self.score_func(y_true, y_pred, **kwargs)
           ^^^^^^^^^^^^^^^^^^^^^^^^^^^^^^^^^^^^^^^^^
  File "D:\AI Engineering\FastAPI\model AI\.venv\Lib\site-packages\sklearn\utils\_param_validation.py", line 213, in wrapper
    return func(*args, **kwargs)
           ^^^^^^^^^^^^^^^^^^^^^
  File "D:\AI Engineering\FastAPI\model AI\.venv\Lib\site-packages\sklearn\metrics\_ranking.py", line 634, in roc_auc_score
    return _multiclass_roc_auc_score(
           ^^^^^^^^^^^^^^^^^^^^^^^^^^
  File "D:\AI Engineering\FastAPI\model AI\.venv\Lib\site-packages\sklearn\metrics\_ranking.py", line 707, in _multiclass_roc_auc_score
    raise ValueError(
ValueError: Target scores need to be probabilities for multiclass roc_auc, i.e. they should sum up to 1.0 over classes

  warnings.warn(

2026-10-07 18:01:28,274:WARNING:D:\AI Engineering\FastAPI\model AI\.venv\Lib\site-packages\pycaret\internal\metrics.py:204: FitFailedWarning: Metric 'make_scorer(roc_auc_score, response_method=('decision_function', 'predict_proba'), average=weighted, multi_class=ovr)' failed and error score 0.0 has been returned instead. If this is a custom metric, this usually means that the error is in the metric code. Full exception below:
Traceback (most recent call last):
  File "D:\AI Engineering\FastAPI\model AI\.venv\Lib\site-packages\pycaret\internal\metrics.py", line 196, in _score
    return super()._score(
           ^^^^^^^^^^^^^^^
  File "D:\AI Engineering\FastAPI\model AI\.venv\Lib\site-packages\sklearn\metrics\_scorer.py", line 350, in _score
    return self._sign * self._score_func(y_true, y_pred, **scoring_kwargs)
                        ^^^^^^^^^^^^^^^^^^^^^^^^^^^^^^^^^^^^^^^^^^^^^^^^^^
  File "D:\AI Engineering\FastAPI\model AI\.venv\Lib\site-packages\pycaret\internal\metrics.py", line 144, in __call__
    return self.score_func(y_true, y_pred, **kwargs)
           ^^^^^^^^^^^^^^^^^^^^^^^^^^^^^^^^^^^^^^^^^
  File "D:\AI Engineering\FastAPI\model AI\.venv\Lib\site-packages\sklearn\utils\_param_validation.py", line 213, in wrapper
    return func(*args, **kwargs)
           ^^^^^^^^^^^^^^^^^^^^^
  File "D:\AI Engineering\FastAPI\model AI\.venv\Lib\site-packages\sklearn\metrics\_ranking.py", line 634, in roc_auc_score
    return _multiclass_roc_auc_score(
           ^^^^^^^^^^^^^^^^^^^^^^^^^^
  File "D:\AI Engineering\FastAPI\model AI\.venv\Lib\site-packages\sklearn\metrics\_ranking.py", line 707, in _multiclass_roc_auc_score
    raise ValueError(
ValueError: Target scores need to be probabilities for multiclass roc_auc, i.e. they should sum up to 1.0 over classes

  warnings.warn(

2026-10-07 18:01:28,279:WARNING:D:\AI Engineering\FastAPI\model AI\.venv\Lib\site-packages\pycaret\internal\metrics.py:204: FitFailedWarning: Metric 'make_scorer(roc_auc_score, response_method=('decision_function', 'predict_proba'), average=weighted, multi_class=ovr)' failed and error score 0.0 has been returned instead. If this is a custom metric, this usually means that the error is in the metric code. Full exception below:
Traceback (most recent call last):
  File "D:\AI Engineering\FastAPI\model AI\.venv\Lib\site-packages\pycaret\internal\metrics.py", line 196, in _score
    return super()._score(
           ^^^^^^^^^^^^^^^
  File "D:\AI Engineering\FastAPI\model AI\.venv\Lib\site-packages\sklearn\metrics\_scorer.py", line 350, in _score
    return self._sign * self._score_func(y_true, y_pred, **scoring_kwargs)
                        ^^^^^^^^^^^^^^^^^^^^^^^^^^^^^^^^^^^^^^^^^^^^^^^^^^
  File "D:\AI Engineering\FastAPI\model AI\.venv\Lib\site-packages\pycaret\internal\metrics.py", line 144, in __call__
    return self.score_func(y_true, y_pred, **kwargs)
           ^^^^^^^^^^^^^^^^^^^^^^^^^^^^^^^^^^^^^^^^^
  File "D:\AI Engineering\FastAPI\model AI\.venv\Lib\site-packages\sklearn\utils\_param_validation.py", line 213, in wrapper
    return func(*args, **kwargs)
           ^^^^^^^^^^^^^^^^^^^^^
  File "D:\AI Engineering\FastAPI\model AI\.venv\Lib\site-packages\sklearn\metrics\_ranking.py", line 634, in roc_auc_score
    return _multiclass_roc_auc_score(
           ^^^^^^^^^^^^^^^^^^^^^^^^^^
  File "D:\AI Engineering\FastAPI\model AI\.venv\Lib\site-packages\sklearn\metrics\_ranking.py", line 707, in _multiclass_roc_auc_score
    raise ValueError(
ValueError: Target scores need to be probabilities for multiclass roc_auc, i.e. they should sum up to 1.0 over classes

  warnings.warn(

2026-10-07 18:01:28,283:WARNING:D:\AI Engineering\FastAPI\model AI\.venv\Lib\site-packages\pycaret\internal\metrics.py:204: FitFailedWarning: Metric 'make_scorer(roc_auc_score, response_method=('decision_function', 'predict_proba'), average=weighted, multi_class=ovr)' failed and error score 0.0 has been returned instead. If this is a custom metric, this usually means that the error is in the metric code. Full exception below:
Traceback (most recent call last):
  File "D:\AI Engineering\FastAPI\model AI\.venv\Lib\site-packages\pycaret\internal\metrics.py", line 196, in _score
    return super()._score(
           ^^^^^^^^^^^^^^^
  File "D:\AI Engineering\FastAPI\model AI\.venv\Lib\site-packages\sklearn\metrics\_scorer.py", line 350, in _score
    return self._sign * self._score_func(y_true, y_pred, **scoring_kwargs)
                        ^^^^^^^^^^^^^^^^^^^^^^^^^^^^^^^^^^^^^^^^^^^^^^^^^^
  File "D:\AI Engineering\FastAPI\model AI\.venv\Lib\site-packages\pycaret\internal\metrics.py", line 144, in __call__
    return self.score_func(y_true, y_pred, **kwargs)
           ^^^^^^^^^^^^^^^^^^^^^^^^^^^^^^^^^^^^^^^^^
  File "D:\AI Engineering\FastAPI\model AI\.venv\Lib\site-packages\sklearn\utils\_param_validation.py", line 213, in wrapper
    return func(*args, **kwargs)
           ^^^^^^^^^^^^^^^^^^^^^
  File "D:\AI Engineering\FastAPI\model AI\.venv\Lib\site-packages\sklearn\metrics\_ranking.py", line 634, in roc_auc_score
    return _multiclass_roc_auc_score(
           ^^^^^^^^^^^^^^^^^^^^^^^^^^
  File "D:\AI Engineering\FastAPI\model AI\.venv\Lib\site-packages\sklearn\metrics\_ranking.py", line 707, in _multiclass_roc_auc_score
    raise ValueError(
ValueError: Target scores need to be probabilities for multiclass roc_auc, i.e. they should sum up to 1.0 over classes

  warnings.warn(

2026-10-07 18:01:28,286:WARNING:D:\AI Engineering\FastAPI\model AI\.venv\Lib\site-packages\pycaret\internal\metrics.py:204: FitFailedWarning: Metric 'make_scorer(roc_auc_score, response_method=('decision_function', 'predict_proba'), average=weighted, multi_class=ovr)' failed and error score 0.0 has been returned instead. If this is a custom metric, this usually means that the error is in the metric code. Full exception below:
Traceback (most recent call last):
  File "D:\AI Engineering\FastAPI\model AI\.venv\Lib\site-packages\pycaret\internal\metrics.py", line 196, in _score
    return super()._score(
           ^^^^^^^^^^^^^^^
  File "D:\AI Engineering\FastAPI\model AI\.venv\Lib\site-packages\sklearn\metrics\_scorer.py", line 350, in _score
    return self._sign * self._score_func(y_true, y_pred, **scoring_kwargs)
                        ^^^^^^^^^^^^^^^^^^^^^^^^^^^^^^^^^^^^^^^^^^^^^^^^^^
  File "D:\AI Engineering\FastAPI\model AI\.venv\Lib\site-packages\pycaret\internal\metrics.py", line 144, in __call__
    return self.score_func(y_true, y_pred, **kwargs)
           ^^^^^^^^^^^^^^^^^^^^^^^^^^^^^^^^^^^^^^^^^
  File "D:\AI Engineering\FastAPI\model AI\.venv\Lib\site-packages\sklearn\utils\_param_validation.py", line 213, in wrapper
    return func(*args, **kwargs)
           ^^^^^^^^^^^^^^^^^^^^^
  File "D:\AI Engineering\FastAPI\model AI\.venv\Lib\site-packages\sklearn\metrics\_ranking.py", line 634, in roc_auc_score
    return _multiclass_roc_auc_score(
           ^^^^^^^^^^^^^^^^^^^^^^^^^^
  File "D:\AI Engineering\FastAPI\model AI\.venv\Lib\site-packages\sklearn\metrics\_ranking.py", line 707, in _multiclass_roc_auc_score
    raise ValueError(
ValueError: Target scores need to be probabilities for multiclass roc_auc, i.e. they should sum up to 1.0 over classes

  warnings.warn(

2026-10-07 18:01:28,308:INFO:Calculating mean and std
2026-10-07 18:01:28,309:INFO:Creating metrics dataframe
2026-10-07 18:01:28,310:INFO:Uploading results into container
2026-10-07 18:01:28,310:INFO:Uploading model into container now
2026-10-07 18:01:28,310:INFO:_master_model_container: 8
2026-10-07 18:01:28,310:INFO:_display_container: 2
2026-10-07 18:01:28,311:INFO:QuadraticDiscriminantAnalysis(priors=None, reg_param=0.0,
                              store_covariance=False, tol=0.0001)
2026-10-07 18:01:28,311:INFO:create_model() successfully completed......................................
2026-10-07 18:01:28,376:INFO:SubProcess create_model() end ==================================
2026-10-07 18:01:28,376:INFO:Creating metrics dataframe
2026-10-07 18:01:28,378:INFO:Initializing Ada Boost Classifier
2026-10-07 18:01:28,378:INFO:Total runtime is 0.26868665218353266 minutes
2026-10-07 18:01:28,378:INFO:SubProcess create_model() called ==================================
2026-10-07 18:01:28,378:INFO:Initializing create_model()
2026-10-07 18:01:28,378:INFO:create_model(self=<pycaret.classification.oop.ClassificationExperiment object at 0x000001AF368A6E10>, estimator=ada, fold=StratifiedKFold(n_splits=10, random_state=None, shuffle=False), round=4, cross_validation=True, predict=True, fit_kwargs={}, groups=None, refit=False, probability_threshold=None, experiment_custom_tags=None, verbose=False, system=False, add_to_model_list=True, metrics=None, display=<pycaret.internal.display.display.CommonDisplay object at 0x000001AF3D096290>, model_only=True, return_train_score=False, error_score=0.0, kwargs={})
2026-10-07 18:01:28,378:INFO:Checking exceptions
2026-10-07 18:01:28,378:INFO:Importing libraries
2026-10-07 18:01:28,378:INFO:Copying training dataset
2026-10-07 18:01:28,382:INFO:Defining folds
2026-10-07 18:01:28,382:INFO:Declaring metric variables
2026-10-07 18:01:28,382:INFO:Importing untrained model
2026-10-07 18:01:28,382:INFO:Ada Boost Classifier Imported successfully
2026-10-07 18:01:28,382:INFO:Starting cross validation
2026-10-07 18:01:28,383:INFO:Cross validating with StratifiedKFold(n_splits=10, random_state=None, shuffle=False), n_jobs=-1
2026-10-07 18:01:28,531:WARNING:D:\AI Engineering\FastAPI\model AI\.venv\Lib\site-packages\sklearn\ensemble\_weight_boosting.py:519: FutureWarning: The SAMME.R algorithm (the default) is deprecated and will be removed in 1.6. Use the SAMME algorithm to circumvent this warning.
  warnings.warn(

2026-10-07 18:01:28,533:WARNING:D:\AI Engineering\FastAPI\model AI\.venv\Lib\site-packages\sklearn\ensemble\_weight_boosting.py:519: FutureWarning: The SAMME.R algorithm (the default) is deprecated and will be removed in 1.6. Use the SAMME algorithm to circumvent this warning.
  warnings.warn(

2026-10-07 18:01:28,534:WARNING:D:\AI Engineering\FastAPI\model AI\.venv\Lib\site-packages\sklearn\ensemble\_weight_boosting.py:519: FutureWarning: The SAMME.R algorithm (the default) is deprecated and will be removed in 1.6. Use the SAMME algorithm to circumvent this warning.
  warnings.warn(

2026-10-07 18:01:28,535:WARNING:D:\AI Engineering\FastAPI\model AI\.venv\Lib\site-packages\sklearn\ensemble\_weight_boosting.py:519: FutureWarning: The SAMME.R algorithm (the default) is deprecated and will be removed in 1.6. Use the SAMME algorithm to circumvent this warning.
  warnings.warn(

2026-10-07 18:01:28,537:WARNING:D:\AI Engineering\FastAPI\model AI\.venv\Lib\site-packages\sklearn\ensemble\_weight_boosting.py:519: FutureWarning: The SAMME.R algorithm (the default) is deprecated and will be removed in 1.6. Use the SAMME algorithm to circumvent this warning.
  warnings.warn(

2026-10-07 18:01:28,541:WARNING:D:\AI Engineering\FastAPI\model AI\.venv\Lib\site-packages\sklearn\ensemble\_weight_boosting.py:519: FutureWarning: The SAMME.R algorithm (the default) is deprecated and will be removed in 1.6. Use the SAMME algorithm to circumvent this warning.
  warnings.warn(

2026-10-07 18:01:28,549:WARNING:D:\AI Engineering\FastAPI\model AI\.venv\Lib\site-packages\sklearn\ensemble\_weight_boosting.py:519: FutureWarning: The SAMME.R algorithm (the default) is deprecated and will be removed in 1.6. Use the SAMME algorithm to circumvent this warning.
  warnings.warn(

2026-10-07 18:01:28,555:WARNING:D:\AI Engineering\FastAPI\model AI\.venv\Lib\site-packages\sklearn\ensemble\_weight_boosting.py:519: FutureWarning: The SAMME.R algorithm (the default) is deprecated and will be removed in 1.6. Use the SAMME algorithm to circumvent this warning.
  warnings.warn(

2026-10-07 18:01:28,561:WARNING:D:\AI Engineering\FastAPI\model AI\.venv\Lib\site-packages\sklearn\ensemble\_weight_boosting.py:519: FutureWarning: The SAMME.R algorithm (the default) is deprecated and will be removed in 1.6. Use the SAMME algorithm to circumvent this warning.
  warnings.warn(

2026-10-07 18:01:28,585:WARNING:D:\AI Engineering\FastAPI\model AI\.venv\Lib\site-packages\sklearn\ensemble\_weight_boosting.py:519: FutureWarning: The SAMME.R algorithm (the default) is deprecated and will be removed in 1.6. Use the SAMME algorithm to circumvent this warning.
  warnings.warn(

2026-10-07 18:01:28,801:WARNING:D:\AI Engineering\FastAPI\model AI\.venv\Lib\site-packages\pycaret\internal\metrics.py:204: FitFailedWarning: Metric 'make_scorer(roc_auc_score, response_method=('decision_function', 'predict_proba'), average=weighted, multi_class=ovr)' failed and error score 0.0 has been returned instead. If this is a custom metric, this usually means that the error is in the metric code. Full exception below:
Traceback (most recent call last):
  File "D:\AI Engineering\FastAPI\model AI\.venv\Lib\site-packages\pycaret\internal\metrics.py", line 196, in _score
    return super()._score(
           ^^^^^^^^^^^^^^^
  File "D:\AI Engineering\FastAPI\model AI\.venv\Lib\site-packages\sklearn\metrics\_scorer.py", line 350, in _score
    return self._sign * self._score_func(y_true, y_pred, **scoring_kwargs)
                        ^^^^^^^^^^^^^^^^^^^^^^^^^^^^^^^^^^^^^^^^^^^^^^^^^^
  File "D:\AI Engineering\FastAPI\model AI\.venv\Lib\site-packages\pycaret\internal\metrics.py", line 144, in __call__
    return self.score_func(y_true, y_pred, **kwargs)
           ^^^^^^^^^^^^^^^^^^^^^^^^^^^^^^^^^^^^^^^^^
  File "D:\AI Engineering\FastAPI\model AI\.venv\Lib\site-packages\sklearn\utils\_param_validation.py", line 213, in wrapper
    return func(*args, **kwargs)
           ^^^^^^^^^^^^^^^^^^^^^
  File "D:\AI Engineering\FastAPI\model AI\.venv\Lib\site-packages\sklearn\metrics\_ranking.py", line 634, in roc_auc_score
    return _multiclass_roc_auc_score(
           ^^^^^^^^^^^^^^^^^^^^^^^^^^
  File "D:\AI Engineering\FastAPI\model AI\.venv\Lib\site-packages\sklearn\metrics\_ranking.py", line 707, in _multiclass_roc_auc_score
    raise ValueError(
ValueError: Target scores need to be probabilities for multiclass roc_auc, i.e. they should sum up to 1.0 over classes

  warnings.warn(

2026-10-07 18:01:28,810:WARNING:D:\AI Engineering\FastAPI\model AI\.venv\Lib\site-packages\pycaret\internal\metrics.py:204: FitFailedWarning: Metric 'make_scorer(roc_auc_score, response_method=('decision_function', 'predict_proba'), average=weighted, multi_class=ovr)' failed and error score 0.0 has been returned instead. If this is a custom metric, this usually means that the error is in the metric code. Full exception below:
Traceback (most recent call last):
  File "D:\AI Engineering\FastAPI\model AI\.venv\Lib\site-packages\pycaret\internal\metrics.py", line 196, in _score
    return super()._score(
           ^^^^^^^^^^^^^^^
  File "D:\AI Engineering\FastAPI\model AI\.venv\Lib\site-packages\sklearn\metrics\_scorer.py", line 350, in _score
    return self._sign * self._score_func(y_true, y_pred, **scoring_kwargs)
                        ^^^^^^^^^^^^^^^^^^^^^^^^^^^^^^^^^^^^^^^^^^^^^^^^^^
  File "D:\AI Engineering\FastAPI\model AI\.venv\Lib\site-packages\pycaret\internal\metrics.py", line 144, in __call__
    return self.score_func(y_true, y_pred, **kwargs)
           ^^^^^^^^^^^^^^^^^^^^^^^^^^^^^^^^^^^^^^^^^
  File "D:\AI Engineering\FastAPI\model AI\.venv\Lib\site-packages\sklearn\utils\_param_validation.py", line 213, in wrapper
    return func(*args, **kwargs)
           ^^^^^^^^^^^^^^^^^^^^^
  File "D:\AI Engineering\FastAPI\model AI\.venv\Lib\site-packages\sklearn\metrics\_ranking.py", line 634, in roc_auc_score
    return _multiclass_roc_auc_score(
           ^^^^^^^^^^^^^^^^^^^^^^^^^^
  File "D:\AI Engineering\FastAPI\model AI\.venv\Lib\site-packages\sklearn\metrics\_ranking.py", line 707, in _multiclass_roc_auc_score
    raise ValueError(
ValueError: Target scores need to be probabilities for multiclass roc_auc, i.e. they should sum up to 1.0 over classes

  warnings.warn(

2026-10-07 18:01:28,810:WARNING:D:\AI Engineering\FastAPI\model AI\.venv\Lib\site-packages\pycaret\internal\metrics.py:204: FitFailedWarning: Metric 'make_scorer(roc_auc_score, response_method=('decision_function', 'predict_proba'), average=weighted, multi_class=ovr)' failed and error score 0.0 has been returned instead. If this is a custom metric, this usually means that the error is in the metric code. Full exception below:
Traceback (most recent call last):
  File "D:\AI Engineering\FastAPI\model AI\.venv\Lib\site-packages\pycaret\internal\metrics.py", line 196, in _score
    return super()._score(
           ^^^^^^^^^^^^^^^
  File "D:\AI Engineering\FastAPI\model AI\.venv\Lib\site-packages\sklearn\metrics\_scorer.py", line 350, in _score
    return self._sign * self._score_func(y_true, y_pred, **scoring_kwargs)
                        ^^^^^^^^^^^^^^^^^^^^^^^^^^^^^^^^^^^^^^^^^^^^^^^^^^
  File "D:\AI Engineering\FastAPI\model AI\.venv\Lib\site-packages\pycaret\internal\metrics.py", line 144, in __call__
    return self.score_func(y_true, y_pred, **kwargs)
           ^^^^^^^^^^^^^^^^^^^^^^^^^^^^^^^^^^^^^^^^^
  File "D:\AI Engineering\FastAPI\model AI\.venv\Lib\site-packages\sklearn\utils\_param_validation.py", line 213, in wrapper
    return func(*args, **kwargs)
           ^^^^^^^^^^^^^^^^^^^^^
  File "D:\AI Engineering\FastAPI\model AI\.venv\Lib\site-packages\sklearn\metrics\_ranking.py", line 634, in roc_auc_score
    return _multiclass_roc_auc_score(
           ^^^^^^^^^^^^^^^^^^^^^^^^^^
  File "D:\AI Engineering\FastAPI\model AI\.venv\Lib\site-packages\sklearn\metrics\_ranking.py", line 707, in _multiclass_roc_auc_score
    raise ValueError(
ValueError: Target scores need to be probabilities for multiclass roc_auc, i.e. they should sum up to 1.0 over classes

  warnings.warn(

2026-10-07 18:01:28,811:WARNING:D:\AI Engineering\FastAPI\model AI\.venv\Lib\site-packages\pycaret\internal\metrics.py:204: FitFailedWarning: Metric 'make_scorer(roc_auc_score, response_method=('decision_function', 'predict_proba'), average=weighted, multi_class=ovr)' failed and error score 0.0 has been returned instead. If this is a custom metric, this usually means that the error is in the metric code. Full exception below:
Traceback (most recent call last):
  File "D:\AI Engineering\FastAPI\model AI\.venv\Lib\site-packages\pycaret\internal\metrics.py", line 196, in _score
    return super()._score(
           ^^^^^^^^^^^^^^^
  File "D:\AI Engineering\FastAPI\model AI\.venv\Lib\site-packages\sklearn\metrics\_scorer.py", line 350, in _score
    return self._sign * self._score_func(y_true, y_pred, **scoring_kwargs)
                        ^^^^^^^^^^^^^^^^^^^^^^^^^^^^^^^^^^^^^^^^^^^^^^^^^^
  File "D:\AI Engineering\FastAPI\model AI\.venv\Lib\site-packages\pycaret\internal\metrics.py", line 144, in __call__
    return self.score_func(y_true, y_pred, **kwargs)
           ^^^^^^^^^^^^^^^^^^^^^^^^^^^^^^^^^^^^^^^^^
  File "D:\AI Engineering\FastAPI\model AI\.venv\Lib\site-packages\sklearn\utils\_param_validation.py", line 213, in wrapper
    return func(*args, **kwargs)
           ^^^^^^^^^^^^^^^^^^^^^
  File "D:\AI Engineering\FastAPI\model AI\.venv\Lib\site-packages\sklearn\metrics\_ranking.py", line 634, in roc_auc_score
    return _multiclass_roc_auc_score(
           ^^^^^^^^^^^^^^^^^^^^^^^^^^
  File "D:\AI Engineering\FastAPI\model AI\.venv\Lib\site-packages\sklearn\metrics\_ranking.py", line 707, in _multiclass_roc_auc_score
    raise ValueError(
ValueError: Target scores need to be probabilities for multiclass roc_auc, i.e. they should sum up to 1.0 over classes

  warnings.warn(

2026-10-07 18:01:28,816:WARNING:D:\AI Engineering\FastAPI\model AI\.venv\Lib\site-packages\pycaret\internal\metrics.py:204: FitFailedWarning: Metric 'make_scorer(roc_auc_score, response_method=('decision_function', 'predict_proba'), average=weighted, multi_class=ovr)' failed and error score 0.0 has been returned instead. If this is a custom metric, this usually means that the error is in the metric code. Full exception below:
Traceback (most recent call last):
  File "D:\AI Engineering\FastAPI\model AI\.venv\Lib\site-packages\pycaret\internal\metrics.py", line 196, in _score
    return super()._score(
           ^^^^^^^^^^^^^^^
  File "D:\AI Engineering\FastAPI\model AI\.venv\Lib\site-packages\sklearn\metrics\_scorer.py", line 350, in _score
    return self._sign * self._score_func(y_true, y_pred, **scoring_kwargs)
                        ^^^^^^^^^^^^^^^^^^^^^^^^^^^^^^^^^^^^^^^^^^^^^^^^^^
  File "D:\AI Engineering\FastAPI\model AI\.venv\Lib\site-packages\pycaret\internal\metrics.py", line 144, in __call__
    return self.score_func(y_true, y_pred, **kwargs)
           ^^^^^^^^^^^^^^^^^^^^^^^^^^^^^^^^^^^^^^^^^
  File "D:\AI Engineering\FastAPI\model AI\.venv\Lib\site-packages\sklearn\utils\_param_validation.py", line 213, in wrapper
    return func(*args, **kwargs)
           ^^^^^^^^^^^^^^^^^^^^^
  File "D:\AI Engineering\FastAPI\model AI\.venv\Lib\site-packages\sklearn\metrics\_ranking.py", line 634, in roc_auc_score
    return _multiclass_roc_auc_score(
           ^^^^^^^^^^^^^^^^^^^^^^^^^^
  File "D:\AI Engineering\FastAPI\model AI\.venv\Lib\site-packages\sklearn\metrics\_ranking.py", line 707, in _multiclass_roc_auc_score
    raise ValueError(
ValueError: Target scores need to be probabilities for multiclass roc_auc, i.e. they should sum up to 1.0 over classes

  warnings.warn(

2026-10-07 18:01:28,818:WARNING:D:\AI Engineering\FastAPI\model AI\.venv\Lib\site-packages\pycaret\internal\metrics.py:204: FitFailedWarning: Metric 'make_scorer(roc_auc_score, response_method=('decision_function', 'predict_proba'), average=weighted, multi_class=ovr)' failed and error score 0.0 has been returned instead. If this is a custom metric, this usually means that the error is in the metric code. Full exception below:
Traceback (most recent call last):
  File "D:\AI Engineering\FastAPI\model AI\.venv\Lib\site-packages\pycaret\internal\metrics.py", line 196, in _score
    return super()._score(
           ^^^^^^^^^^^^^^^
  File "D:\AI Engineering\FastAPI\model AI\.venv\Lib\site-packages\sklearn\metrics\_scorer.py", line 350, in _score
    return self._sign * self._score_func(y_true, y_pred, **scoring_kwargs)
                        ^^^^^^^^^^^^^^^^^^^^^^^^^^^^^^^^^^^^^^^^^^^^^^^^^^
  File "D:\AI Engineering\FastAPI\model AI\.venv\Lib\site-packages\pycaret\internal\metrics.py", line 144, in __call__
    return self.score_func(y_true, y_pred, **kwargs)
           ^^^^^^^^^^^^^^^^^^^^^^^^^^^^^^^^^^^^^^^^^
  File "D:\AI Engineering\FastAPI\model AI\.venv\Lib\site-packages\sklearn\utils\_param_validation.py", line 213, in wrapper
    return func(*args, **kwargs)
           ^^^^^^^^^^^^^^^^^^^^^
  File "D:\AI Engineering\FastAPI\model AI\.venv\Lib\site-packages\sklearn\metrics\_ranking.py", line 634, in roc_auc_score
    return _multiclass_roc_auc_score(
           ^^^^^^^^^^^^^^^^^^^^^^^^^^
  File "D:\AI Engineering\FastAPI\model AI\.venv\Lib\site-packages\sklearn\metrics\_ranking.py", line 707, in _multiclass_roc_auc_score
    raise ValueError(
ValueError: Target scores need to be probabilities for multiclass roc_auc, i.e. they should sum up to 1.0 over classes

  warnings.warn(

2026-10-07 18:01:28,826:WARNING:D:\AI Engineering\FastAPI\model AI\.venv\Lib\site-packages\pycaret\internal\metrics.py:204: FitFailedWarning: Metric 'make_scorer(roc_auc_score, response_method=('decision_function', 'predict_proba'), average=weighted, multi_class=ovr)' failed and error score 0.0 has been returned instead. If this is a custom metric, this usually means that the error is in the metric code. Full exception below:
Traceback (most recent call last):
  File "D:\AI Engineering\FastAPI\model AI\.venv\Lib\site-packages\pycaret\internal\metrics.py", line 196, in _score
    return super()._score(
           ^^^^^^^^^^^^^^^
  File "D:\AI Engineering\FastAPI\model AI\.venv\Lib\site-packages\sklearn\metrics\_scorer.py", line 350, in _score
    return self._sign * self._score_func(y_true, y_pred, **scoring_kwargs)
                        ^^^^^^^^^^^^^^^^^^^^^^^^^^^^^^^^^^^^^^^^^^^^^^^^^^
  File "D:\AI Engineering\FastAPI\model AI\.venv\Lib\site-packages\pycaret\internal\metrics.py", line 144, in __call__
    return self.score_func(y_true, y_pred, **kwargs)
           ^^^^^^^^^^^^^^^^^^^^^^^^^^^^^^^^^^^^^^^^^
  File "D:\AI Engineering\FastAPI\model AI\.venv\Lib\site-packages\sklearn\utils\_param_validation.py", line 213, in wrapper
    return func(*args, **kwargs)
           ^^^^^^^^^^^^^^^^^^^^^
  File "D:\AI Engineering\FastAPI\model AI\.venv\Lib\site-packages\sklearn\metrics\_ranking.py", line 634, in roc_auc_score
    return _multiclass_roc_auc_score(
           ^^^^^^^^^^^^^^^^^^^^^^^^^^
  File "D:\AI Engineering\FastAPI\model AI\.venv\Lib\site-packages\sklearn\metrics\_ranking.py", line 707, in _multiclass_roc_auc_score
    raise ValueError(
ValueError: Target scores need to be probabilities for multiclass roc_auc, i.e. they should sum up to 1.0 over classes

  warnings.warn(

2026-10-07 18:01:28,829:WARNING:D:\AI Engineering\FastAPI\model AI\.venv\Lib\site-packages\pycaret\internal\metrics.py:204: FitFailedWarning: Metric 'make_scorer(roc_auc_score, response_method=('decision_function', 'predict_proba'), average=weighted, multi_class=ovr)' failed and error score 0.0 has been returned instead. If this is a custom metric, this usually means that the error is in the metric code. Full exception below:
Traceback (most recent call last):
  File "D:\AI Engineering\FastAPI\model AI\.venv\Lib\site-packages\pycaret\internal\metrics.py", line 196, in _score
    return super()._score(
           ^^^^^^^^^^^^^^^
  File "D:\AI Engineering\FastAPI\model AI\.venv\Lib\site-packages\sklearn\metrics\_scorer.py", line 350, in _score
    return self._sign * self._score_func(y_true, y_pred, **scoring_kwargs)
                        ^^^^^^^^^^^^^^^^^^^^^^^^^^^^^^^^^^^^^^^^^^^^^^^^^^
  File "D:\AI Engineering\FastAPI\model AI\.venv\Lib\site-packages\pycaret\internal\metrics.py", line 144, in __call__
    return self.score_func(y_true, y_pred, **kwargs)
           ^^^^^^^^^^^^^^^^^^^^^^^^^^^^^^^^^^^^^^^^^
  File "D:\AI Engineering\FastAPI\model AI\.venv\Lib\site-packages\sklearn\utils\_param_validation.py", line 213, in wrapper
    return func(*args, **kwargs)
           ^^^^^^^^^^^^^^^^^^^^^
  File "D:\AI Engineering\FastAPI\model AI\.venv\Lib\site-packages\sklearn\metrics\_ranking.py", line 634, in roc_auc_score
    return _multiclass_roc_auc_score(
           ^^^^^^^^^^^^^^^^^^^^^^^^^^
  File "D:\AI Engineering\FastAPI\model AI\.venv\Lib\site-packages\sklearn\metrics\_ranking.py", line 707, in _multiclass_roc_auc_score
    raise ValueError(
ValueError: Target scores need to be probabilities for multiclass roc_auc, i.e. they should sum up to 1.0 over classes

  warnings.warn(

2026-10-07 18:01:28,835:WARNING:D:\AI Engineering\FastAPI\model AI\.venv\Lib\site-packages\pycaret\internal\metrics.py:204: FitFailedWarning: Metric 'make_scorer(roc_auc_score, response_method=('decision_function', 'predict_proba'), average=weighted, multi_class=ovr)' failed and error score 0.0 has been returned instead. If this is a custom metric, this usually means that the error is in the metric code. Full exception below:
Traceback (most recent call last):
  File "D:\AI Engineering\FastAPI\model AI\.venv\Lib\site-packages\pycaret\internal\metrics.py", line 196, in _score
    return super()._score(
           ^^^^^^^^^^^^^^^
  File "D:\AI Engineering\FastAPI\model AI\.venv\Lib\site-packages\sklearn\metrics\_scorer.py", line 350, in _score
    return self._sign * self._score_func(y_true, y_pred, **scoring_kwargs)
                        ^^^^^^^^^^^^^^^^^^^^^^^^^^^^^^^^^^^^^^^^^^^^^^^^^^
  File "D:\AI Engineering\FastAPI\model AI\.venv\Lib\site-packages\pycaret\internal\metrics.py", line 144, in __call__
    return self.score_func(y_true, y_pred, **kwargs)
           ^^^^^^^^^^^^^^^^^^^^^^^^^^^^^^^^^^^^^^^^^
  File "D:\AI Engineering\FastAPI\model AI\.venv\Lib\site-packages\sklearn\utils\_param_validation.py", line 213, in wrapper
    return func(*args, **kwargs)
           ^^^^^^^^^^^^^^^^^^^^^
  File "D:\AI Engineering\FastAPI\model AI\.venv\Lib\site-packages\sklearn\metrics\_ranking.py", line 634, in roc_auc_score
    return _multiclass_roc_auc_score(
           ^^^^^^^^^^^^^^^^^^^^^^^^^^
  File "D:\AI Engineering\FastAPI\model AI\.venv\Lib\site-packages\sklearn\metrics\_ranking.py", line 707, in _multiclass_roc_auc_score
    raise ValueError(
ValueError: Target scores need to be probabilities for multiclass roc_auc, i.e. they should sum up to 1.0 over classes

  warnings.warn(

2026-10-07 18:01:28,843:WARNING:D:\AI Engineering\FastAPI\model AI\.venv\Lib\site-packages\pycaret\internal\metrics.py:204: FitFailedWarning: Metric 'make_scorer(roc_auc_score, response_method=('decision_function', 'predict_proba'), average=weighted, multi_class=ovr)' failed and error score 0.0 has been returned instead. If this is a custom metric, this usually means that the error is in the metric code. Full exception below:
Traceback (most recent call last):
  File "D:\AI Engineering\FastAPI\model AI\.venv\Lib\site-packages\pycaret\internal\metrics.py", line 196, in _score
    return super()._score(
           ^^^^^^^^^^^^^^^
  File "D:\AI Engineering\FastAPI\model AI\.venv\Lib\site-packages\sklearn\metrics\_scorer.py", line 350, in _score
    return self._sign * self._score_func(y_true, y_pred, **scoring_kwargs)
                        ^^^^^^^^^^^^^^^^^^^^^^^^^^^^^^^^^^^^^^^^^^^^^^^^^^
  File "D:\AI Engineering\FastAPI\model AI\.venv\Lib\site-packages\pycaret\internal\metrics.py", line 144, in __call__
    return self.score_func(y_true, y_pred, **kwargs)
           ^^^^^^^^^^^^^^^^^^^^^^^^^^^^^^^^^^^^^^^^^
  File "D:\AI Engineering\FastAPI\model AI\.venv\Lib\site-packages\sklearn\utils\_param_validation.py", line 213, in wrapper
    return func(*args, **kwargs)
           ^^^^^^^^^^^^^^^^^^^^^
  File "D:\AI Engineering\FastAPI\model AI\.venv\Lib\site-packages\sklearn\metrics\_ranking.py", line 634, in roc_auc_score
    return _multiclass_roc_auc_score(
           ^^^^^^^^^^^^^^^^^^^^^^^^^^
  File "D:\AI Engineering\FastAPI\model AI\.venv\Lib\site-packages\sklearn\metrics\_ranking.py", line 707, in _multiclass_roc_auc_score
    raise ValueError(
ValueError: Target scores need to be probabilities for multiclass roc_auc, i.e. they should sum up to 1.0 over classes

  warnings.warn(

2026-10-07 18:01:28,854:INFO:Calculating mean and std
2026-10-07 18:01:28,855:INFO:Creating metrics dataframe
2026-10-07 18:01:28,857:INFO:Uploading results into container
2026-10-07 18:01:28,857:INFO:Uploading model into container now
2026-10-07 18:01:28,857:INFO:_master_model_container: 9
2026-10-07 18:01:28,858:INFO:_display_container: 2
2026-10-07 18:01:28,858:INFO:AdaBoostClassifier(algorithm='SAMME.R', estimator=None, learning_rate=1.0,
                   n_estimators=50, random_state=123)
2026-10-07 18:01:28,858:INFO:create_model() successfully completed......................................
2026-10-07 18:01:28,945:INFO:SubProcess create_model() end ==================================
2026-10-07 18:01:28,945:INFO:Creating metrics dataframe
2026-10-07 18:01:28,947:INFO:Initializing Gradient Boosting Classifier
2026-10-07 18:01:28,947:INFO:Total runtime is 0.278165066242218 minutes
2026-10-07 18:01:28,948:INFO:SubProcess create_model() called ==================================
2026-10-07 18:01:28,948:INFO:Initializing create_model()
2026-10-07 18:01:28,948:INFO:create_model(self=<pycaret.classification.oop.ClassificationExperiment object at 0x000001AF368A6E10>, estimator=gbc, fold=StratifiedKFold(n_splits=10, random_state=None, shuffle=False), round=4, cross_validation=True, predict=True, fit_kwargs={}, groups=None, refit=False, probability_threshold=None, experiment_custom_tags=None, verbose=False, system=False, add_to_model_list=True, metrics=None, display=<pycaret.internal.display.display.CommonDisplay object at 0x000001AF3D096290>, model_only=True, return_train_score=False, error_score=0.0, kwargs={})
2026-10-07 18:01:28,948:INFO:Checking exceptions
2026-10-07 18:01:28,948:INFO:Importing libraries
2026-10-07 18:01:28,948:INFO:Copying training dataset
2026-10-07 18:01:28,953:INFO:Defining folds
2026-10-07 18:01:28,953:INFO:Declaring metric variables
2026-10-07 18:01:28,953:INFO:Importing untrained model
2026-10-07 18:01:28,954:INFO:Gradient Boosting Classifier Imported successfully
2026-10-07 18:01:28,954:INFO:Starting cross validation
2026-10-07 18:01:28,955:INFO:Cross validating with StratifiedKFold(n_splits=10, random_state=None, shuffle=False), n_jobs=-1
2026-10-07 18:01:31,268:WARNING:D:\AI Engineering\FastAPI\model AI\.venv\Lib\site-packages\pycaret\internal\metrics.py:204: FitFailedWarning: Metric 'make_scorer(roc_auc_score, response_method=('decision_function', 'predict_proba'), average=weighted, multi_class=ovr)' failed and error score 0.0 has been returned instead. If this is a custom metric, this usually means that the error is in the metric code. Full exception below:
Traceback (most recent call last):
  File "D:\AI Engineering\FastAPI\model AI\.venv\Lib\site-packages\pycaret\internal\metrics.py", line 196, in _score
    return super()._score(
           ^^^^^^^^^^^^^^^
  File "D:\AI Engineering\FastAPI\model AI\.venv\Lib\site-packages\sklearn\metrics\_scorer.py", line 350, in _score
    return self._sign * self._score_func(y_true, y_pred, **scoring_kwargs)
                        ^^^^^^^^^^^^^^^^^^^^^^^^^^^^^^^^^^^^^^^^^^^^^^^^^^
  File "D:\AI Engineering\FastAPI\model AI\.venv\Lib\site-packages\pycaret\internal\metrics.py", line 144, in __call__
    return self.score_func(y_true, y_pred, **kwargs)
           ^^^^^^^^^^^^^^^^^^^^^^^^^^^^^^^^^^^^^^^^^
  File "D:\AI Engineering\FastAPI\model AI\.venv\Lib\site-packages\sklearn\utils\_param_validation.py", line 213, in wrapper
    return func(*args, **kwargs)
           ^^^^^^^^^^^^^^^^^^^^^
  File "D:\AI Engineering\FastAPI\model AI\.venv\Lib\site-packages\sklearn\metrics\_ranking.py", line 634, in roc_auc_score
    return _multiclass_roc_auc_score(
           ^^^^^^^^^^^^^^^^^^^^^^^^^^
  File "D:\AI Engineering\FastAPI\model AI\.venv\Lib\site-packages\sklearn\metrics\_ranking.py", line 707, in _multiclass_roc_auc_score
    raise ValueError(
ValueError: Target scores need to be probabilities for multiclass roc_auc, i.e. they should sum up to 1.0 over classes

  warnings.warn(

2026-10-07 18:01:31,269:WARNING:D:\AI Engineering\FastAPI\model AI\.venv\Lib\site-packages\pycaret\internal\metrics.py:204: FitFailedWarning: Metric 'make_scorer(roc_auc_score, response_method=('decision_function', 'predict_proba'), average=weighted, multi_class=ovr)' failed and error score 0.0 has been returned instead. If this is a custom metric, this usually means that the error is in the metric code. Full exception below:
Traceback (most recent call last):
  File "D:\AI Engineering\FastAPI\model AI\.venv\Lib\site-packages\pycaret\internal\metrics.py", line 196, in _score
    return super()._score(
           ^^^^^^^^^^^^^^^
  File "D:\AI Engineering\FastAPI\model AI\.venv\Lib\site-packages\sklearn\metrics\_scorer.py", line 350, in _score
    return self._sign * self._score_func(y_true, y_pred, **scoring_kwargs)
                        ^^^^^^^^^^^^^^^^^^^^^^^^^^^^^^^^^^^^^^^^^^^^^^^^^^
  File "D:\AI Engineering\FastAPI\model AI\.venv\Lib\site-packages\pycaret\internal\metrics.py", line 144, in __call__
    return self.score_func(y_true, y_pred, **kwargs)
           ^^^^^^^^^^^^^^^^^^^^^^^^^^^^^^^^^^^^^^^^^
  File "D:\AI Engineering\FastAPI\model AI\.venv\Lib\site-packages\sklearn\utils\_param_validation.py", line 213, in wrapper
    return func(*args, **kwargs)
           ^^^^^^^^^^^^^^^^^^^^^
  File "D:\AI Engineering\FastAPI\model AI\.venv\Lib\site-packages\sklearn\metrics\_ranking.py", line 634, in roc_auc_score
    return _multiclass_roc_auc_score(
           ^^^^^^^^^^^^^^^^^^^^^^^^^^
  File "D:\AI Engineering\FastAPI\model AI\.venv\Lib\site-packages\sklearn\metrics\_ranking.py", line 707, in _multiclass_roc_auc_score
    raise ValueError(
ValueError: Target scores need to be probabilities for multiclass roc_auc, i.e. they should sum up to 1.0 over classes

  warnings.warn(

2026-10-07 18:01:31,288:WARNING:D:\AI Engineering\FastAPI\model AI\.venv\Lib\site-packages\pycaret\internal\metrics.py:204: FitFailedWarning: Metric 'make_scorer(roc_auc_score, response_method=('decision_function', 'predict_proba'), average=weighted, multi_class=ovr)' failed and error score 0.0 has been returned instead. If this is a custom metric, this usually means that the error is in the metric code. Full exception below:
Traceback (most recent call last):
  File "D:\AI Engineering\FastAPI\model AI\.venv\Lib\site-packages\pycaret\internal\metrics.py", line 196, in _score
    return super()._score(
           ^^^^^^^^^^^^^^^
  File "D:\AI Engineering\FastAPI\model AI\.venv\Lib\site-packages\sklearn\metrics\_scorer.py", line 350, in _score
    return self._sign * self._score_func(y_true, y_pred, **scoring_kwargs)
                        ^^^^^^^^^^^^^^^^^^^^^^^^^^^^^^^^^^^^^^^^^^^^^^^^^^
  File "D:\AI Engineering\FastAPI\model AI\.venv\Lib\site-packages\pycaret\internal\metrics.py", line 144, in __call__
    return self.score_func(y_true, y_pred, **kwargs)
           ^^^^^^^^^^^^^^^^^^^^^^^^^^^^^^^^^^^^^^^^^
  File "D:\AI Engineering\FastAPI\model AI\.venv\Lib\site-packages\sklearn\utils\_param_validation.py", line 213, in wrapper
    return func(*args, **kwargs)
           ^^^^^^^^^^^^^^^^^^^^^
  File "D:\AI Engineering\FastAPI\model AI\.venv\Lib\site-packages\sklearn\metrics\_ranking.py", line 634, in roc_auc_score
    return _multiclass_roc_auc_score(
           ^^^^^^^^^^^^^^^^^^^^^^^^^^
  File "D:\AI Engineering\FastAPI\model AI\.venv\Lib\site-packages\sklearn\metrics\_ranking.py", line 707, in _multiclass_roc_auc_score
    raise ValueError(
ValueError: Target scores need to be probabilities for multiclass roc_auc, i.e. they should sum up to 1.0 over classes

  warnings.warn(

2026-10-07 18:01:31,301:WARNING:D:\AI Engineering\FastAPI\model AI\.venv\Lib\site-packages\pycaret\internal\metrics.py:204: FitFailedWarning: Metric 'make_scorer(roc_auc_score, response_method=('decision_function', 'predict_proba'), average=weighted, multi_class=ovr)' failed and error score 0.0 has been returned instead. If this is a custom metric, this usually means that the error is in the metric code. Full exception below:
Traceback (most recent call last):
  File "D:\AI Engineering\FastAPI\model AI\.venv\Lib\site-packages\pycaret\internal\metrics.py", line 196, in _score
    return super()._score(
           ^^^^^^^^^^^^^^^
  File "D:\AI Engineering\FastAPI\model AI\.venv\Lib\site-packages\sklearn\metrics\_scorer.py", line 350, in _score
    return self._sign * self._score_func(y_true, y_pred, **scoring_kwargs)
                        ^^^^^^^^^^^^^^^^^^^^^^^^^^^^^^^^^^^^^^^^^^^^^^^^^^
  File "D:\AI Engineering\FastAPI\model AI\.venv\Lib\site-packages\pycaret\internal\metrics.py", line 144, in __call__
    return self.score_func(y_true, y_pred, **kwargs)
           ^^^^^^^^^^^^^^^^^^^^^^^^^^^^^^^^^^^^^^^^^
  File "D:\AI Engineering\FastAPI\model AI\.venv\Lib\site-packages\sklearn\utils\_param_validation.py", line 213, in wrapper
    return func(*args, **kwargs)
           ^^^^^^^^^^^^^^^^^^^^^
  File "D:\AI Engineering\FastAPI\model AI\.venv\Lib\site-packages\sklearn\metrics\_ranking.py", line 634, in roc_auc_score
    return _multiclass_roc_auc_score(
           ^^^^^^^^^^^^^^^^^^^^^^^^^^
  File "D:\AI Engineering\FastAPI\model AI\.venv\Lib\site-packages\sklearn\metrics\_ranking.py", line 707, in _multiclass_roc_auc_score
    raise ValueError(
ValueError: Target scores need to be probabilities for multiclass roc_auc, i.e. they should sum up to 1.0 over classes

  warnings.warn(

2026-10-07 18:01:31,304:WARNING:D:\AI Engineering\FastAPI\model AI\.venv\Lib\site-packages\pycaret\internal\metrics.py:204: FitFailedWarning: Metric 'make_scorer(roc_auc_score, response_method=('decision_function', 'predict_proba'), average=weighted, multi_class=ovr)' failed and error score 0.0 has been returned instead. If this is a custom metric, this usually means that the error is in the metric code. Full exception below:
Traceback (most recent call last):
  File "D:\AI Engineering\FastAPI\model AI\.venv\Lib\site-packages\pycaret\internal\metrics.py", line 196, in _score
    return super()._score(
           ^^^^^^^^^^^^^^^
  File "D:\AI Engineering\FastAPI\model AI\.venv\Lib\site-packages\sklearn\metrics\_scorer.py", line 350, in _score
    return self._sign * self._score_func(y_true, y_pred, **scoring_kwargs)
                        ^^^^^^^^^^^^^^^^^^^^^^^^^^^^^^^^^^^^^^^^^^^^^^^^^^
  File "D:\AI Engineering\FastAPI\model AI\.venv\Lib\site-packages\pycaret\internal\metrics.py", line 144, in __call__
    return self.score_func(y_true, y_pred, **kwargs)
           ^^^^^^^^^^^^^^^^^^^^^^^^^^^^^^^^^^^^^^^^^
  File "D:\AI Engineering\FastAPI\model AI\.venv\Lib\site-packages\sklearn\utils\_param_validation.py", line 213, in wrapper
    return func(*args, **kwargs)
           ^^^^^^^^^^^^^^^^^^^^^
  File "D:\AI Engineering\FastAPI\model AI\.venv\Lib\site-packages\sklearn\metrics\_ranking.py", line 634, in roc_auc_score
    return _multiclass_roc_auc_score(
           ^^^^^^^^^^^^^^^^^^^^^^^^^^
  File "D:\AI Engineering\FastAPI\model AI\.venv\Lib\site-packages\sklearn\metrics\_ranking.py", line 707, in _multiclass_roc_auc_score
    raise ValueError(
ValueError: Target scores need to be probabilities for multiclass roc_auc, i.e. they should sum up to 1.0 over classes

  warnings.warn(

2026-10-07 18:01:31,316:WARNING:D:\AI Engineering\FastAPI\model AI\.venv\Lib\site-packages\pycaret\internal\metrics.py:204: FitFailedWarning: Metric 'make_scorer(roc_auc_score, response_method=('decision_function', 'predict_proba'), average=weighted, multi_class=ovr)' failed and error score 0.0 has been returned instead. If this is a custom metric, this usually means that the error is in the metric code. Full exception below:
Traceback (most recent call last):
  File "D:\AI Engineering\FastAPI\model AI\.venv\Lib\site-packages\pycaret\internal\metrics.py", line 196, in _score
    return super()._score(
           ^^^^^^^^^^^^^^^
  File "D:\AI Engineering\FastAPI\model AI\.venv\Lib\site-packages\sklearn\metrics\_scorer.py", line 350, in _score
    return self._sign * self._score_func(y_true, y_pred, **scoring_kwargs)
                        ^^^^^^^^^^^^^^^^^^^^^^^^^^^^^^^^^^^^^^^^^^^^^^^^^^
  File "D:\AI Engineering\FastAPI\model AI\.venv\Lib\site-packages\pycaret\internal\metrics.py", line 144, in __call__
    return self.score_func(y_true, y_pred, **kwargs)
           ^^^^^^^^^^^^^^^^^^^^^^^^^^^^^^^^^^^^^^^^^
  File "D:\AI Engineering\FastAPI\model AI\.venv\Lib\site-packages\sklearn\utils\_param_validation.py", line 213, in wrapper
    return func(*args, **kwargs)
           ^^^^^^^^^^^^^^^^^^^^^
  File "D:\AI Engineering\FastAPI\model AI\.venv\Lib\site-packages\sklearn\metrics\_ranking.py", line 634, in roc_auc_score
    return _multiclass_roc_auc_score(
           ^^^^^^^^^^^^^^^^^^^^^^^^^^
  File "D:\AI Engineering\FastAPI\model AI\.venv\Lib\site-packages\sklearn\metrics\_ranking.py", line 707, in _multiclass_roc_auc_score
    raise ValueError(
ValueError: Target scores need to be probabilities for multiclass roc_auc, i.e. they should sum up to 1.0 over classes

  warnings.warn(

2026-10-07 18:01:31,321:WARNING:D:\AI Engineering\FastAPI\model AI\.venv\Lib\site-packages\pycaret\internal\metrics.py:204: FitFailedWarning: Metric 'make_scorer(roc_auc_score, response_method=('decision_function', 'predict_proba'), average=weighted, multi_class=ovr)' failed and error score 0.0 has been returned instead. If this is a custom metric, this usually means that the error is in the metric code. Full exception below:
Traceback (most recent call last):
  File "D:\AI Engineering\FastAPI\model AI\.venv\Lib\site-packages\pycaret\internal\metrics.py", line 196, in _score
    return super()._score(
           ^^^^^^^^^^^^^^^
  File "D:\AI Engineering\FastAPI\model AI\.venv\Lib\site-packages\sklearn\metrics\_scorer.py", line 350, in _score
    return self._sign * self._score_func(y_true, y_pred, **scoring_kwargs)
                        ^^^^^^^^^^^^^^^^^^^^^^^^^^^^^^^^^^^^^^^^^^^^^^^^^^
  File "D:\AI Engineering\FastAPI\model AI\.venv\Lib\site-packages\pycaret\internal\metrics.py", line 144, in __call__
    return self.score_func(y_true, y_pred, **kwargs)
           ^^^^^^^^^^^^^^^^^^^^^^^^^^^^^^^^^^^^^^^^^
  File "D:\AI Engineering\FastAPI\model AI\.venv\Lib\site-packages\sklearn\utils\_param_validation.py", line 213, in wrapper
    return func(*args, **kwargs)
           ^^^^^^^^^^^^^^^^^^^^^
  File "D:\AI Engineering\FastAPI\model AI\.venv\Lib\site-packages\sklearn\metrics\_ranking.py", line 634, in roc_auc_score
    return _multiclass_roc_auc_score(
           ^^^^^^^^^^^^^^^^^^^^^^^^^^
  File "D:\AI Engineering\FastAPI\model AI\.venv\Lib\site-packages\sklearn\metrics\_ranking.py", line 707, in _multiclass_roc_auc_score
    raise ValueError(
ValueError: Target scores need to be probabilities for multiclass roc_auc, i.e. they should sum up to 1.0 over classes

  warnings.warn(

2026-10-07 18:01:31,328:WARNING:D:\AI Engineering\FastAPI\model AI\.venv\Lib\site-packages\pycaret\internal\metrics.py:204: FitFailedWarning: Metric 'make_scorer(roc_auc_score, response_method=('decision_function', 'predict_proba'), average=weighted, multi_class=ovr)' failed and error score 0.0 has been returned instead. If this is a custom metric, this usually means that the error is in the metric code. Full exception below:
Traceback (most recent call last):
  File "D:\AI Engineering\FastAPI\model AI\.venv\Lib\site-packages\pycaret\internal\metrics.py", line 196, in _score
    return super()._score(
           ^^^^^^^^^^^^^^^
  File "D:\AI Engineering\FastAPI\model AI\.venv\Lib\site-packages\sklearn\metrics\_scorer.py", line 350, in _score
    return self._sign * self._score_func(y_true, y_pred, **scoring_kwargs)
                        ^^^^^^^^^^^^^^^^^^^^^^^^^^^^^^^^^^^^^^^^^^^^^^^^^^
  File "D:\AI Engineering\FastAPI\model AI\.venv\Lib\site-packages\pycaret\internal\metrics.py", line 144, in __call__
    return self.score_func(y_true, y_pred, **kwargs)
           ^^^^^^^^^^^^^^^^^^^^^^^^^^^^^^^^^^^^^^^^^
  File "D:\AI Engineering\FastAPI\model AI\.venv\Lib\site-packages\sklearn\utils\_param_validation.py", line 213, in wrapper
    return func(*args, **kwargs)
           ^^^^^^^^^^^^^^^^^^^^^
  File "D:\AI Engineering\FastAPI\model AI\.venv\Lib\site-packages\sklearn\metrics\_ranking.py", line 634, in roc_auc_score
    return _multiclass_roc_auc_score(
           ^^^^^^^^^^^^^^^^^^^^^^^^^^
  File "D:\AI Engineering\FastAPI\model AI\.venv\Lib\site-packages\sklearn\metrics\_ranking.py", line 707, in _multiclass_roc_auc_score
    raise ValueError(
ValueError: Target scores need to be probabilities for multiclass roc_auc, i.e. they should sum up to 1.0 over classes

  warnings.warn(

2026-10-07 18:01:31,331:WARNING:D:\AI Engineering\FastAPI\model AI\.venv\Lib\site-packages\pycaret\internal\metrics.py:204: FitFailedWarning: Metric 'make_scorer(roc_auc_score, response_method=('decision_function', 'predict_proba'), average=weighted, multi_class=ovr)' failed and error score 0.0 has been returned instead. If this is a custom metric, this usually means that the error is in the metric code. Full exception below:
Traceback (most recent call last):
  File "D:\AI Engineering\FastAPI\model AI\.venv\Lib\site-packages\pycaret\internal\metrics.py", line 196, in _score
    return super()._score(
           ^^^^^^^^^^^^^^^
  File "D:\AI Engineering\FastAPI\model AI\.venv\Lib\site-packages\sklearn\metrics\_scorer.py", line 350, in _score
    return self._sign * self._score_func(y_true, y_pred, **scoring_kwargs)
                        ^^^^^^^^^^^^^^^^^^^^^^^^^^^^^^^^^^^^^^^^^^^^^^^^^^
  File "D:\AI Engineering\FastAPI\model AI\.venv\Lib\site-packages\pycaret\internal\metrics.py", line 144, in __call__
    return self.score_func(y_true, y_pred, **kwargs)
           ^^^^^^^^^^^^^^^^^^^^^^^^^^^^^^^^^^^^^^^^^
  File "D:\AI Engineering\FastAPI\model AI\.venv\Lib\site-packages\sklearn\utils\_param_validation.py", line 213, in wrapper
    return func(*args, **kwargs)
           ^^^^^^^^^^^^^^^^^^^^^
  File "D:\AI Engineering\FastAPI\model AI\.venv\Lib\site-packages\sklearn\metrics\_ranking.py", line 634, in roc_auc_score
    return _multiclass_roc_auc_score(
           ^^^^^^^^^^^^^^^^^^^^^^^^^^
  File "D:\AI Engineering\FastAPI\model AI\.venv\Lib\site-packages\sklearn\metrics\_ranking.py", line 707, in _multiclass_roc_auc_score
    raise ValueError(
ValueError: Target scores need to be probabilities for multiclass roc_auc, i.e. they should sum up to 1.0 over classes

  warnings.warn(

2026-10-07 18:01:31,343:WARNING:D:\AI Engineering\FastAPI\model AI\.venv\Lib\site-packages\pycaret\internal\metrics.py:204: FitFailedWarning: Metric 'make_scorer(roc_auc_score, response_method=('decision_function', 'predict_proba'), average=weighted, multi_class=ovr)' failed and error score 0.0 has been returned instead. If this is a custom metric, this usually means that the error is in the metric code. Full exception below:
Traceback (most recent call last):
  File "D:\AI Engineering\FastAPI\model AI\.venv\Lib\site-packages\pycaret\internal\metrics.py", line 196, in _score
    return super()._score(
           ^^^^^^^^^^^^^^^
  File "D:\AI Engineering\FastAPI\model AI\.venv\Lib\site-packages\sklearn\metrics\_scorer.py", line 350, in _score
    return self._sign * self._score_func(y_true, y_pred, **scoring_kwargs)
                        ^^^^^^^^^^^^^^^^^^^^^^^^^^^^^^^^^^^^^^^^^^^^^^^^^^
  File "D:\AI Engineering\FastAPI\model AI\.venv\Lib\site-packages\pycaret\internal\metrics.py", line 144, in __call__
    return self.score_func(y_true, y_pred, **kwargs)
           ^^^^^^^^^^^^^^^^^^^^^^^^^^^^^^^^^^^^^^^^^
  File "D:\AI Engineering\FastAPI\model AI\.venv\Lib\site-packages\sklearn\utils\_param_validation.py", line 213, in wrapper
    return func(*args, **kwargs)
           ^^^^^^^^^^^^^^^^^^^^^
  File "D:\AI Engineering\FastAPI\model AI\.venv\Lib\site-packages\sklearn\metrics\_ranking.py", line 634, in roc_auc_score
    return _multiclass_roc_auc_score(
           ^^^^^^^^^^^^^^^^^^^^^^^^^^
  File "D:\AI Engineering\FastAPI\model AI\.venv\Lib\site-packages\sklearn\metrics\_ranking.py", line 707, in _multiclass_roc_auc_score
    raise ValueError(
ValueError: Target scores need to be probabilities for multiclass roc_auc, i.e. they should sum up to 1.0 over classes

  warnings.warn(

2026-10-07 18:01:31,358:INFO:Calculating mean and std
2026-10-07 18:01:31,360:INFO:Creating metrics dataframe
2026-10-07 18:01:31,361:INFO:Uploading results into container
2026-10-07 18:01:31,361:INFO:Uploading model into container now
2026-10-07 18:01:31,362:INFO:_master_model_container: 10
2026-10-07 18:01:31,362:INFO:_display_container: 2
2026-10-07 18:01:31,362:INFO:GradientBoostingClassifier(ccp_alpha=0.0, criterion='friedman_mse', init=None,
                           learning_rate=0.1, loss='log_loss', max_depth=3,
                           max_features=None, max_leaf_nodes=None,
                           min_impurity_decrease=0.0, min_samples_leaf=1,
                           min_samples_split=2, min_weight_fraction_leaf=0.0,
                           n_estimators=100, n_iter_no_change=None,
                           random_state=123, subsample=1.0, tol=0.0001,
                           validation_fraction=0.1, verbose=0,
                           warm_start=False)
2026-10-07 18:01:31,362:INFO:create_model() successfully completed......................................
2026-10-07 18:01:31,436:INFO:SubProcess create_model() end ==================================
2026-10-07 18:01:31,436:INFO:Creating metrics dataframe
2026-10-07 18:01:31,437:INFO:Initializing Linear Discriminant Analysis
2026-10-07 18:01:31,438:INFO:Total runtime is 0.3196829239527384 minutes
2026-10-07 18:01:31,438:INFO:SubProcess create_model() called ==================================
2026-10-07 18:01:31,438:INFO:Initializing create_model()
2026-10-07 18:01:31,438:INFO:create_model(self=<pycaret.classification.oop.ClassificationExperiment object at 0x000001AF368A6E10>, estimator=lda, fold=StratifiedKFold(n_splits=10, random_state=None, shuffle=False), round=4, cross_validation=True, predict=True, fit_kwargs={}, groups=None, refit=False, probability_threshold=None, experiment_custom_tags=None, verbose=False, system=False, add_to_model_list=True, metrics=None, display=<pycaret.internal.display.display.CommonDisplay object at 0x000001AF3D096290>, model_only=True, return_train_score=False, error_score=0.0, kwargs={})
2026-10-07 18:01:31,438:INFO:Checking exceptions
2026-10-07 18:01:31,438:INFO:Importing libraries
2026-10-07 18:01:31,438:INFO:Copying training dataset
2026-10-07 18:01:31,441:INFO:Defining folds
2026-10-07 18:01:31,441:INFO:Declaring metric variables
2026-10-07 18:01:31,441:INFO:Importing untrained model
2026-10-07 18:01:31,441:INFO:Linear Discriminant Analysis Imported successfully
2026-10-07 18:01:31,441:INFO:Starting cross validation
2026-10-07 18:01:31,442:INFO:Cross validating with StratifiedKFold(n_splits=10, random_state=None, shuffle=False), n_jobs=-1
2026-10-07 18:01:31,627:WARNING:D:\AI Engineering\FastAPI\model AI\.venv\Lib\site-packages\pycaret\internal\metrics.py:204: FitFailedWarning: Metric 'make_scorer(roc_auc_score, response_method=('decision_function', 'predict_proba'), average=weighted, multi_class=ovr)' failed and error score 0.0 has been returned instead. If this is a custom metric, this usually means that the error is in the metric code. Full exception below:
Traceback (most recent call last):
  File "D:\AI Engineering\FastAPI\model AI\.venv\Lib\site-packages\pycaret\internal\metrics.py", line 196, in _score
    return super()._score(
           ^^^^^^^^^^^^^^^
  File "D:\AI Engineering\FastAPI\model AI\.venv\Lib\site-packages\sklearn\metrics\_scorer.py", line 350, in _score
    return self._sign * self._score_func(y_true, y_pred, **scoring_kwargs)
                        ^^^^^^^^^^^^^^^^^^^^^^^^^^^^^^^^^^^^^^^^^^^^^^^^^^
  File "D:\AI Engineering\FastAPI\model AI\.venv\Lib\site-packages\pycaret\internal\metrics.py", line 144, in __call__
    return self.score_func(y_true, y_pred, **kwargs)
           ^^^^^^^^^^^^^^^^^^^^^^^^^^^^^^^^^^^^^^^^^
  File "D:\AI Engineering\FastAPI\model AI\.venv\Lib\site-packages\sklearn\utils\_param_validation.py", line 213, in wrapper
    return func(*args, **kwargs)
           ^^^^^^^^^^^^^^^^^^^^^
  File "D:\AI Engineering\FastAPI\model AI\.venv\Lib\site-packages\sklearn\metrics\_ranking.py", line 634, in roc_auc_score
    return _multiclass_roc_auc_score(
           ^^^^^^^^^^^^^^^^^^^^^^^^^^
  File "D:\AI Engineering\FastAPI\model AI\.venv\Lib\site-packages\sklearn\metrics\_ranking.py", line 707, in _multiclass_roc_auc_score
    raise ValueError(
ValueError: Target scores need to be probabilities for multiclass roc_auc, i.e. they should sum up to 1.0 over classes

  warnings.warn(

2026-10-07 18:01:31,629:WARNING:D:\AI Engineering\FastAPI\model AI\.venv\Lib\site-packages\pycaret\internal\metrics.py:204: FitFailedWarning: Metric 'make_scorer(roc_auc_score, response_method=('decision_function', 'predict_proba'), average=weighted, multi_class=ovr)' failed and error score 0.0 has been returned instead. If this is a custom metric, this usually means that the error is in the metric code. Full exception below:
Traceback (most recent call last):
  File "D:\AI Engineering\FastAPI\model AI\.venv\Lib\site-packages\pycaret\internal\metrics.py", line 196, in _score
    return super()._score(
           ^^^^^^^^^^^^^^^
  File "D:\AI Engineering\FastAPI\model AI\.venv\Lib\site-packages\sklearn\metrics\_scorer.py", line 350, in _score
    return self._sign * self._score_func(y_true, y_pred, **scoring_kwargs)
                        ^^^^^^^^^^^^^^^^^^^^^^^^^^^^^^^^^^^^^^^^^^^^^^^^^^
  File "D:\AI Engineering\FastAPI\model AI\.venv\Lib\site-packages\pycaret\internal\metrics.py", line 144, in __call__
    return self.score_func(y_true, y_pred, **kwargs)
           ^^^^^^^^^^^^^^^^^^^^^^^^^^^^^^^^^^^^^^^^^
  File "D:\AI Engineering\FastAPI\model AI\.venv\Lib\site-packages\sklearn\utils\_param_validation.py", line 213, in wrapper
    return func(*args, **kwargs)
           ^^^^^^^^^^^^^^^^^^^^^
  File "D:\AI Engineering\FastAPI\model AI\.venv\Lib\site-packages\sklearn\metrics\_ranking.py", line 634, in roc_auc_score
    return _multiclass_roc_auc_score(
           ^^^^^^^^^^^^^^^^^^^^^^^^^^
  File "D:\AI Engineering\FastAPI\model AI\.venv\Lib\site-packages\sklearn\metrics\_ranking.py", line 707, in _multiclass_roc_auc_score
    raise ValueError(
ValueError: Target scores need to be probabilities for multiclass roc_auc, i.e. they should sum up to 1.0 over classes

  warnings.warn(

2026-10-07 18:01:31,629:WARNING:D:\AI Engineering\FastAPI\model AI\.venv\Lib\site-packages\pycaret\internal\metrics.py:204: FitFailedWarning: Metric 'make_scorer(roc_auc_score, response_method=('decision_function', 'predict_proba'), average=weighted, multi_class=ovr)' failed and error score 0.0 has been returned instead. If this is a custom metric, this usually means that the error is in the metric code. Full exception below:
Traceback (most recent call last):
  File "D:\AI Engineering\FastAPI\model AI\.venv\Lib\site-packages\pycaret\internal\metrics.py", line 196, in _score
    return super()._score(
           ^^^^^^^^^^^^^^^
  File "D:\AI Engineering\FastAPI\model AI\.venv\Lib\site-packages\sklearn\metrics\_scorer.py", line 350, in _score
    return self._sign * self._score_func(y_true, y_pred, **scoring_kwargs)
                        ^^^^^^^^^^^^^^^^^^^^^^^^^^^^^^^^^^^^^^^^^^^^^^^^^^
  File "D:\AI Engineering\FastAPI\model AI\.venv\Lib\site-packages\pycaret\internal\metrics.py", line 144, in __call__
    return self.score_func(y_true, y_pred, **kwargs)
           ^^^^^^^^^^^^^^^^^^^^^^^^^^^^^^^^^^^^^^^^^
  File "D:\AI Engineering\FastAPI\model AI\.venv\Lib\site-packages\sklearn\utils\_param_validation.py", line 213, in wrapper
    return func(*args, **kwargs)
           ^^^^^^^^^^^^^^^^^^^^^
  File "D:\AI Engineering\FastAPI\model AI\.venv\Lib\site-packages\sklearn\metrics\_ranking.py", line 634, in roc_auc_score
    return _multiclass_roc_auc_score(
           ^^^^^^^^^^^^^^^^^^^^^^^^^^
  File "D:\AI Engineering\FastAPI\model AI\.venv\Lib\site-packages\sklearn\metrics\_ranking.py", line 707, in _multiclass_roc_auc_score
    raise ValueError(
ValueError: Target scores need to be probabilities for multiclass roc_auc, i.e. they should sum up to 1.0 over classes

  warnings.warn(

2026-10-07 18:01:31,630:WARNING:D:\AI Engineering\FastAPI\model AI\.venv\Lib\site-packages\pycaret\internal\metrics.py:204: FitFailedWarning: Metric 'make_scorer(roc_auc_score, response_method=('decision_function', 'predict_proba'), average=weighted, multi_class=ovr)' failed and error score 0.0 has been returned instead. If this is a custom metric, this usually means that the error is in the metric code. Full exception below:
Traceback (most recent call last):
  File "D:\AI Engineering\FastAPI\model AI\.venv\Lib\site-packages\pycaret\internal\metrics.py", line 196, in _score
    return super()._score(
           ^^^^^^^^^^^^^^^
  File "D:\AI Engineering\FastAPI\model AI\.venv\Lib\site-packages\sklearn\metrics\_scorer.py", line 350, in _score
    return self._sign * self._score_func(y_true, y_pred, **scoring_kwargs)
                        ^^^^^^^^^^^^^^^^^^^^^^^^^^^^^^^^^^^^^^^^^^^^^^^^^^
  File "D:\AI Engineering\FastAPI\model AI\.venv\Lib\site-packages\pycaret\internal\metrics.py", line 144, in __call__
    return self.score_func(y_true, y_pred, **kwargs)
           ^^^^^^^^^^^^^^^^^^^^^^^^^^^^^^^^^^^^^^^^^
  File "D:\AI Engineering\FastAPI\model AI\.venv\Lib\site-packages\sklearn\utils\_param_validation.py", line 213, in wrapper
    return func(*args, **kwargs)
           ^^^^^^^^^^^^^^^^^^^^^
  File "D:\AI Engineering\FastAPI\model AI\.venv\Lib\site-packages\sklearn\metrics\_ranking.py", line 634, in roc_auc_score
    return _multiclass_roc_auc_score(
           ^^^^^^^^^^^^^^^^^^^^^^^^^^
  File "D:\AI Engineering\FastAPI\model AI\.venv\Lib\site-packages\sklearn\metrics\_ranking.py", line 707, in _multiclass_roc_auc_score
    raise ValueError(
ValueError: Target scores need to be probabilities for multiclass roc_auc, i.e. they should sum up to 1.0 over classes

  warnings.warn(

2026-10-07 18:01:31,632:WARNING:D:\AI Engineering\FastAPI\model AI\.venv\Lib\site-packages\pycaret\internal\metrics.py:204: FitFailedWarning: Metric 'make_scorer(roc_auc_score, response_method=('decision_function', 'predict_proba'), average=weighted, multi_class=ovr)' failed and error score 0.0 has been returned instead. If this is a custom metric, this usually means that the error is in the metric code. Full exception below:
Traceback (most recent call last):
  File "D:\AI Engineering\FastAPI\model AI\.venv\Lib\site-packages\pycaret\internal\metrics.py", line 196, in _score
    return super()._score(
           ^^^^^^^^^^^^^^^
  File "D:\AI Engineering\FastAPI\model AI\.venv\Lib\site-packages\sklearn\metrics\_scorer.py", line 350, in _score
    return self._sign * self._score_func(y_true, y_pred, **scoring_kwargs)
                        ^^^^^^^^^^^^^^^^^^^^^^^^^^^^^^^^^^^^^^^^^^^^^^^^^^
  File "D:\AI Engineering\FastAPI\model AI\.venv\Lib\site-packages\pycaret\internal\metrics.py", line 144, in __call__
    return self.score_func(y_true, y_pred, **kwargs)
           ^^^^^^^^^^^^^^^^^^^^^^^^^^^^^^^^^^^^^^^^^
  File "D:\AI Engineering\FastAPI\model AI\.venv\Lib\site-packages\sklearn\utils\_param_validation.py", line 213, in wrapper
    return func(*args, **kwargs)
           ^^^^^^^^^^^^^^^^^^^^^
  File "D:\AI Engineering\FastAPI\model AI\.venv\Lib\site-packages\sklearn\metrics\_ranking.py", line 634, in roc_auc_score
    return _multiclass_roc_auc_score(
           ^^^^^^^^^^^^^^^^^^^^^^^^^^
  File "D:\AI Engineering\FastAPI\model AI\.venv\Lib\site-packages\sklearn\metrics\_ranking.py", line 707, in _multiclass_roc_auc_score
    raise ValueError(
ValueError: Target scores need to be probabilities for multiclass roc_auc, i.e. they should sum up to 1.0 over classes

  warnings.warn(

2026-10-07 18:01:31,633:WARNING:D:\AI Engineering\FastAPI\model AI\.venv\Lib\site-packages\pycaret\internal\metrics.py:204: FitFailedWarning: Metric 'make_scorer(roc_auc_score, response_method=('decision_function', 'predict_proba'), average=weighted, multi_class=ovr)' failed and error score 0.0 has been returned instead. If this is a custom metric, this usually means that the error is in the metric code. Full exception below:
Traceback (most recent call last):
  File "D:\AI Engineering\FastAPI\model AI\.venv\Lib\site-packages\pycaret\internal\metrics.py", line 196, in _score
    return super()._score(
           ^^^^^^^^^^^^^^^
  File "D:\AI Engineering\FastAPI\model AI\.venv\Lib\site-packages\sklearn\metrics\_scorer.py", line 350, in _score
    return self._sign * self._score_func(y_true, y_pred, **scoring_kwargs)
                        ^^^^^^^^^^^^^^^^^^^^^^^^^^^^^^^^^^^^^^^^^^^^^^^^^^
  File "D:\AI Engineering\FastAPI\model AI\.venv\Lib\site-packages\pycaret\internal\metrics.py", line 144, in __call__
    return self.score_func(y_true, y_pred, **kwargs)
           ^^^^^^^^^^^^^^^^^^^^^^^^^^^^^^^^^^^^^^^^^
  File "D:\AI Engineering\FastAPI\model AI\.venv\Lib\site-packages\sklearn\utils\_param_validation.py", line 213, in wrapper
    return func(*args, **kwargs)
           ^^^^^^^^^^^^^^^^^^^^^
  File "D:\AI Engineering\FastAPI\model AI\.venv\Lib\site-packages\sklearn\metrics\_ranking.py", line 634, in roc_auc_score
    return _multiclass_roc_auc_score(
           ^^^^^^^^^^^^^^^^^^^^^^^^^^
  File "D:\AI Engineering\FastAPI\model AI\.venv\Lib\site-packages\sklearn\metrics\_ranking.py", line 707, in _multiclass_roc_auc_score
    raise ValueError(
ValueError: Target scores need to be probabilities for multiclass roc_auc, i.e. they should sum up to 1.0 over classes

  warnings.warn(

2026-10-07 18:01:31,634:WARNING:D:\AI Engineering\FastAPI\model AI\.venv\Lib\site-packages\pycaret\internal\metrics.py:204: FitFailedWarning: Metric 'make_scorer(roc_auc_score, response_method=('decision_function', 'predict_proba'), average=weighted, multi_class=ovr)' failed and error score 0.0 has been returned instead. If this is a custom metric, this usually means that the error is in the metric code. Full exception below:
Traceback (most recent call last):
  File "D:\AI Engineering\FastAPI\model AI\.venv\Lib\site-packages\pycaret\internal\metrics.py", line 196, in _score
    return super()._score(
           ^^^^^^^^^^^^^^^
  File "D:\AI Engineering\FastAPI\model AI\.venv\Lib\site-packages\sklearn\metrics\_scorer.py", line 350, in _score
    return self._sign * self._score_func(y_true, y_pred, **scoring_kwargs)
                        ^^^^^^^^^^^^^^^^^^^^^^^^^^^^^^^^^^^^^^^^^^^^^^^^^^
  File "D:\AI Engineering\FastAPI\model AI\.venv\Lib\site-packages\pycaret\internal\metrics.py", line 144, in __call__
    return self.score_func(y_true, y_pred, **kwargs)
           ^^^^^^^^^^^^^^^^^^^^^^^^^^^^^^^^^^^^^^^^^
  File "D:\AI Engineering\FastAPI\model AI\.venv\Lib\site-packages\sklearn\utils\_param_validation.py", line 213, in wrapper
    return func(*args, **kwargs)
           ^^^^^^^^^^^^^^^^^^^^^
  File "D:\AI Engineering\FastAPI\model AI\.venv\Lib\site-packages\sklearn\metrics\_ranking.py", line 634, in roc_auc_score
    return _multiclass_roc_auc_score(
           ^^^^^^^^^^^^^^^^^^^^^^^^^^
  File "D:\AI Engineering\FastAPI\model AI\.venv\Lib\site-packages\sklearn\metrics\_ranking.py", line 707, in _multiclass_roc_auc_score
    raise ValueError(
ValueError: Target scores need to be probabilities for multiclass roc_auc, i.e. they should sum up to 1.0 over classes

  warnings.warn(

2026-10-07 18:01:31,636:WARNING:D:\AI Engineering\FastAPI\model AI\.venv\Lib\site-packages\pycaret\internal\metrics.py:204: FitFailedWarning: Metric 'make_scorer(roc_auc_score, response_method=('decision_function', 'predict_proba'), average=weighted, multi_class=ovr)' failed and error score 0.0 has been returned instead. If this is a custom metric, this usually means that the error is in the metric code. Full exception below:
Traceback (most recent call last):
  File "D:\AI Engineering\FastAPI\model AI\.venv\Lib\site-packages\pycaret\internal\metrics.py", line 196, in _score
    return super()._score(
           ^^^^^^^^^^^^^^^
  File "D:\AI Engineering\FastAPI\model AI\.venv\Lib\site-packages\sklearn\metrics\_scorer.py", line 350, in _score
    return self._sign * self._score_func(y_true, y_pred, **scoring_kwargs)
                        ^^^^^^^^^^^^^^^^^^^^^^^^^^^^^^^^^^^^^^^^^^^^^^^^^^
  File "D:\AI Engineering\FastAPI\model AI\.venv\Lib\site-packages\pycaret\internal\metrics.py", line 144, in __call__
    return self.score_func(y_true, y_pred, **kwargs)
           ^^^^^^^^^^^^^^^^^^^^^^^^^^^^^^^^^^^^^^^^^
  File "D:\AI Engineering\FastAPI\model AI\.venv\Lib\site-packages\sklearn\utils\_param_validation.py", line 213, in wrapper
    return func(*args, **kwargs)
           ^^^^^^^^^^^^^^^^^^^^^
  File "D:\AI Engineering\FastAPI\model AI\.venv\Lib\site-packages\sklearn\metrics\_ranking.py", line 634, in roc_auc_score
    return _multiclass_roc_auc_score(
           ^^^^^^^^^^^^^^^^^^^^^^^^^^
  File "D:\AI Engineering\FastAPI\model AI\.venv\Lib\site-packages\sklearn\metrics\_ranking.py", line 707, in _multiclass_roc_auc_score
    raise ValueError(
ValueError: Target scores need to be probabilities for multiclass roc_auc, i.e. they should sum up to 1.0 over classes

  warnings.warn(

2026-10-07 18:01:31,637:WARNING:D:\AI Engineering\FastAPI\model AI\.venv\Lib\site-packages\pycaret\internal\metrics.py:204: FitFailedWarning: Metric 'make_scorer(roc_auc_score, response_method=('decision_function', 'predict_proba'), average=weighted, multi_class=ovr)' failed and error score 0.0 has been returned instead. If this is a custom metric, this usually means that the error is in the metric code. Full exception below:
Traceback (most recent call last):
  File "D:\AI Engineering\FastAPI\model AI\.venv\Lib\site-packages\pycaret\internal\metrics.py", line 196, in _score
    return super()._score(
           ^^^^^^^^^^^^^^^
  File "D:\AI Engineering\FastAPI\model AI\.venv\Lib\site-packages\sklearn\metrics\_scorer.py", line 350, in _score
    return self._sign * self._score_func(y_true, y_pred, **scoring_kwargs)
                        ^^^^^^^^^^^^^^^^^^^^^^^^^^^^^^^^^^^^^^^^^^^^^^^^^^
  File "D:\AI Engineering\FastAPI\model AI\.venv\Lib\site-packages\pycaret\internal\metrics.py", line 144, in __call__
    return self.score_func(y_true, y_pred, **kwargs)
           ^^^^^^^^^^^^^^^^^^^^^^^^^^^^^^^^^^^^^^^^^
  File "D:\AI Engineering\FastAPI\model AI\.venv\Lib\site-packages\sklearn\utils\_param_validation.py", line 213, in wrapper
    return func(*args, **kwargs)
           ^^^^^^^^^^^^^^^^^^^^^
  File "D:\AI Engineering\FastAPI\model AI\.venv\Lib\site-packages\sklearn\metrics\_ranking.py", line 634, in roc_auc_score
    return _multiclass_roc_auc_score(
           ^^^^^^^^^^^^^^^^^^^^^^^^^^
  File "D:\AI Engineering\FastAPI\model AI\.venv\Lib\site-packages\sklearn\metrics\_ranking.py", line 707, in _multiclass_roc_auc_score
    raise ValueError(
ValueError: Target scores need to be probabilities for multiclass roc_auc, i.e. they should sum up to 1.0 over classes

  warnings.warn(

2026-10-07 18:01:31,647:WARNING:D:\AI Engineering\FastAPI\model AI\.venv\Lib\site-packages\pycaret\internal\metrics.py:204: FitFailedWarning: Metric 'make_scorer(roc_auc_score, response_method=('decision_function', 'predict_proba'), average=weighted, multi_class=ovr)' failed and error score 0.0 has been returned instead. If this is a custom metric, this usually means that the error is in the metric code. Full exception below:
Traceback (most recent call last):
  File "D:\AI Engineering\FastAPI\model AI\.venv\Lib\site-packages\pycaret\internal\metrics.py", line 196, in _score
    return super()._score(
           ^^^^^^^^^^^^^^^
  File "D:\AI Engineering\FastAPI\model AI\.venv\Lib\site-packages\sklearn\metrics\_scorer.py", line 350, in _score
    return self._sign * self._score_func(y_true, y_pred, **scoring_kwargs)
                        ^^^^^^^^^^^^^^^^^^^^^^^^^^^^^^^^^^^^^^^^^^^^^^^^^^
  File "D:\AI Engineering\FastAPI\model AI\.venv\Lib\site-packages\pycaret\internal\metrics.py", line 144, in __call__
    return self.score_func(y_true, y_pred, **kwargs)
           ^^^^^^^^^^^^^^^^^^^^^^^^^^^^^^^^^^^^^^^^^
  File "D:\AI Engineering\FastAPI\model AI\.venv\Lib\site-packages\sklearn\utils\_param_validation.py", line 213, in wrapper
    return func(*args, **kwargs)
           ^^^^^^^^^^^^^^^^^^^^^
  File "D:\AI Engineering\FastAPI\model AI\.venv\Lib\site-packages\sklearn\metrics\_ranking.py", line 634, in roc_auc_score
    return _multiclass_roc_auc_score(
           ^^^^^^^^^^^^^^^^^^^^^^^^^^
  File "D:\AI Engineering\FastAPI\model AI\.venv\Lib\site-packages\sklearn\metrics\_ranking.py", line 707, in _multiclass_roc_auc_score
    raise ValueError(
ValueError: Target scores need to be probabilities for multiclass roc_auc, i.e. they should sum up to 1.0 over classes

  warnings.warn(

2026-10-07 18:01:31,650:WARNING:D:\AI Engineering\FastAPI\model AI\.venv\Lib\site-packages\sklearn\metrics\_classification.py:1509: UndefinedMetricWarning: Precision is ill-defined and being set to 0.0 in labels with no predicted samples. Use `zero_division` parameter to control this behavior.
  _warn_prf(average, modifier, f"{metric.capitalize()} is", len(result))

2026-10-07 18:01:31,663:INFO:Calculating mean and std
2026-10-07 18:01:31,664:INFO:Creating metrics dataframe
2026-10-07 18:01:31,666:INFO:Uploading results into container
2026-10-07 18:01:31,666:INFO:Uploading model into container now
2026-10-07 18:01:31,667:INFO:_master_model_container: 11
2026-10-07 18:01:31,667:INFO:_display_container: 2
2026-10-07 18:01:31,667:INFO:LinearDiscriminantAnalysis(covariance_estimator=None, n_components=None,
                           priors=None, shrinkage=None, solver='svd',
                           store_covariance=False, tol=0.0001)
2026-10-07 18:01:31,667:INFO:create_model() successfully completed......................................
2026-10-07 18:01:31,734:INFO:SubProcess create_model() end ==================================
2026-10-07 18:01:31,734:INFO:Creating metrics dataframe
2026-10-07 18:01:31,736:INFO:Initializing Extra Trees Classifier
2026-10-07 18:01:31,736:INFO:Total runtime is 0.3246499021848042 minutes
2026-10-07 18:01:31,736:INFO:SubProcess create_model() called ==================================
2026-10-07 18:01:31,736:INFO:Initializing create_model()
2026-10-07 18:01:31,736:INFO:create_model(self=<pycaret.classification.oop.ClassificationExperiment object at 0x000001AF368A6E10>, estimator=et, fold=StratifiedKFold(n_splits=10, random_state=None, shuffle=False), round=4, cross_validation=True, predict=True, fit_kwargs={}, groups=None, refit=False, probability_threshold=None, experiment_custom_tags=None, verbose=False, system=False, add_to_model_list=True, metrics=None, display=<pycaret.internal.display.display.CommonDisplay object at 0x000001AF3D096290>, model_only=True, return_train_score=False, error_score=0.0, kwargs={})
2026-10-07 18:01:31,736:INFO:Checking exceptions
2026-10-07 18:01:31,736:INFO:Importing libraries
2026-10-07 18:01:31,736:INFO:Copying training dataset
2026-10-07 18:01:31,739:INFO:Defining folds
2026-10-07 18:01:31,740:INFO:Declaring metric variables
2026-10-07 18:01:31,740:INFO:Importing untrained model
2026-10-07 18:01:31,740:INFO:Extra Trees Classifier Imported successfully
2026-10-07 18:01:31,740:INFO:Starting cross validation
2026-10-07 18:01:31,741:INFO:Cross validating with StratifiedKFold(n_splits=10, random_state=None, shuffle=False), n_jobs=-1
2026-10-07 18:01:32,407:WARNING:D:\AI Engineering\FastAPI\model AI\.venv\Lib\site-packages\sklearn\metrics\_classification.py:1509: UndefinedMetricWarning: Precision is ill-defined and being set to 0.0 in labels with no predicted samples. Use `zero_division` parameter to control this behavior.
  _warn_prf(average, modifier, f"{metric.capitalize()} is", len(result))

2026-10-07 18:01:32,478:INFO:Calculating mean and std
2026-10-07 18:01:32,479:INFO:Creating metrics dataframe
2026-10-07 18:01:32,480:INFO:Uploading results into container
2026-10-07 18:01:32,481:INFO:Uploading model into container now
2026-10-07 18:01:32,481:INFO:_master_model_container: 12
2026-10-07 18:01:32,481:INFO:_display_container: 2
2026-10-07 18:01:32,482:INFO:ExtraTreesClassifier(bootstrap=False, ccp_alpha=0.0, class_weight=None,
                     criterion='gini', max_depth=None, max_features='sqrt',
                     max_leaf_nodes=None, max_samples=None,
                     min_impurity_decrease=0.0, min_samples_leaf=1,
                     min_samples_split=2, min_weight_fraction_leaf=0.0,
                     monotonic_cst=None, n_estimators=100, n_jobs=-1,
                     oob_score=False, random_state=123, verbose=0,
                     warm_start=False)
2026-10-07 18:01:32,482:INFO:create_model() successfully completed......................................
2026-10-07 18:01:32,576:INFO:SubProcess create_model() end ==================================
2026-10-07 18:01:32,576:INFO:Creating metrics dataframe
2026-10-07 18:01:32,580:INFO:Initializing Light Gradient Boosting Machine
2026-10-07 18:01:32,580:INFO:Total runtime is 0.33870881795883173 minutes
2026-10-07 18:01:32,580:INFO:SubProcess create_model() called ==================================
2026-10-07 18:01:32,580:INFO:Initializing create_model()
2026-10-07 18:01:32,580:INFO:create_model(self=<pycaret.classification.oop.ClassificationExperiment object at 0x000001AF368A6E10>, estimator=lightgbm, fold=StratifiedKFold(n_splits=10, random_state=None, shuffle=False), round=4, cross_validation=True, predict=True, fit_kwargs={}, groups=None, refit=False, probability_threshold=None, experiment_custom_tags=None, verbose=False, system=False, add_to_model_list=True, metrics=None, display=<pycaret.internal.display.display.CommonDisplay object at 0x000001AF3D096290>, model_only=True, return_train_score=False, error_score=0.0, kwargs={})
2026-10-07 18:01:32,580:INFO:Checking exceptions
2026-10-07 18:01:32,580:INFO:Importing libraries
2026-10-07 18:01:32,580:INFO:Copying training dataset
2026-10-07 18:01:32,586:INFO:Defining folds
2026-10-07 18:01:32,587:INFO:Declaring metric variables
2026-10-07 18:01:32,587:INFO:Importing untrained model
2026-10-07 18:01:32,588:INFO:Light Gradient Boosting Machine Imported successfully
2026-10-07 18:01:32,588:INFO:Starting cross validation
2026-10-07 18:01:32,589:INFO:Cross validating with StratifiedKFold(n_splits=10, random_state=None, shuffle=False), n_jobs=-1
2026-10-07 18:01:33,959:WARNING:create_model() for lightgbm raised an exception or returned all 0.0, trying without fit_kwargs:
2026-10-07 18:01:33,972:WARNING:Traceback (most recent call last):
  File "D:\AI Engineering\FastAPI\model AI\.venv\Lib\site-packages\pycaret\internal\pycaret_experiment\supervised_experiment.py", line 794, in compare_models
    model, model_fit_time = self._create_model(**create_model_args)
                            ^^^^^^^^^^^^^^^^^^^^^^^^^^^^^^^^^^^^^^^
  File "D:\AI Engineering\FastAPI\model AI\.venv\Lib\site-packages\pycaret\internal\pycaret_experiment\supervised_experiment.py", line 1533, in _create_model
    model, model_fit_time, model_results, _ = self._create_model_with_cv(
                                              ^^^^^^^^^^^^^^^^^^^^^^^^^^^
  File "D:\AI Engineering\FastAPI\model AI\.venv\Lib\site-packages\pycaret\internal\pycaret_experiment\supervised_experiment.py", line 1126, in _create_model_with_cv
    scores = cross_validate(
             ^^^^^^^^^^^^^^^
  File "D:\AI Engineering\FastAPI\model AI\.venv\Lib\site-packages\sklearn\utils\_param_validation.py", line 213, in wrapper
    return func(*args, **kwargs)
           ^^^^^^^^^^^^^^^^^^^^^
  File "D:\AI Engineering\FastAPI\model AI\.venv\Lib\site-packages\sklearn\model_selection\_validation.py", line 450, in cross_validate
    _warn_or_raise_about_fit_failures(results, error_score)
  File "D:\AI Engineering\FastAPI\model AI\.venv\Lib\site-packages\sklearn\model_selection\_validation.py", line 536, in _warn_or_raise_about_fit_failures
    raise ValueError(all_fits_failed_message)
ValueError: 
All the 10 fits failed.
It is very likely that your model is misconfigured.
You can try to debug the error by setting error_score='raise'.

Below are more details about the failures:
--------------------------------------------------------------------------------
10 fits failed with the following error:
Traceback (most recent call last):
  File "D:\AI Engineering\FastAPI\model AI\.venv\Lib\site-packages\sklearn\model_selection\_validation.py", line 895, in _fit_and_score
    estimator.fit(X_train, y_train, **fit_params)
  File "D:\AI Engineering\FastAPI\model AI\.venv\Lib\site-packages\pycaret\internal\pipeline.py", line 278, in fit
    fitted_estimator = self._memory_fit(
                       ^^^^^^^^^^^^^^^^^
  File "D:\AI Engineering\FastAPI\model AI\.venv\Lib\site-packages\joblib\memory.py", line 353, in __call__
    return self.func(*args, **kwargs)
           ^^^^^^^^^^^^^^^^^^^^^^^^^^
  File "D:\AI Engineering\FastAPI\model AI\.venv\Lib\site-packages\pycaret\internal\pipeline.py", line 69, in _fit_one
    transformer.fit(*args)
  File "D:\AI Engineering\FastAPI\model AI\.venv\Lib\site-packages\lightgbm\sklearn.py", line 1704, in fit
    super().fit(
  File "D:\AI Engineering\FastAPI\model AI\.venv\Lib\site-packages\lightgbm\sklearn.py", line 1171, in fit
    self._Booster = train(
                    ^^^^^^
  File "D:\AI Engineering\FastAPI\model AI\.venv\Lib\site-packages\lightgbm\engine.py", line 296, in train
    booster = Booster(params=params, train_set=train_set)
              ^^^^^^^^^^^^^^^^^^^^^^^^^^^^^^^^^^^^^^^^^^^
  File "D:\AI Engineering\FastAPI\model AI\.venv\Lib\site-packages\lightgbm\basic.py", line 3758, in __init__
    train_set.construct()
  File "D:\AI Engineering\FastAPI\model AI\.venv\Lib\site-packages\lightgbm\basic.py", line 2574, in construct
    self._lazy_init(
  File "D:\AI Engineering\FastAPI\model AI\.venv\Lib\site-packages\lightgbm\basic.py", line 2189, in _lazy_init
    self.set_label(label)
  File "D:\AI Engineering\FastAPI\model AI\.venv\Lib\site-packages\lightgbm\basic.py", line 3097, in set_label
    self.set_field("label", label_array)
  File "D:\AI Engineering\FastAPI\model AI\.venv\Lib\site-packages\lightgbm\basic.py", line 2860, in set_field
    _LIB.LGBM_DatasetSetField(
OSError: exception: access violation reading 0x0000000000000000


2026-10-07 18:01:33,973:INFO:Initializing create_model()
2026-10-07 18:01:33,973:INFO:create_model(self=<pycaret.classification.oop.ClassificationExperiment object at 0x000001AF368A6E10>, estimator=lightgbm, fold=StratifiedKFold(n_splits=10, random_state=None, shuffle=False), round=4, cross_validation=True, predict=True, fit_kwargs={}, groups=None, refit=False, probability_threshold=None, experiment_custom_tags=None, verbose=False, system=False, add_to_model_list=True, metrics=None, display=<pycaret.internal.display.display.CommonDisplay object at 0x000001AF3D096290>, model_only=True, return_train_score=False, error_score=0.0, kwargs={})
2026-10-07 18:01:33,973:INFO:Checking exceptions
2026-10-07 18:01:33,973:INFO:Importing libraries
2026-10-07 18:01:33,973:INFO:Copying training dataset
2026-10-07 18:01:33,979:INFO:Defining folds
2026-10-07 18:01:33,979:INFO:Declaring metric variables
2026-10-07 18:01:33,979:INFO:Importing untrained model
2026-10-07 18:01:33,979:INFO:Light Gradient Boosting Machine Imported successfully
2026-10-07 18:01:33,980:INFO:Starting cross validation
2026-10-07 18:01:33,981:INFO:Cross validating with StratifiedKFold(n_splits=10, random_state=None, shuffle=False), n_jobs=-1
2026-10-07 18:01:34,181:ERROR:create_model() for lightgbm raised an exception or returned all 0.0:
2026-10-07 18:01:34,184:ERROR:Traceback (most recent call last):
  File "D:\AI Engineering\FastAPI\model AI\.venv\Lib\site-packages\pycaret\internal\pycaret_experiment\supervised_experiment.py", line 794, in compare_models
    model, model_fit_time = self._create_model(**create_model_args)
                            ^^^^^^^^^^^^^^^^^^^^^^^^^^^^^^^^^^^^^^^
  File "D:\AI Engineering\FastAPI\model AI\.venv\Lib\site-packages\pycaret\internal\pycaret_experiment\supervised_experiment.py", line 1533, in _create_model
    model, model_fit_time, model_results, _ = self._create_model_with_cv(
                                              ^^^^^^^^^^^^^^^^^^^^^^^^^^^
  File "D:\AI Engineering\FastAPI\model AI\.venv\Lib\site-packages\pycaret\internal\pycaret_experiment\supervised_experiment.py", line 1126, in _create_model_with_cv
    scores = cross_validate(
             ^^^^^^^^^^^^^^^
  File "D:\AI Engineering\FastAPI\model AI\.venv\Lib\site-packages\sklearn\utils\_param_validation.py", line 213, in wrapper
    return func(*args, **kwargs)
           ^^^^^^^^^^^^^^^^^^^^^
  File "D:\AI Engineering\FastAPI\model AI\.venv\Lib\site-packages\sklearn\model_selection\_validation.py", line 450, in cross_validate
    _warn_or_raise_about_fit_failures(results, error_score)
  File "D:\AI Engineering\FastAPI\model AI\.venv\Lib\site-packages\sklearn\model_selection\_validation.py", line 536, in _warn_or_raise_about_fit_failures
    raise ValueError(all_fits_failed_message)
ValueError: 
All the 10 fits failed.
It is very likely that your model is misconfigured.
You can try to debug the error by setting error_score='raise'.

Below are more details about the failures:
--------------------------------------------------------------------------------
10 fits failed with the following error:
Traceback (most recent call last):
  File "D:\AI Engineering\FastAPI\model AI\.venv\Lib\site-packages\sklearn\model_selection\_validation.py", line 895, in _fit_and_score
    estimator.fit(X_train, y_train, **fit_params)
  File "D:\AI Engineering\FastAPI\model AI\.venv\Lib\site-packages\pycaret\internal\pipeline.py", line 278, in fit
    fitted_estimator = self._memory_fit(
                       ^^^^^^^^^^^^^^^^^
  File "D:\AI Engineering\FastAPI\model AI\.venv\Lib\site-packages\joblib\memory.py", line 353, in __call__
    return self.func(*args, **kwargs)
           ^^^^^^^^^^^^^^^^^^^^^^^^^^
  File "D:\AI Engineering\FastAPI\model AI\.venv\Lib\site-packages\pycaret\internal\pipeline.py", line 69, in _fit_one
    transformer.fit(*args)
  File "D:\AI Engineering\FastAPI\model AI\.venv\Lib\site-packages\lightgbm\sklearn.py", line 1704, in fit
    super().fit(
  File "D:\AI Engineering\FastAPI\model AI\.venv\Lib\site-packages\lightgbm\sklearn.py", line 1171, in fit
    self._Booster = train(
                    ^^^^^^
  File "D:\AI Engineering\FastAPI\model AI\.venv\Lib\site-packages\lightgbm\engine.py", line 296, in train
    booster = Booster(params=params, train_set=train_set)
              ^^^^^^^^^^^^^^^^^^^^^^^^^^^^^^^^^^^^^^^^^^^
  File "D:\AI Engineering\FastAPI\model AI\.venv\Lib\site-packages\lightgbm\basic.py", line 3758, in __init__
    train_set.construct()
  File "D:\AI Engineering\FastAPI\model AI\.venv\Lib\site-packages\lightgbm\basic.py", line 2574, in construct
    self._lazy_init(
  File "D:\AI Engineering\FastAPI\model AI\.venv\Lib\site-packages\lightgbm\basic.py", line 2189, in _lazy_init
    self.set_label(label)
  File "D:\AI Engineering\FastAPI\model AI\.venv\Lib\site-packages\lightgbm\basic.py", line 3097, in set_label
    self.set_field("label", label_array)
  File "D:\AI Engineering\FastAPI\model AI\.venv\Lib\site-packages\lightgbm\basic.py", line 2860, in set_field
    _LIB.LGBM_DatasetSetField(
OSError: exception: access violation reading 0x0000000000000000


During handling of the above exception, another exception occurred:

Traceback (most recent call last):
  File "D:\AI Engineering\FastAPI\model AI\.venv\Lib\site-packages\pycaret\internal\pycaret_experiment\supervised_experiment.py", line 815, in compare_models
    model, model_fit_time = self._create_model(**create_model_args)
                            ^^^^^^^^^^^^^^^^^^^^^^^^^^^^^^^^^^^^^^^
  File "D:\AI Engineering\FastAPI\model AI\.venv\Lib\site-packages\pycaret\internal\pycaret_experiment\supervised_experiment.py", line 1533, in _create_model
    model, model_fit_time, model_results, _ = self._create_model_with_cv(
                                              ^^^^^^^^^^^^^^^^^^^^^^^^^^^
  File "D:\AI Engineering\FastAPI\model AI\.venv\Lib\site-packages\pycaret\internal\pycaret_experiment\supervised_experiment.py", line 1126, in _create_model_with_cv
    scores = cross_validate(
             ^^^^^^^^^^^^^^^
  File "D:\AI Engineering\FastAPI\model AI\.venv\Lib\site-packages\sklearn\utils\_param_validation.py", line 213, in wrapper
    return func(*args, **kwargs)
           ^^^^^^^^^^^^^^^^^^^^^
  File "D:\AI Engineering\FastAPI\model AI\.venv\Lib\site-packages\sklearn\model_selection\_validation.py", line 450, in cross_validate
    _warn_or_raise_about_fit_failures(results, error_score)
  File "D:\AI Engineering\FastAPI\model AI\.venv\Lib\site-packages\sklearn\model_selection\_validation.py", line 536, in _warn_or_raise_about_fit_failures
    raise ValueError(all_fits_failed_message)
ValueError: 
All the 10 fits failed.
It is very likely that your model is misconfigured.
You can try to debug the error by setting error_score='raise'.

Below are more details about the failures:
--------------------------------------------------------------------------------
10 fits failed with the following error:
Traceback (most recent call last):
  File "D:\AI Engineering\FastAPI\model AI\.venv\Lib\site-packages\sklearn\model_selection\_validation.py", line 895, in _fit_and_score
    estimator.fit(X_train, y_train, **fit_params)
  File "D:\AI Engineering\FastAPI\model AI\.venv\Lib\site-packages\pycaret\internal\pipeline.py", line 278, in fit
    fitted_estimator = self._memory_fit(
                       ^^^^^^^^^^^^^^^^^
  File "D:\AI Engineering\FastAPI\model AI\.venv\Lib\site-packages\joblib\memory.py", line 353, in __call__
    return self.func(*args, **kwargs)
           ^^^^^^^^^^^^^^^^^^^^^^^^^^
  File "D:\AI Engineering\FastAPI\model AI\.venv\Lib\site-packages\pycaret\internal\pipeline.py", line 69, in _fit_one
    transformer.fit(*args)
  File "D:\AI Engineering\FastAPI\model AI\.venv\Lib\site-packages\lightgbm\sklearn.py", line 1704, in fit
    super().fit(
  File "D:\AI Engineering\FastAPI\model AI\.venv\Lib\site-packages\lightgbm\sklearn.py", line 1171, in fit
    self._Booster = train(
                    ^^^^^^
  File "D:\AI Engineering\FastAPI\model AI\.venv\Lib\site-packages\lightgbm\engine.py", line 296, in train
    booster = Booster(params=params, train_set=train_set)
              ^^^^^^^^^^^^^^^^^^^^^^^^^^^^^^^^^^^^^^^^^^^
  File "D:\AI Engineering\FastAPI\model AI\.venv\Lib\site-packages\lightgbm\basic.py", line 3758, in __init__
    train_set.construct()
  File "D:\AI Engineering\FastAPI\model AI\.venv\Lib\site-packages\lightgbm\basic.py", line 2574, in construct
    self._lazy_init(
  File "D:\AI Engineering\FastAPI\model AI\.venv\Lib\site-packages\lightgbm\basic.py", line 2189, in _lazy_init
    self.set_label(label)
  File "D:\AI Engineering\FastAPI\model AI\.venv\Lib\site-packages\lightgbm\basic.py", line 3097, in set_label
    self.set_field("label", label_array)
  File "D:\AI Engineering\FastAPI\model AI\.venv\Lib\site-packages\lightgbm\basic.py", line 2860, in set_field
    _LIB.LGBM_DatasetSetField(
OSError: exception: access violation reading 0x0000000000000000


2026-10-07 18:01:34,185:INFO:Initializing Dummy Classifier
2026-10-07 18:01:34,185:INFO:Total runtime is 0.3654598832130432 minutes
2026-10-07 18:01:34,185:INFO:SubProcess create_model() called ==================================
2026-10-07 18:01:34,185:INFO:Initializing create_model()
2026-10-07 18:01:34,185:INFO:create_model(self=<pycaret.classification.oop.ClassificationExperiment object at 0x000001AF368A6E10>, estimator=dummy, fold=StratifiedKFold(n_splits=10, random_state=None, shuffle=False), round=4, cross_validation=True, predict=True, fit_kwargs={}, groups=None, refit=False, probability_threshold=None, experiment_custom_tags=None, verbose=False, system=False, add_to_model_list=True, metrics=None, display=<pycaret.internal.display.display.CommonDisplay object at 0x000001AF3D096290>, model_only=True, return_train_score=False, error_score=0.0, kwargs={})
2026-10-07 18:01:34,185:INFO:Checking exceptions
2026-10-07 18:01:34,185:INFO:Importing libraries
2026-10-07 18:01:34,185:INFO:Copying training dataset
2026-10-07 18:01:34,192:INFO:Defining folds
2026-10-07 18:01:34,192:INFO:Declaring metric variables
2026-10-07 18:01:34,192:INFO:Importing untrained model
2026-10-07 18:01:34,192:INFO:Dummy Classifier Imported successfully
2026-10-07 18:01:34,193:INFO:Starting cross validation
2026-10-07 18:01:34,195:INFO:Cross validating with StratifiedKFold(n_splits=10, random_state=None, shuffle=False), n_jobs=-1
2026-10-07 18:01:34,442:WARNING:D:\AI Engineering\FastAPI\model AI\.venv\Lib\site-packages\sklearn\metrics\_classification.py:1509: UndefinedMetricWarning: Precision is ill-defined and being set to 0.0 in labels with no predicted samples. Use `zero_division` parameter to control this behavior.
  _warn_prf(average, modifier, f"{metric.capitalize()} is", len(result))

2026-10-07 18:01:34,452:WARNING:D:\AI Engineering\FastAPI\model AI\.venv\Lib\site-packages\sklearn\metrics\_classification.py:1509: UndefinedMetricWarning: Precision is ill-defined and being set to 0.0 in labels with no predicted samples. Use `zero_division` parameter to control this behavior.
  _warn_prf(average, modifier, f"{metric.capitalize()} is", len(result))

2026-10-07 18:01:34,469:WARNING:D:\AI Engineering\FastAPI\model AI\.venv\Lib\site-packages\sklearn\metrics\_classification.py:1509: UndefinedMetricWarning: Precision is ill-defined and being set to 0.0 in labels with no predicted samples. Use `zero_division` parameter to control this behavior.
  _warn_prf(average, modifier, f"{metric.capitalize()} is", len(result))

2026-10-07 18:01:34,485:WARNING:D:\AI Engineering\FastAPI\model AI\.venv\Lib\site-packages\sklearn\metrics\_classification.py:1509: UndefinedMetricWarning: Precision is ill-defined and being set to 0.0 in labels with no predicted samples. Use `zero_division` parameter to control this behavior.
  _warn_prf(average, modifier, f"{metric.capitalize()} is", len(result))

2026-10-07 18:01:34,489:WARNING:D:\AI Engineering\FastAPI\model AI\.venv\Lib\site-packages\sklearn\metrics\_classification.py:1509: UndefinedMetricWarning: Precision is ill-defined and being set to 0.0 in labels with no predicted samples. Use `zero_division` parameter to control this behavior.
  _warn_prf(average, modifier, f"{metric.capitalize()} is", len(result))

2026-10-07 18:01:34,512:WARNING:D:\AI Engineering\FastAPI\model AI\.venv\Lib\site-packages\sklearn\metrics\_classification.py:1509: UndefinedMetricWarning: Precision is ill-defined and being set to 0.0 in labels with no predicted samples. Use `zero_division` parameter to control this behavior.
  _warn_prf(average, modifier, f"{metric.capitalize()} is", len(result))

2026-10-07 18:01:34,523:WARNING:D:\AI Engineering\FastAPI\model AI\.venv\Lib\site-packages\sklearn\metrics\_classification.py:1509: UndefinedMetricWarning: Precision is ill-defined and being set to 0.0 in labels with no predicted samples. Use `zero_division` parameter to control this behavior.
  _warn_prf(average, modifier, f"{metric.capitalize()} is", len(result))

2026-10-07 18:01:34,524:WARNING:D:\AI Engineering\FastAPI\model AI\.venv\Lib\site-packages\sklearn\metrics\_classification.py:1509: UndefinedMetricWarning: Precision is ill-defined and being set to 0.0 in labels with no predicted samples. Use `zero_division` parameter to control this behavior.
  _warn_prf(average, modifier, f"{metric.capitalize()} is", len(result))

2026-10-07 18:01:34,534:WARNING:D:\AI Engineering\FastAPI\model AI\.venv\Lib\site-packages\sklearn\metrics\_classification.py:1509: UndefinedMetricWarning: Precision is ill-defined and being set to 0.0 in labels with no predicted samples. Use `zero_division` parameter to control this behavior.
  _warn_prf(average, modifier, f"{metric.capitalize()} is", len(result))

2026-10-07 18:01:34,551:WARNING:D:\AI Engineering\FastAPI\model AI\.venv\Lib\site-packages\sklearn\metrics\_classification.py:1509: UndefinedMetricWarning: Precision is ill-defined and being set to 0.0 in labels with no predicted samples. Use `zero_division` parameter to control this behavior.
  _warn_prf(average, modifier, f"{metric.capitalize()} is", len(result))

2026-10-07 18:01:34,560:INFO:Calculating mean and std
2026-10-07 18:01:34,561:INFO:Creating metrics dataframe
2026-10-07 18:01:34,562:INFO:Uploading results into container
2026-10-07 18:01:34,562:INFO:Uploading model into container now
2026-10-07 18:01:34,563:INFO:_master_model_container: 13
2026-10-07 18:01:34,563:INFO:_display_container: 2
2026-10-07 18:01:34,563:INFO:DummyClassifier(constant=None, random_state=123, strategy='prior')
2026-10-07 18:01:34,563:INFO:create_model() successfully completed......................................
2026-10-07 18:01:34,636:INFO:SubProcess create_model() end ==================================
2026-10-07 18:01:34,636:INFO:Creating metrics dataframe
2026-10-07 18:01:34,640:WARNING:D:\AI Engineering\FastAPI\model AI\.venv\Lib\site-packages\pycaret\internal\pycaret_experiment\supervised_experiment.py:339: FutureWarning: Styler.applymap has been deprecated. Use Styler.map instead.
  .applymap(highlight_cols, subset=["TT (Sec)"])

2026-10-07 18:01:34,641:INFO:Initializing create_model()
2026-10-07 18:01:34,641:INFO:create_model(self=<pycaret.classification.oop.ClassificationExperiment object at 0x000001AF368A6E10>, estimator=GradientBoostingClassifier(ccp_alpha=0.0, criterion='friedman_mse', init=None,
                           learning_rate=0.1, loss='log_loss', max_depth=3,
                           max_features=None, max_leaf_nodes=None,
                           min_impurity_decrease=0.0, min_samples_leaf=1,
                           min_samples_split=2, min_weight_fraction_leaf=0.0,
                           n_estimators=100, n_iter_no_change=None,
                           random_state=123, subsample=1.0, tol=0.0001,
                           validation_fraction=0.1, verbose=0,
                           warm_start=False), fold=StratifiedKFold(n_splits=10, random_state=None, shuffle=False), round=4, cross_validation=False, predict=False, fit_kwargs={}, groups=None, refit=True, probability_threshold=None, experiment_custom_tags=None, verbose=False, system=False, add_to_model_list=True, metrics=None, display=None, model_only=True, return_train_score=False, error_score=0.0, kwargs={})
2026-10-07 18:01:34,641:INFO:Checking exceptions
2026-10-07 18:01:34,643:INFO:Importing libraries
2026-10-07 18:01:34,643:INFO:Copying training dataset
2026-10-07 18:01:34,646:INFO:Defining folds
2026-10-07 18:01:34,646:INFO:Declaring metric variables
2026-10-07 18:01:34,646:INFO:Importing untrained model
2026-10-07 18:01:34,646:INFO:Declaring custom model
2026-10-07 18:01:34,647:INFO:Gradient Boosting Classifier Imported successfully
2026-10-07 18:01:34,648:INFO:Cross validation set to False
2026-10-07 18:01:34,648:INFO:Fitting Model
2026-10-07 18:01:35,954:INFO:GradientBoostingClassifier(ccp_alpha=0.0, criterion='friedman_mse', init=None,
                           learning_rate=0.1, loss='log_loss', max_depth=3,
                           max_features=None, max_leaf_nodes=None,
                           min_impurity_decrease=0.0, min_samples_leaf=1,
                           min_samples_split=2, min_weight_fraction_leaf=0.0,
                           n_estimators=100, n_iter_no_change=None,
                           random_state=123, subsample=1.0, tol=0.0001,
                           validation_fraction=0.1, verbose=0,
                           warm_start=False)
2026-10-07 18:01:35,954:INFO:create_model() successfully completed......................................
2026-10-07 18:01:36,029:INFO:_master_model_container: 13
2026-10-07 18:01:36,029:INFO:_display_container: 2
2026-10-07 18:01:36,030:INFO:GradientBoostingClassifier(ccp_alpha=0.0, criterion='friedman_mse', init=None,
                           learning_rate=0.1, loss='log_loss', max_depth=3,
                           max_features=None, max_leaf_nodes=None,
                           min_impurity_decrease=0.0, min_samples_leaf=1,
                           min_samples_split=2, min_weight_fraction_leaf=0.0,
                           n_estimators=100, n_iter_no_change=None,
                           random_state=123, subsample=1.0, tol=0.0001,
                           validation_fraction=0.1, verbose=0,
                           warm_start=False)
2026-10-07 18:01:36,030:INFO:compare_models() successfully completed......................................
2026-10-07 18:01:36,099:INFO:Initializing save_model()
2026-10-07 18:01:36,099:INFO:save_model(model=GradientBoostingClassifier(ccp_alpha=0.0, criterion='friedman_mse', init=None,
                           learning_rate=0.1, loss='log_loss', max_depth=3,
                           max_features=None, max_leaf_nodes=None,
                           min_impurity_decrease=0.0, min_samples_leaf=1,
                           min_samples_split=2, min_weight_fraction_leaf=0.0,
                           n_estimators=100, n_iter_no_change=None,
                           random_state=123, subsample=1.0, tol=0.0001,
                           validation_fraction=0.1, verbose=0,
                           warm_start=False), model_name=best_student_performance_model, prep_pipe_=Pipeline(memory=FastMemory(location=C:\Users\CM\AppData\Local\Temp\joblib),
         steps=[('numerical_imputer',
                 TransformerWrapper(exclude=None,
                                    include=['Age', 'StudyTimeWeekly',
                                             'Absences', 'GPA'],
                                    transformer=SimpleImputer(add_indicator=False,
                                                              copy=True,
                                                              fill_value=None,
                                                              keep_empty_features=False,
                                                              missing_values=nan,
                                                              strategy='mean'))),
                ('categorical_imputer',
                 Trans...
                                                               return_df=True,
                                                               verbose=0))),
                ('onehot_encoding',
                 TransformerWrapper(exclude=None,
                                    include=['Ethnicity', 'ParentalEducation',
                                             'ParentalSupport'],
                                    transformer=OneHotEncoder(cols=['Ethnicity',
                                                                    'ParentalEducation',
                                                                    'ParentalSupport'],
                                                              drop_invariant=False,
                                                              handle_missing='return_nan',
                                                              handle_unknown='value',
                                                              return_df=True,
                                                              use_cat_names=True,
                                                              verbose=0)))],
         verbose=False), verbose=True, use_case=MLUsecase.CLASSIFICATION, kwargs={})
2026-10-07 18:01:36,101:INFO:Adding model into prep_pipe
2026-10-07 18:01:36,124:INFO:best_student_performance_model.pkl saved in current working directory
2026-10-07 18:01:36,198:INFO:Pipeline(memory=Memory(location=None),
         steps=[('numerical_imputer',
                 TransformerWrapper(exclude=None,
                                    include=['Age', 'StudyTimeWeekly',
                                             'Absences', 'GPA'],
                                    transformer=SimpleImputer(add_indicator=False,
                                                              copy=True,
                                                              fill_value=None,
                                                              keep_empty_features=False,
                                                              missing_values=nan,
                                                              strategy='mean'))),
                ('categorical_imputer',
                 TransformerWrapper(exclude=None,
                                    include=['...
                                            criterion='friedman_mse', init=None,
                                            learning_rate=0.1, loss='log_loss',
                                            max_depth=3, max_features=None,
                                            max_leaf_nodes=None,
                                            min_impurity_decrease=0.0,
                                            min_samples_leaf=1,
                                            min_samples_split=2,
                                            min_weight_fraction_leaf=0.0,
                                            n_estimators=100,
                                            n_iter_no_change=None,
                                            random_state=123, subsample=1.0,
                                            tol=0.0001, validation_fraction=0.1,
                                            verbose=0, warm_start=False))],
         verbose=False)
2026-10-07 18:01:36,198:INFO:save_model() successfully completed......................................
2026-10-07 18:05:47,193:WARNING:
'cuml' is a soft dependency and not included in the pycaret installation. Please run: `pip install cuml` to install.
2026-10-07 18:05:47,194:WARNING:
'cuml' is a soft dependency and not included in the pycaret installation. Please run: `pip install cuml` to install.
2026-10-07 18:05:47,194:WARNING:
'cuml' is a soft dependency and not included in the pycaret installation. Please run: `pip install cuml` to install.
2026-10-07 18:05:47,194:WARNING:
'cuml' is a soft dependency and not included in the pycaret installation. Please run: `pip install cuml` to install.
2026-10-07 18:05:48,529:INFO:PyCaret ClassificationExperiment
2026-10-07 18:05:48,529:INFO:Logging name: clf-default-name
2026-10-07 18:05:48,529:INFO:ML Usecase: MLUsecase.CLASSIFICATION
2026-10-07 18:05:48,529:INFO:version 3.3.2
2026-10-07 18:05:48,529:INFO:Initializing setup()
2026-10-07 18:05:48,529:INFO:self.USI: c9c7
2026-10-07 18:05:48,529:INFO:self._variable_keys: {'y_test', 'target_param', 'data', 'seed', 'exp_name_log', '_available_plots', 'y_train', 'is_multiclass', 'y', 'fold_generator', 'fix_imbalance', 'USI', 'log_plots_param', 'idx', 'X_test', 'gpu_n_jobs_param', 'fold_groups_param', 'n_jobs_param', 'fold_shuffle_param', 'pipeline', 'html_param', '_ml_usecase', 'X_train', 'memory', 'logging_param', 'gpu_param', 'X', 'exp_id'}
2026-10-07 18:05:48,530:INFO:Checking environment
2026-10-07 18:05:48,530:INFO:python_version: 3.11.9
2026-10-07 18:05:48,530:INFO:python_build: ('tags/v3.11.9:de54cf5', 'Apr  2 2024 10:12:12')
2026-10-07 18:05:48,530:INFO:machine: AMD64
2026-10-07 18:05:48,545:INFO:platform: Windows-10-10.0.26200-SP0
2026-10-07 18:05:48,545:INFO:Memory: svmem(total=8307642368, available=385896448, percent=95.4, used=7921745920, free=385896448)
2026-10-07 18:05:48,546:INFO:Physical Core: 6
2026-10-07 18:05:48,546:INFO:Logical Core: 12
2026-10-07 18:05:48,546:INFO:Checking libraries
2026-10-07 18:05:48,546:INFO:System:
2026-10-07 18:05:48,546:INFO:    python: 3.11.9 (tags/v3.11.9:de54cf5, Apr  2 2024, 10:12:12) [MSC v.1938 64 bit (AMD64)]
2026-10-07 18:05:48,546:INFO:executable: D:\AI Engineering\FastAPI\model AI\.venv\Scripts\python.exe
2026-10-07 18:05:48,546:INFO:   machine: Windows-10-10.0.26200-SP0
2026-10-07 18:05:48,546:INFO:PyCaret required dependencies:
2026-10-07 18:05:48,546:WARNING:D:\AI Engineering\FastAPI\model AI\.venv\Lib\site-packages\_distutils_hack\__init__.py:33: UserWarning: Setuptools is replacing distutils.
  warnings.warn("Setuptools is replacing distutils.")

2026-10-07 18:05:48,577:INFO:                 pip: 26.2.1
2026-10-07 18:05:48,577:INFO:          setuptools: 65.5.0
2026-10-07 18:05:48,577:INFO:             pycaret: 3.3.2
2026-10-07 18:05:48,578:INFO:             IPython: 9.17.1
2026-10-07 18:05:48,578:INFO:          ipywidgets: 8.1.9
2026-10-07 18:05:48,578:INFO:                tqdm: 4.70.1
2026-10-07 18:05:48,578:INFO:               numpy: 1.26.4
2026-10-07 18:05:48,578:INFO:              pandas: 2.1.4
2026-10-07 18:05:48,578:INFO:              jinja2: 3.1.6
2026-10-07 18:05:48,578:INFO:               scipy: 1.11.4
2026-10-07 18:05:48,578:INFO:              joblib: 1.3.2
2026-10-07 18:05:48,578:INFO:             sklearn: 1.4.2
2026-10-07 18:05:48,578:INFO:                pyod: 3.4.0
2026-10-07 18:05:48,578:INFO:            imblearn: 0.14.2
2026-10-07 18:05:48,578:INFO:   category_encoders: 2.7.0
2026-10-07 18:05:48,578:INFO:            lightgbm: 4.7.0
2026-10-07 18:05:48,578:INFO:               numba: 0.68.0
2026-10-07 18:05:48,578:INFO:            requests: 2.34.2
2026-10-07 18:05:48,578:INFO:          matplotlib: 3.7.5
2026-10-07 18:05:48,579:INFO:          scikitplot: 0.3.7
2026-10-07 18:05:48,579:INFO:         yellowbrick: 1.5
2026-10-07 18:05:48,579:INFO:              plotly: 6.9.0
2026-10-07 18:05:48,579:INFO:    plotly-resampler: Not installed
2026-10-07 18:05:48,579:INFO:             kaleido: 1.5.0
2026-10-07 18:05:48,579:INFO:           schemdraw: 0.15
2026-10-07 18:05:48,579:INFO:         statsmodels: 0.15.0
2026-10-07 18:05:48,579:INFO:              sktime: 0.26.0
2026-10-07 18:05:48,579:INFO:               tbats: 1.1.3
2026-10-07 18:05:48,579:INFO:            pmdarima: 2.0.4
2026-10-07 18:05:48,579:INFO:              psutil: 7.2.2
2026-10-07 18:05:48,579:INFO:          markupsafe: 3.0.4
2026-10-07 18:05:48,579:INFO:             pickle5: Not installed
2026-10-07 18:05:48,579:INFO:         cloudpickle: 3.1.2
2026-10-07 18:05:48,579:INFO:         deprecation: 2.1.0
2026-10-07 18:05:48,579:INFO:              xxhash: 4.0.1
2026-10-07 18:05:48,579:INFO:           wurlitzer: Not installed
2026-10-07 18:05:48,579:INFO:PyCaret optional dependencies:
2026-10-07 18:05:48,585:INFO:                shap: Not installed
2026-10-07 18:05:48,585:INFO:           interpret: Not installed
2026-10-07 18:05:48,585:INFO:                umap: Not installed
2026-10-07 18:05:48,585:INFO:     ydata_profiling: Not installed
2026-10-07 18:05:48,585:INFO:  explainerdashboard: Not installed
2026-10-07 18:05:48,585:INFO:             autoviz: Not installed
2026-10-07 18:05:48,585:INFO:           fairlearn: Not installed
2026-10-07 18:05:48,585:INFO:          deepchecks: Not installed
2026-10-07 18:05:48,585:INFO:             xgboost: Not installed
2026-10-07 18:05:48,585:INFO:            catboost: Not installed
2026-10-07 18:05:48,585:INFO:              kmodes: Not installed
2026-10-07 18:05:48,585:INFO:             mlxtend: Not installed
2026-10-07 18:05:48,585:INFO:       statsforecast: Not installed
2026-10-07 18:05:48,585:INFO:        tune_sklearn: Not installed
2026-10-07 18:05:48,585:INFO:                 ray: Not installed
2026-10-07 18:05:48,585:INFO:            hyperopt: Not installed
2026-10-07 18:05:48,585:INFO:              optuna: Not installed
2026-10-07 18:05:48,585:INFO:               skopt: Not installed
2026-10-07 18:05:48,585:INFO:              mlflow: Not installed
2026-10-07 18:05:48,585:INFO:              gradio: Not installed
2026-10-07 18:05:48,585:INFO:             fastapi: Not installed
2026-10-07 18:05:48,585:INFO:             uvicorn: Not installed
2026-10-07 18:05:48,585:INFO:              m2cgen: Not installed
2026-10-07 18:05:48,585:INFO:           evidently: Not installed
2026-10-07 18:05:48,585:INFO:               fugue: Not installed
2026-10-07 18:05:48,585:INFO:           streamlit: Not installed
2026-10-07 18:05:48,585:INFO:             prophet: Not installed
2026-10-07 18:05:48,585:INFO:None
2026-10-07 18:05:48,586:INFO:Set up data.
2026-10-07 18:05:48,596:INFO:Set up folding strategy.
2026-10-07 18:05:48,596:INFO:Set up train/test split.
2026-10-07 18:05:48,606:INFO:Set up index.
2026-10-07 18:05:48,607:INFO:Assigning column types.
2026-10-07 18:05:48,612:INFO:Engine successfully changes for model 'lr' to 'sklearn'.
2026-10-07 18:05:48,658:INFO:Engine for model 'knn' has not been set explicitly, hence returning None.
2026-10-07 18:05:48,662:INFO:Engine for model 'rbfsvm' has not been set explicitly, hence returning None.
2026-10-07 18:05:48,706:WARNING:
'xgboost' is a soft dependency and not included in the pycaret installation. Please run: `pip install xgboost` to install.
Alternately, you can install this by running `pip install pycaret[models]`
2026-10-07 18:05:48,706:WARNING:
'catboost' is a soft dependency and not included in the pycaret installation. Please run: `pip install catboost` to install.
Alternately, you can install this by running `pip install pycaret[models]`
2026-10-07 18:05:48,749:INFO:Engine for model 'knn' has not been set explicitly, hence returning None.
2026-10-07 18:05:48,750:INFO:Engine for model 'rbfsvm' has not been set explicitly, hence returning None.
2026-10-07 18:05:48,801:WARNING:
'xgboost' is a soft dependency and not included in the pycaret installation. Please run: `pip install xgboost` to install.
Alternately, you can install this by running `pip install pycaret[models]`
2026-10-07 18:05:48,803:WARNING:
'catboost' is a soft dependency and not included in the pycaret installation. Please run: `pip install catboost` to install.
Alternately, you can install this by running `pip install pycaret[models]`
2026-10-07 18:05:48,804:INFO:Engine successfully changes for model 'knn' to 'sklearn'.
2026-10-07 18:05:48,881:INFO:Engine for model 'rbfsvm' has not been set explicitly, hence returning None.
2026-10-07 18:05:48,926:WARNING:
'xgboost' is a soft dependency and not included in the pycaret installation. Please run: `pip install xgboost` to install.
Alternately, you can install this by running `pip install pycaret[models]`
2026-10-07 18:05:48,927:WARNING:
'catboost' is a soft dependency and not included in the pycaret installation. Please run: `pip install catboost` to install.
Alternately, you can install this by running `pip install pycaret[models]`
2026-10-07 18:05:48,982:INFO:Engine for model 'rbfsvm' has not been set explicitly, hence returning None.
2026-10-07 18:05:49,017:WARNING:
'xgboost' is a soft dependency and not included in the pycaret installation. Please run: `pip install xgboost` to install.
Alternately, you can install this by running `pip install pycaret[models]`
2026-10-07 18:05:49,018:WARNING:
'catboost' is a soft dependency and not included in the pycaret installation. Please run: `pip install catboost` to install.
Alternately, you can install this by running `pip install pycaret[models]`
2026-10-07 18:05:49,018:INFO:Engine successfully changes for model 'rbfsvm' to 'sklearn'.
2026-10-07 18:05:49,106:WARNING:
'xgboost' is a soft dependency and not included in the pycaret installation. Please run: `pip install xgboost` to install.
Alternately, you can install this by running `pip install pycaret[models]`
2026-10-07 18:05:49,107:WARNING:
'catboost' is a soft dependency and not included in the pycaret installation. Please run: `pip install catboost` to install.
Alternately, you can install this by running `pip install pycaret[models]`
2026-10-07 18:05:49,182:WARNING:
'xgboost' is a soft dependency and not included in the pycaret installation. Please run: `pip install xgboost` to install.
Alternately, you can install this by running `pip install pycaret[models]`
2026-10-07 18:05:49,182:WARNING:
'catboost' is a soft dependency and not included in the pycaret installation. Please run: `pip install catboost` to install.
Alternately, you can install this by running `pip install pycaret[models]`
2026-10-07 18:05:49,184:INFO:Preparing preprocessing pipeline...
2026-10-07 18:05:49,188:INFO:Set up simple imputation.
2026-10-07 18:05:49,193:INFO:Set up encoding of ordinal features.
2026-10-07 18:05:49,204:INFO:Set up encoding of categorical features.
2026-10-07 18:05:49,442:INFO:Finished creating preprocessing pipeline.
2026-10-07 18:05:49,647:INFO:Pipeline: Pipeline(memory=FastMemory(location=C:\Users\CM\AppData\Local\Temp\joblib),
         steps=[('numerical_imputer',
                 TransformerWrapper(exclude=None,
                                    include=['Age', 'StudyTimeWeekly',
                                             'Absences'],
                                    transformer=SimpleImputer(add_indicator=False,
                                                              copy=True,
                                                              fill_value=None,
                                                              keep_empty_features=False,
                                                              missing_values=nan,
                                                              strategy='mean'))),
                ('categorical_imputer',
                 Transformer...
                                                               return_df=True,
                                                               verbose=0))),
                ('onehot_encoding',
                 TransformerWrapper(exclude=None,
                                    include=['Ethnicity', 'ParentalEducation',
                                             'ParentalSupport'],
                                    transformer=OneHotEncoder(cols=['Ethnicity',
                                                                    'ParentalEducation',
                                                                    'ParentalSupport'],
                                                              drop_invariant=False,
                                                              handle_missing='return_nan',
                                                              handle_unknown='value',
                                                              return_df=True,
                                                              use_cat_names=True,
                                                              verbose=0)))],
         verbose=False)
2026-10-07 18:05:49,647:INFO:Creating final display dataframe.
2026-10-07 18:05:50,763:INFO:Setup _display_container:                     Description             Value
0                    Session id               123
1                        Target        GradeClass
2                   Target type        Multiclass
3           Original data shape        (2392, 15)
4        Transformed data shape        (2392, 24)
5   Transformed train set shape        (1674, 24)
6    Transformed test set shape         (718, 24)
7               Ignore features                 2
8              Numeric features                 3
9          Categorical features                 9
10                   Preprocess              True
11              Imputation type            simple
12           Numeric imputation              mean
13       Categorical imputation              mode
14     Maximum one-hot encoding                25
15              Encoding method              None
16               Fold Generator   StratifiedKFold
17                  Fold Number                10
18                     CPU Jobs                -1
19                      Use GPU             False
20               Log Experiment             False
21              Experiment Name  clf-default-name
22                          USI              c9c7
2026-10-07 18:05:50,950:WARNING:
'xgboost' is a soft dependency and not included in the pycaret installation. Please run: `pip install xgboost` to install.
Alternately, you can install this by running `pip install pycaret[models]`
2026-10-07 18:05:50,950:WARNING:
'catboost' is a soft dependency and not included in the pycaret installation. Please run: `pip install catboost` to install.
Alternately, you can install this by running `pip install pycaret[models]`
2026-10-07 18:05:51,136:WARNING:
'xgboost' is a soft dependency and not included in the pycaret installation. Please run: `pip install xgboost` to install.
Alternately, you can install this by running `pip install pycaret[models]`
2026-10-07 18:05:51,144:WARNING:
'catboost' is a soft dependency and not included in the pycaret installation. Please run: `pip install catboost` to install.
Alternately, you can install this by running `pip install pycaret[models]`
2026-10-07 18:05:51,146:INFO:setup() successfully completed in 2.62s...............
2026-10-07 18:05:51,146:INFO:Initializing compare_models()
2026-10-07 18:05:51,146:INFO:compare_models(self=<pycaret.classification.oop.ClassificationExperiment object at 0x000002998C7C3390>, include=None, exclude=None, fold=None, round=4, cross_validation=True, sort=Accuracy, n_select=1, budget_time=None, turbo=True, errors=ignore, fit_kwargs=None, groups=None, experiment_custom_tags=None, probability_threshold=None, verbose=True, parallel=None, caller_params={'self': <pycaret.classification.oop.ClassificationExperiment object at 0x000002998C7C3390>, 'include': None, 'exclude': None, 'fold': None, 'round': 4, 'cross_validation': True, 'sort': 'Accuracy', 'n_select': 1, 'budget_time': None, 'turbo': True, 'errors': 'ignore', 'fit_kwargs': None, 'groups': None, 'experiment_custom_tags': None, 'probability_threshold': None, 'engine': None, 'verbose': True, 'parallel': None, '__class__': <class 'pycaret.classification.oop.ClassificationExperiment'>})
2026-10-07 18:05:51,146:INFO:Checking exceptions
2026-10-07 18:05:51,159:INFO:Preparing display monitor
2026-10-07 18:05:51,182:INFO:Initializing Logistic Regression
2026-10-07 18:05:51,182:INFO:Total runtime is 0.0 minutes
2026-10-07 18:05:51,182:INFO:SubProcess create_model() called ==================================
2026-10-07 18:05:51,183:INFO:Initializing create_model()
2026-10-07 18:05:51,183:INFO:create_model(self=<pycaret.classification.oop.ClassificationExperiment object at 0x000002998C7C3390>, estimator=lr, fold=StratifiedKFold(n_splits=10, random_state=None, shuffle=False), round=4, cross_validation=True, predict=True, fit_kwargs={}, groups=None, refit=False, probability_threshold=None, experiment_custom_tags=None, verbose=False, system=False, add_to_model_list=True, metrics=None, display=<pycaret.internal.display.display.CommonDisplay object at 0x000002998E063B10>, model_only=True, return_train_score=False, error_score=0.0, kwargs={})
2026-10-07 18:05:51,183:INFO:Checking exceptions
2026-10-07 18:05:51,183:INFO:Importing libraries
2026-10-07 18:05:51,183:INFO:Copying training dataset
2026-10-07 18:05:51,193:INFO:Defining folds
2026-10-07 18:05:51,193:INFO:Declaring metric variables
2026-10-07 18:05:51,193:INFO:Importing untrained model
2026-10-07 18:05:51,194:INFO:Logistic Regression Imported successfully
2026-10-07 18:05:51,195:INFO:Starting cross validation
2026-10-07 18:05:51,199:INFO:Cross validating with StratifiedKFold(n_splits=10, random_state=None, shuffle=False), n_jobs=-1
2026-10-07 18:06:01,262:WARNING:D:\AI Engineering\FastAPI\model AI\.venv\Lib\site-packages\_distutils_hack\__init__.py:33: UserWarning: Setuptools is replacing distutils.
  warnings.warn("Setuptools is replacing distutils.")

2026-10-07 18:06:01,279:WARNING:D:\AI Engineering\FastAPI\model AI\.venv\Lib\site-packages\_distutils_hack\__init__.py:33: UserWarning: Setuptools is replacing distutils.
  warnings.warn("Setuptools is replacing distutils.")

2026-10-07 18:06:01,280:WARNING:D:\AI Engineering\FastAPI\model AI\.venv\Lib\site-packages\_distutils_hack\__init__.py:33: UserWarning: Setuptools is replacing distutils.
  warnings.warn("Setuptools is replacing distutils.")

2026-10-07 18:06:01,287:WARNING:D:\AI Engineering\FastAPI\model AI\.venv\Lib\site-packages\_distutils_hack\__init__.py:33: UserWarning: Setuptools is replacing distutils.
  warnings.warn("Setuptools is replacing distutils.")

2026-10-07 18:06:01,317:WARNING:D:\AI Engineering\FastAPI\model AI\.venv\Lib\site-packages\_distutils_hack\__init__.py:33: UserWarning: Setuptools is replacing distutils.
  warnings.warn("Setuptools is replacing distutils.")

2026-10-07 18:06:01,321:WARNING:D:\AI Engineering\FastAPI\model AI\.venv\Lib\site-packages\_distutils_hack\__init__.py:33: UserWarning: Setuptools is replacing distutils.
  warnings.warn("Setuptools is replacing distutils.")

2026-10-07 18:06:01,330:WARNING:D:\AI Engineering\FastAPI\model AI\.venv\Lib\site-packages\_distutils_hack\__init__.py:33: UserWarning: Setuptools is replacing distutils.
  warnings.warn("Setuptools is replacing distutils.")

2026-10-07 18:06:01,343:WARNING:D:\AI Engineering\FastAPI\model AI\.venv\Lib\site-packages\_distutils_hack\__init__.py:33: UserWarning: Setuptools is replacing distutils.
  warnings.warn("Setuptools is replacing distutils.")

2026-10-07 18:06:01,346:WARNING:D:\AI Engineering\FastAPI\model AI\.venv\Lib\site-packages\_distutils_hack\__init__.py:33: UserWarning: Setuptools is replacing distutils.
  warnings.warn("Setuptools is replacing distutils.")

2026-10-07 18:06:01,352:WARNING:D:\AI Engineering\FastAPI\model AI\.venv\Lib\site-packages\_distutils_hack\__init__.py:33: UserWarning: Setuptools is replacing distutils.
  warnings.warn("Setuptools is replacing distutils.")

2026-10-07 18:06:02,678:WARNING:D:\AI Engineering\FastAPI\model AI\.venv\Lib\site-packages\pycaret\internal\metrics.py:204: FitFailedWarning: Metric 'make_scorer(roc_auc_score, response_method=('decision_function', 'predict_proba'), average=weighted, multi_class=ovr)' failed and error score 0.0 has been returned instead. If this is a custom metric, this usually means that the error is in the metric code. Full exception below:
Traceback (most recent call last):
  File "D:\AI Engineering\FastAPI\model AI\.venv\Lib\site-packages\pycaret\internal\metrics.py", line 196, in _score
    return super()._score(
           ^^^^^^^^^^^^^^^
  File "D:\AI Engineering\FastAPI\model AI\.venv\Lib\site-packages\sklearn\metrics\_scorer.py", line 350, in _score
    return self._sign * self._score_func(y_true, y_pred, **scoring_kwargs)
                        ^^^^^^^^^^^^^^^^^^^^^^^^^^^^^^^^^^^^^^^^^^^^^^^^^^
  File "D:\AI Engineering\FastAPI\model AI\.venv\Lib\site-packages\pycaret\internal\metrics.py", line 144, in __call__
    return self.score_func(y_true, y_pred, **kwargs)
           ^^^^^^^^^^^^^^^^^^^^^^^^^^^^^^^^^^^^^^^^^
  File "D:\AI Engineering\FastAPI\model AI\.venv\Lib\site-packages\sklearn\utils\_param_validation.py", line 213, in wrapper
    return func(*args, **kwargs)
           ^^^^^^^^^^^^^^^^^^^^^
  File "D:\AI Engineering\FastAPI\model AI\.venv\Lib\site-packages\sklearn\metrics\_ranking.py", line 634, in roc_auc_score
    return _multiclass_roc_auc_score(
           ^^^^^^^^^^^^^^^^^^^^^^^^^^
  File "D:\AI Engineering\FastAPI\model AI\.venv\Lib\site-packages\sklearn\metrics\_ranking.py", line 707, in _multiclass_roc_auc_score
    raise ValueError(
ValueError: Target scores need to be probabilities for multiclass roc_auc, i.e. they should sum up to 1.0 over classes

  warnings.warn(

2026-10-07 18:06:02,682:WARNING:D:\AI Engineering\FastAPI\model AI\.venv\Lib\site-packages\pycaret\internal\metrics.py:204: FitFailedWarning: Metric 'make_scorer(roc_auc_score, response_method=('decision_function', 'predict_proba'), average=weighted, multi_class=ovr)' failed and error score 0.0 has been returned instead. If this is a custom metric, this usually means that the error is in the metric code. Full exception below:
Traceback (most recent call last):
  File "D:\AI Engineering\FastAPI\model AI\.venv\Lib\site-packages\pycaret\internal\metrics.py", line 196, in _score
    return super()._score(
           ^^^^^^^^^^^^^^^
  File "D:\AI Engineering\FastAPI\model AI\.venv\Lib\site-packages\sklearn\metrics\_scorer.py", line 350, in _score
    return self._sign * self._score_func(y_true, y_pred, **scoring_kwargs)
                        ^^^^^^^^^^^^^^^^^^^^^^^^^^^^^^^^^^^^^^^^^^^^^^^^^^
  File "D:\AI Engineering\FastAPI\model AI\.venv\Lib\site-packages\pycaret\internal\metrics.py", line 144, in __call__
    return self.score_func(y_true, y_pred, **kwargs)
           ^^^^^^^^^^^^^^^^^^^^^^^^^^^^^^^^^^^^^^^^^
  File "D:\AI Engineering\FastAPI\model AI\.venv\Lib\site-packages\sklearn\utils\_param_validation.py", line 213, in wrapper
    return func(*args, **kwargs)
           ^^^^^^^^^^^^^^^^^^^^^
  File "D:\AI Engineering\FastAPI\model AI\.venv\Lib\site-packages\sklearn\metrics\_ranking.py", line 634, in roc_auc_score
    return _multiclass_roc_auc_score(
           ^^^^^^^^^^^^^^^^^^^^^^^^^^
  File "D:\AI Engineering\FastAPI\model AI\.venv\Lib\site-packages\sklearn\metrics\_ranking.py", line 707, in _multiclass_roc_auc_score
    raise ValueError(
ValueError: Target scores need to be probabilities for multiclass roc_auc, i.e. they should sum up to 1.0 over classes

  warnings.warn(

2026-10-07 18:06:02,821:WARNING:D:\AI Engineering\FastAPI\model AI\.venv\Lib\site-packages\sklearn\linear_model\_logistic.py:469: ConvergenceWarning: lbfgs failed to converge (status=1):
STOP: TOTAL NO. of ITERATIONS REACHED LIMIT.

Increase the number of iterations (max_iter) or scale the data as shown in:
    https://scikit-learn.org/stable/modules/preprocessing.html
Please also refer to the documentation for alternative solver options:
    https://scikit-learn.org/stable/modules/linear_model.html#logistic-regression
  n_iter_i = _check_optimize_result(

2026-10-07 18:06:02,908:WARNING:D:\AI Engineering\FastAPI\model AI\.venv\Lib\site-packages\pycaret\internal\metrics.py:204: FitFailedWarning: Metric 'make_scorer(roc_auc_score, response_method=('decision_function', 'predict_proba'), average=weighted, multi_class=ovr)' failed and error score 0.0 has been returned instead. If this is a custom metric, this usually means that the error is in the metric code. Full exception below:
Traceback (most recent call last):
  File "D:\AI Engineering\FastAPI\model AI\.venv\Lib\site-packages\pycaret\internal\metrics.py", line 196, in _score
    return super()._score(
           ^^^^^^^^^^^^^^^
  File "D:\AI Engineering\FastAPI\model AI\.venv\Lib\site-packages\sklearn\metrics\_scorer.py", line 350, in _score
    return self._sign * self._score_func(y_true, y_pred, **scoring_kwargs)
                        ^^^^^^^^^^^^^^^^^^^^^^^^^^^^^^^^^^^^^^^^^^^^^^^^^^
  File "D:\AI Engineering\FastAPI\model AI\.venv\Lib\site-packages\pycaret\internal\metrics.py", line 144, in __call__
    return self.score_func(y_true, y_pred, **kwargs)
           ^^^^^^^^^^^^^^^^^^^^^^^^^^^^^^^^^^^^^^^^^
  File "D:\AI Engineering\FastAPI\model AI\.venv\Lib\site-packages\sklearn\utils\_param_validation.py", line 213, in wrapper
    return func(*args, **kwargs)
           ^^^^^^^^^^^^^^^^^^^^^
  File "D:\AI Engineering\FastAPI\model AI\.venv\Lib\site-packages\sklearn\metrics\_ranking.py", line 634, in roc_auc_score
    return _multiclass_roc_auc_score(
           ^^^^^^^^^^^^^^^^^^^^^^^^^^
  File "D:\AI Engineering\FastAPI\model AI\.venv\Lib\site-packages\sklearn\metrics\_ranking.py", line 707, in _multiclass_roc_auc_score
    raise ValueError(
ValueError: Target scores need to be probabilities for multiclass roc_auc, i.e. they should sum up to 1.0 over classes

  warnings.warn(

2026-10-07 18:06:02,960:WARNING:D:\AI Engineering\FastAPI\model AI\.venv\Lib\site-packages\sklearn\linear_model\_logistic.py:469: ConvergenceWarning: lbfgs failed to converge (status=1):
STOP: TOTAL NO. of ITERATIONS REACHED LIMIT.

Increase the number of iterations (max_iter) or scale the data as shown in:
    https://scikit-learn.org/stable/modules/preprocessing.html
Please also refer to the documentation for alternative solver options:
    https://scikit-learn.org/stable/modules/linear_model.html#logistic-regression
  n_iter_i = _check_optimize_result(

2026-10-07 18:06:02,970:WARNING:D:\AI Engineering\FastAPI\model AI\.venv\Lib\site-packages\sklearn\linear_model\_logistic.py:469: ConvergenceWarning: lbfgs failed to converge (status=1):
STOP: TOTAL NO. of ITERATIONS REACHED LIMIT.

Increase the number of iterations (max_iter) or scale the data as shown in:
    https://scikit-learn.org/stable/modules/preprocessing.html
Please also refer to the documentation for alternative solver options:
    https://scikit-learn.org/stable/modules/linear_model.html#logistic-regression
  n_iter_i = _check_optimize_result(

2026-10-07 18:06:03,010:WARNING:D:\AI Engineering\FastAPI\model AI\.venv\Lib\site-packages\pycaret\internal\metrics.py:204: FitFailedWarning: Metric 'make_scorer(roc_auc_score, response_method=('decision_function', 'predict_proba'), average=weighted, multi_class=ovr)' failed and error score 0.0 has been returned instead. If this is a custom metric, this usually means that the error is in the metric code. Full exception below:
Traceback (most recent call last):
  File "D:\AI Engineering\FastAPI\model AI\.venv\Lib\site-packages\pycaret\internal\metrics.py", line 196, in _score
    return super()._score(
           ^^^^^^^^^^^^^^^
  File "D:\AI Engineering\FastAPI\model AI\.venv\Lib\site-packages\sklearn\metrics\_scorer.py", line 350, in _score
    return self._sign * self._score_func(y_true, y_pred, **scoring_kwargs)
                        ^^^^^^^^^^^^^^^^^^^^^^^^^^^^^^^^^^^^^^^^^^^^^^^^^^
  File "D:\AI Engineering\FastAPI\model AI\.venv\Lib\site-packages\pycaret\internal\metrics.py", line 144, in __call__
    return self.score_func(y_true, y_pred, **kwargs)
           ^^^^^^^^^^^^^^^^^^^^^^^^^^^^^^^^^^^^^^^^^
  File "D:\AI Engineering\FastAPI\model AI\.venv\Lib\site-packages\sklearn\utils\_param_validation.py", line 213, in wrapper
    return func(*args, **kwargs)
           ^^^^^^^^^^^^^^^^^^^^^
  File "D:\AI Engineering\FastAPI\model AI\.venv\Lib\site-packages\sklearn\metrics\_ranking.py", line 634, in roc_auc_score
    return _multiclass_roc_auc_score(
           ^^^^^^^^^^^^^^^^^^^^^^^^^^
  File "D:\AI Engineering\FastAPI\model AI\.venv\Lib\site-packages\sklearn\metrics\_ranking.py", line 707, in _multiclass_roc_auc_score
    raise ValueError(
ValueError: Target scores need to be probabilities for multiclass roc_auc, i.e. they should sum up to 1.0 over classes

  warnings.warn(

2026-10-07 18:06:03,012:WARNING:D:\AI Engineering\FastAPI\model AI\.venv\Lib\site-packages\pycaret\internal\metrics.py:204: FitFailedWarning: Metric 'make_scorer(roc_auc_score, response_method=('decision_function', 'predict_proba'), average=weighted, multi_class=ovr)' failed and error score 0.0 has been returned instead. If this is a custom metric, this usually means that the error is in the metric code. Full exception below:
Traceback (most recent call last):
  File "D:\AI Engineering\FastAPI\model AI\.venv\Lib\site-packages\pycaret\internal\metrics.py", line 196, in _score
    return super()._score(
           ^^^^^^^^^^^^^^^
  File "D:\AI Engineering\FastAPI\model AI\.venv\Lib\site-packages\sklearn\metrics\_scorer.py", line 350, in _score
    return self._sign * self._score_func(y_true, y_pred, **scoring_kwargs)
                        ^^^^^^^^^^^^^^^^^^^^^^^^^^^^^^^^^^^^^^^^^^^^^^^^^^
  File "D:\AI Engineering\FastAPI\model AI\.venv\Lib\site-packages\pycaret\internal\metrics.py", line 144, in __call__
    return self.score_func(y_true, y_pred, **kwargs)
           ^^^^^^^^^^^^^^^^^^^^^^^^^^^^^^^^^^^^^^^^^
  File "D:\AI Engineering\FastAPI\model AI\.venv\Lib\site-packages\sklearn\utils\_param_validation.py", line 213, in wrapper
    return func(*args, **kwargs)
           ^^^^^^^^^^^^^^^^^^^^^
  File "D:\AI Engineering\FastAPI\model AI\.venv\Lib\site-packages\sklearn\metrics\_ranking.py", line 634, in roc_auc_score
    return _multiclass_roc_auc_score(
           ^^^^^^^^^^^^^^^^^^^^^^^^^^
  File "D:\AI Engineering\FastAPI\model AI\.venv\Lib\site-packages\sklearn\metrics\_ranking.py", line 707, in _multiclass_roc_auc_score
    raise ValueError(
ValueError: Target scores need to be probabilities for multiclass roc_auc, i.e. they should sum up to 1.0 over classes

  warnings.warn(

2026-10-07 18:06:03,076:WARNING:D:\AI Engineering\FastAPI\model AI\.venv\Lib\site-packages\pycaret\internal\metrics.py:204: FitFailedWarning: Metric 'make_scorer(roc_auc_score, response_method=('decision_function', 'predict_proba'), average=weighted, multi_class=ovr)' failed and error score 0.0 has been returned instead. If this is a custom metric, this usually means that the error is in the metric code. Full exception below:
Traceback (most recent call last):
  File "D:\AI Engineering\FastAPI\model AI\.venv\Lib\site-packages\pycaret\internal\metrics.py", line 196, in _score
    return super()._score(
           ^^^^^^^^^^^^^^^
  File "D:\AI Engineering\FastAPI\model AI\.venv\Lib\site-packages\sklearn\metrics\_scorer.py", line 350, in _score
    return self._sign * self._score_func(y_true, y_pred, **scoring_kwargs)
                        ^^^^^^^^^^^^^^^^^^^^^^^^^^^^^^^^^^^^^^^^^^^^^^^^^^
  File "D:\AI Engineering\FastAPI\model AI\.venv\Lib\site-packages\pycaret\internal\metrics.py", line 144, in __call__
    return self.score_func(y_true, y_pred, **kwargs)
           ^^^^^^^^^^^^^^^^^^^^^^^^^^^^^^^^^^^^^^^^^
  File "D:\AI Engineering\FastAPI\model AI\.venv\Lib\site-packages\sklearn\utils\_param_validation.py", line 213, in wrapper
    return func(*args, **kwargs)
           ^^^^^^^^^^^^^^^^^^^^^
  File "D:\AI Engineering\FastAPI\model AI\.venv\Lib\site-packages\sklearn\metrics\_ranking.py", line 634, in roc_auc_score
    return _multiclass_roc_auc_score(
           ^^^^^^^^^^^^^^^^^^^^^^^^^^
  File "D:\AI Engineering\FastAPI\model AI\.venv\Lib\site-packages\sklearn\metrics\_ranking.py", line 707, in _multiclass_roc_auc_score
    raise ValueError(
ValueError: Target scores need to be probabilities for multiclass roc_auc, i.e. they should sum up to 1.0 over classes

  warnings.warn(

2026-10-07 18:06:03,092:WARNING:D:\AI Engineering\FastAPI\model AI\.venv\Lib\site-packages\pycaret\internal\metrics.py:204: FitFailedWarning: Metric 'make_scorer(roc_auc_score, response_method=('decision_function', 'predict_proba'), average=weighted, multi_class=ovr)' failed and error score 0.0 has been returned instead. If this is a custom metric, this usually means that the error is in the metric code. Full exception below:
Traceback (most recent call last):
  File "D:\AI Engineering\FastAPI\model AI\.venv\Lib\site-packages\pycaret\internal\metrics.py", line 196, in _score
    return super()._score(
           ^^^^^^^^^^^^^^^
  File "D:\AI Engineering\FastAPI\model AI\.venv\Lib\site-packages\sklearn\metrics\_scorer.py", line 350, in _score
    return self._sign * self._score_func(y_true, y_pred, **scoring_kwargs)
                        ^^^^^^^^^^^^^^^^^^^^^^^^^^^^^^^^^^^^^^^^^^^^^^^^^^
  File "D:\AI Engineering\FastAPI\model AI\.venv\Lib\site-packages\pycaret\internal\metrics.py", line 144, in __call__
    return self.score_func(y_true, y_pred, **kwargs)
           ^^^^^^^^^^^^^^^^^^^^^^^^^^^^^^^^^^^^^^^^^
  File "D:\AI Engineering\FastAPI\model AI\.venv\Lib\site-packages\sklearn\utils\_param_validation.py", line 213, in wrapper
    return func(*args, **kwargs)
           ^^^^^^^^^^^^^^^^^^^^^
  File "D:\AI Engineering\FastAPI\model AI\.venv\Lib\site-packages\sklearn\metrics\_ranking.py", line 634, in roc_auc_score
    return _multiclass_roc_auc_score(
           ^^^^^^^^^^^^^^^^^^^^^^^^^^
  File "D:\AI Engineering\FastAPI\model AI\.venv\Lib\site-packages\sklearn\metrics\_ranking.py", line 707, in _multiclass_roc_auc_score
    raise ValueError(
ValueError: Target scores need to be probabilities for multiclass roc_auc, i.e. they should sum up to 1.0 over classes

  warnings.warn(

2026-10-07 18:06:03,098:WARNING:D:\AI Engineering\FastAPI\model AI\.venv\Lib\site-packages\sklearn\linear_model\_logistic.py:469: ConvergenceWarning: lbfgs failed to converge (status=1):
STOP: TOTAL NO. of ITERATIONS REACHED LIMIT.

Increase the number of iterations (max_iter) or scale the data as shown in:
    https://scikit-learn.org/stable/modules/preprocessing.html
Please also refer to the documentation for alternative solver options:
    https://scikit-learn.org/stable/modules/linear_model.html#logistic-regression
  n_iter_i = _check_optimize_result(

2026-10-07 18:06:03,219:WARNING:D:\AI Engineering\FastAPI\model AI\.venv\Lib\site-packages\pycaret\internal\metrics.py:204: FitFailedWarning: Metric 'make_scorer(roc_auc_score, response_method=('decision_function', 'predict_proba'), average=weighted, multi_class=ovr)' failed and error score 0.0 has been returned instead. If this is a custom metric, this usually means that the error is in the metric code. Full exception below:
Traceback (most recent call last):
  File "D:\AI Engineering\FastAPI\model AI\.venv\Lib\site-packages\pycaret\internal\metrics.py", line 196, in _score
    return super()._score(
           ^^^^^^^^^^^^^^^
  File "D:\AI Engineering\FastAPI\model AI\.venv\Lib\site-packages\sklearn\metrics\_scorer.py", line 350, in _score
    return self._sign * self._score_func(y_true, y_pred, **scoring_kwargs)
                        ^^^^^^^^^^^^^^^^^^^^^^^^^^^^^^^^^^^^^^^^^^^^^^^^^^
  File "D:\AI Engineering\FastAPI\model AI\.venv\Lib\site-packages\pycaret\internal\metrics.py", line 144, in __call__
    return self.score_func(y_true, y_pred, **kwargs)
           ^^^^^^^^^^^^^^^^^^^^^^^^^^^^^^^^^^^^^^^^^
  File "D:\AI Engineering\FastAPI\model AI\.venv\Lib\site-packages\sklearn\utils\_param_validation.py", line 213, in wrapper
    return func(*args, **kwargs)
           ^^^^^^^^^^^^^^^^^^^^^
  File "D:\AI Engineering\FastAPI\model AI\.venv\Lib\site-packages\sklearn\metrics\_ranking.py", line 634, in roc_auc_score
    return _multiclass_roc_auc_score(
           ^^^^^^^^^^^^^^^^^^^^^^^^^^
  File "D:\AI Engineering\FastAPI\model AI\.venv\Lib\site-packages\sklearn\metrics\_ranking.py", line 707, in _multiclass_roc_auc_score
    raise ValueError(
ValueError: Target scores need to be probabilities for multiclass roc_auc, i.e. they should sum up to 1.0 over classes

  warnings.warn(

2026-10-07 18:06:03,325:WARNING:D:\AI Engineering\FastAPI\model AI\.venv\Lib\site-packages\pycaret\internal\metrics.py:204: FitFailedWarning: Metric 'make_scorer(roc_auc_score, response_method=('decision_function', 'predict_proba'), average=weighted, multi_class=ovr)' failed and error score 0.0 has been returned instead. If this is a custom metric, this usually means that the error is in the metric code. Full exception below:
Traceback (most recent call last):
  File "D:\AI Engineering\FastAPI\model AI\.venv\Lib\site-packages\pycaret\internal\metrics.py", line 196, in _score
    return super()._score(
           ^^^^^^^^^^^^^^^
  File "D:\AI Engineering\FastAPI\model AI\.venv\Lib\site-packages\sklearn\metrics\_scorer.py", line 350, in _score
    return self._sign * self._score_func(y_true, y_pred, **scoring_kwargs)
                        ^^^^^^^^^^^^^^^^^^^^^^^^^^^^^^^^^^^^^^^^^^^^^^^^^^
  File "D:\AI Engineering\FastAPI\model AI\.venv\Lib\site-packages\pycaret\internal\metrics.py", line 144, in __call__
    return self.score_func(y_true, y_pred, **kwargs)
           ^^^^^^^^^^^^^^^^^^^^^^^^^^^^^^^^^^^^^^^^^
  File "D:\AI Engineering\FastAPI\model AI\.venv\Lib\site-packages\sklearn\utils\_param_validation.py", line 213, in wrapper
    return func(*args, **kwargs)
           ^^^^^^^^^^^^^^^^^^^^^
  File "D:\AI Engineering\FastAPI\model AI\.venv\Lib\site-packages\sklearn\metrics\_ranking.py", line 634, in roc_auc_score
    return _multiclass_roc_auc_score(
           ^^^^^^^^^^^^^^^^^^^^^^^^^^
  File "D:\AI Engineering\FastAPI\model AI\.venv\Lib\site-packages\sklearn\metrics\_ranking.py", line 707, in _multiclass_roc_auc_score
    raise ValueError(
ValueError: Target scores need to be probabilities for multiclass roc_auc, i.e. they should sum up to 1.0 over classes

  warnings.warn(

2026-10-07 18:06:03,330:WARNING:D:\AI Engineering\FastAPI\model AI\.venv\Lib\site-packages\sklearn\linear_model\_logistic.py:469: ConvergenceWarning: lbfgs failed to converge (status=1):
STOP: TOTAL NO. of ITERATIONS REACHED LIMIT.

Increase the number of iterations (max_iter) or scale the data as shown in:
    https://scikit-learn.org/stable/modules/preprocessing.html
Please also refer to the documentation for alternative solver options:
    https://scikit-learn.org/stable/modules/linear_model.html#logistic-regression
  n_iter_i = _check_optimize_result(

2026-10-07 18:06:03,419:WARNING:D:\AI Engineering\FastAPI\model AI\.venv\Lib\site-packages\pycaret\internal\metrics.py:204: FitFailedWarning: Metric 'make_scorer(roc_auc_score, response_method=('decision_function', 'predict_proba'), average=weighted, multi_class=ovr)' failed and error score 0.0 has been returned instead. If this is a custom metric, this usually means that the error is in the metric code. Full exception below:
Traceback (most recent call last):
  File "D:\AI Engineering\FastAPI\model AI\.venv\Lib\site-packages\pycaret\internal\metrics.py", line 196, in _score
    return super()._score(
           ^^^^^^^^^^^^^^^
  File "D:\AI Engineering\FastAPI\model AI\.venv\Lib\site-packages\sklearn\metrics\_scorer.py", line 350, in _score
    return self._sign * self._score_func(y_true, y_pred, **scoring_kwargs)
                        ^^^^^^^^^^^^^^^^^^^^^^^^^^^^^^^^^^^^^^^^^^^^^^^^^^
  File "D:\AI Engineering\FastAPI\model AI\.venv\Lib\site-packages\pycaret\internal\metrics.py", line 144, in __call__
    return self.score_func(y_true, y_pred, **kwargs)
           ^^^^^^^^^^^^^^^^^^^^^^^^^^^^^^^^^^^^^^^^^
  File "D:\AI Engineering\FastAPI\model AI\.venv\Lib\site-packages\sklearn\utils\_param_validation.py", line 213, in wrapper
    return func(*args, **kwargs)
           ^^^^^^^^^^^^^^^^^^^^^
  File "D:\AI Engineering\FastAPI\model AI\.venv\Lib\site-packages\sklearn\metrics\_ranking.py", line 634, in roc_auc_score
    return _multiclass_roc_auc_score(
           ^^^^^^^^^^^^^^^^^^^^^^^^^^
  File "D:\AI Engineering\FastAPI\model AI\.venv\Lib\site-packages\sklearn\metrics\_ranking.py", line 707, in _multiclass_roc_auc_score
    raise ValueError(
ValueError: Target scores need to be probabilities for multiclass roc_auc, i.e. they should sum up to 1.0 over classes

  warnings.warn(

2026-10-07 18:06:03,456:INFO:Calculating mean and std
2026-10-07 18:06:03,469:INFO:Creating metrics dataframe
2026-10-07 18:06:03,494:INFO:Uploading results into container
2026-10-07 18:06:03,498:INFO:Uploading model into container now
2026-10-07 18:06:03,502:INFO:_master_model_container: 1
2026-10-07 18:06:03,502:INFO:_display_container: 2
2026-10-07 18:06:03,507:INFO:LogisticRegression(C=1.0, class_weight=None, dual=False, fit_intercept=True,
                   intercept_scaling=1, l1_ratio=None, max_iter=1000,
                   multi_class='auto', n_jobs=None, penalty='l2',
                   random_state=123, solver='lbfgs', tol=0.0001, verbose=0,
                   warm_start=False)
2026-10-07 18:06:03,507:INFO:create_model() successfully completed......................................
2026-10-07 18:06:03,971:INFO:SubProcess create_model() end ==================================
2026-10-07 18:06:03,971:INFO:Creating metrics dataframe
2026-10-07 18:06:03,978:INFO:Initializing K Neighbors Classifier
2026-10-07 18:06:03,978:INFO:Total runtime is 0.21325381994247436 minutes
2026-10-07 18:06:03,978:INFO:SubProcess create_model() called ==================================
2026-10-07 18:06:03,979:INFO:Initializing create_model()
2026-10-07 18:06:03,979:INFO:create_model(self=<pycaret.classification.oop.ClassificationExperiment object at 0x000002998C7C3390>, estimator=knn, fold=StratifiedKFold(n_splits=10, random_state=None, shuffle=False), round=4, cross_validation=True, predict=True, fit_kwargs={}, groups=None, refit=False, probability_threshold=None, experiment_custom_tags=None, verbose=False, system=False, add_to_model_list=True, metrics=None, display=<pycaret.internal.display.display.CommonDisplay object at 0x000002998E063B10>, model_only=True, return_train_score=False, error_score=0.0, kwargs={})
2026-10-07 18:06:03,979:INFO:Checking exceptions
2026-10-07 18:06:03,979:INFO:Importing libraries
2026-10-07 18:06:03,980:INFO:Copying training dataset
2026-10-07 18:06:03,986:INFO:Defining folds
2026-10-07 18:06:03,986:INFO:Declaring metric variables
2026-10-07 18:06:03,986:INFO:Importing untrained model
2026-10-07 18:06:03,987:INFO:K Neighbors Classifier Imported successfully
2026-10-07 18:06:03,987:INFO:Starting cross validation
2026-10-07 18:06:03,990:INFO:Cross validating with StratifiedKFold(n_splits=10, random_state=None, shuffle=False), n_jobs=-1
2026-10-07 18:06:11,257:WARNING:D:\AI Engineering\FastAPI\model AI\.venv\Lib\site-packages\_distutils_hack\__init__.py:33: UserWarning: Setuptools is replacing distutils.
  warnings.warn("Setuptools is replacing distutils.")

2026-10-07 18:06:11,709:INFO:Calculating mean and std
2026-10-07 18:06:11,713:INFO:Creating metrics dataframe
2026-10-07 18:06:11,721:INFO:Uploading results into container
2026-10-07 18:06:11,723:INFO:Uploading model into container now
2026-10-07 18:06:11,725:INFO:_master_model_container: 2
2026-10-07 18:06:11,726:INFO:_display_container: 2
2026-10-07 18:06:11,727:INFO:KNeighborsClassifier(algorithm='auto', leaf_size=30, metric='minkowski',
                     metric_params=None, n_jobs=-1, n_neighbors=5, p=2,
                     weights='uniform')
2026-10-07 18:06:11,728:INFO:create_model() successfully completed......................................
2026-10-07 18:06:11,903:INFO:SubProcess create_model() end ==================================
2026-10-07 18:06:11,903:INFO:Creating metrics dataframe
2026-10-07 18:06:11,910:INFO:Initializing Naive Bayes
2026-10-07 18:06:11,910:INFO:Total runtime is 0.3454618732134501 minutes
2026-10-07 18:06:11,910:INFO:SubProcess create_model() called ==================================
2026-10-07 18:06:11,911:INFO:Initializing create_model()
2026-10-07 18:06:11,911:INFO:create_model(self=<pycaret.classification.oop.ClassificationExperiment object at 0x000002998C7C3390>, estimator=nb, fold=StratifiedKFold(n_splits=10, random_state=None, shuffle=False), round=4, cross_validation=True, predict=True, fit_kwargs={}, groups=None, refit=False, probability_threshold=None, experiment_custom_tags=None, verbose=False, system=False, add_to_model_list=True, metrics=None, display=<pycaret.internal.display.display.CommonDisplay object at 0x000002998E063B10>, model_only=True, return_train_score=False, error_score=0.0, kwargs={})
2026-10-07 18:06:11,911:INFO:Checking exceptions
2026-10-07 18:06:11,911:INFO:Importing libraries
2026-10-07 18:06:11,911:INFO:Copying training dataset
2026-10-07 18:06:11,918:INFO:Defining folds
2026-10-07 18:06:11,918:INFO:Declaring metric variables
2026-10-07 18:06:11,918:INFO:Importing untrained model
2026-10-07 18:06:11,919:INFO:Naive Bayes Imported successfully
2026-10-07 18:06:11,919:INFO:Starting cross validation
2026-10-07 18:06:11,921:INFO:Cross validating with StratifiedKFold(n_splits=10, random_state=None, shuffle=False), n_jobs=-1
2026-10-07 18:06:12,316:WARNING:D:\AI Engineering\FastAPI\model AI\.venv\Lib\site-packages\sklearn\metrics\_classification.py:1509: UndefinedMetricWarning: Precision is ill-defined and being set to 0.0 in labels with no predicted samples. Use `zero_division` parameter to control this behavior.
  _warn_prf(average, modifier, f"{metric.capitalize()} is", len(result))

2026-10-07 18:06:12,317:WARNING:D:\AI Engineering\FastAPI\model AI\.venv\Lib\site-packages\sklearn\metrics\_classification.py:1509: UndefinedMetricWarning: Precision is ill-defined and being set to 0.0 in labels with no predicted samples. Use `zero_division` parameter to control this behavior.
  _warn_prf(average, modifier, f"{metric.capitalize()} is", len(result))

2026-10-07 18:06:12,319:WARNING:D:\AI Engineering\FastAPI\model AI\.venv\Lib\site-packages\sklearn\metrics\_classification.py:1509: UndefinedMetricWarning: Precision is ill-defined and being set to 0.0 in labels with no predicted samples. Use `zero_division` parameter to control this behavior.
  _warn_prf(average, modifier, f"{metric.capitalize()} is", len(result))

2026-10-07 18:06:12,323:WARNING:D:\AI Engineering\FastAPI\model AI\.venv\Lib\site-packages\sklearn\metrics\_classification.py:1509: UndefinedMetricWarning: Precision is ill-defined and being set to 0.0 in labels with no predicted samples. Use `zero_division` parameter to control this behavior.
  _warn_prf(average, modifier, f"{metric.capitalize()} is", len(result))

2026-10-07 18:06:12,326:WARNING:D:\AI Engineering\FastAPI\model AI\.venv\Lib\site-packages\sklearn\metrics\_classification.py:1509: UndefinedMetricWarning: Precision is ill-defined and being set to 0.0 in labels with no predicted samples. Use `zero_division` parameter to control this behavior.
  _warn_prf(average, modifier, f"{metric.capitalize()} is", len(result))

2026-10-07 18:06:12,329:WARNING:D:\AI Engineering\FastAPI\model AI\.venv\Lib\site-packages\sklearn\metrics\_classification.py:1509: UndefinedMetricWarning: Precision is ill-defined and being set to 0.0 in labels with no predicted samples. Use `zero_division` parameter to control this behavior.
  _warn_prf(average, modifier, f"{metric.capitalize()} is", len(result))

2026-10-07 18:06:12,331:WARNING:D:\AI Engineering\FastAPI\model AI\.venv\Lib\site-packages\sklearn\metrics\_classification.py:1509: UndefinedMetricWarning: Precision is ill-defined and being set to 0.0 in labels with no predicted samples. Use `zero_division` parameter to control this behavior.
  _warn_prf(average, modifier, f"{metric.capitalize()} is", len(result))

2026-10-07 18:06:12,336:WARNING:D:\AI Engineering\FastAPI\model AI\.venv\Lib\site-packages\sklearn\metrics\_classification.py:1509: UndefinedMetricWarning: Precision is ill-defined and being set to 0.0 in labels with no predicted samples. Use `zero_division` parameter to control this behavior.
  _warn_prf(average, modifier, f"{metric.capitalize()} is", len(result))

2026-10-07 18:06:12,342:WARNING:D:\AI Engineering\FastAPI\model AI\.venv\Lib\site-packages\sklearn\metrics\_classification.py:1509: UndefinedMetricWarning: Precision is ill-defined and being set to 0.0 in labels with no predicted samples. Use `zero_division` parameter to control this behavior.
  _warn_prf(average, modifier, f"{metric.capitalize()} is", len(result))

2026-10-07 18:06:12,362:INFO:Calculating mean and std
2026-10-07 18:06:12,363:INFO:Creating metrics dataframe
2026-10-07 18:06:12,365:INFO:Uploading results into container
2026-10-07 18:06:12,366:INFO:Uploading model into container now
2026-10-07 18:06:12,367:INFO:_master_model_container: 3
2026-10-07 18:06:12,367:INFO:_display_container: 2
2026-10-07 18:06:12,367:INFO:GaussianNB(priors=None, var_smoothing=1e-09)
2026-10-07 18:06:12,367:INFO:create_model() successfully completed......................................
2026-10-07 18:06:12,481:INFO:SubProcess create_model() end ==================================
2026-10-07 18:06:12,482:INFO:Creating metrics dataframe
2026-10-07 18:06:12,488:INFO:Initializing Decision Tree Classifier
2026-10-07 18:06:12,488:INFO:Total runtime is 0.3550928513209025 minutes
2026-10-07 18:06:12,489:INFO:SubProcess create_model() called ==================================
2026-10-07 18:06:12,489:INFO:Initializing create_model()
2026-10-07 18:06:12,489:INFO:create_model(self=<pycaret.classification.oop.ClassificationExperiment object at 0x000002998C7C3390>, estimator=dt, fold=StratifiedKFold(n_splits=10, random_state=None, shuffle=False), round=4, cross_validation=True, predict=True, fit_kwargs={}, groups=None, refit=False, probability_threshold=None, experiment_custom_tags=None, verbose=False, system=False, add_to_model_list=True, metrics=None, display=<pycaret.internal.display.display.CommonDisplay object at 0x000002998E063B10>, model_only=True, return_train_score=False, error_score=0.0, kwargs={})
2026-10-07 18:06:12,490:INFO:Checking exceptions
2026-10-07 18:06:12,490:INFO:Importing libraries
2026-10-07 18:06:12,490:INFO:Copying training dataset
2026-10-07 18:06:12,500:INFO:Defining folds
2026-10-07 18:06:12,500:INFO:Declaring metric variables
2026-10-07 18:06:12,500:INFO:Importing untrained model
2026-10-07 18:06:12,501:INFO:Decision Tree Classifier Imported successfully
2026-10-07 18:06:12,501:INFO:Starting cross validation
2026-10-07 18:06:12,505:INFO:Cross validating with StratifiedKFold(n_splits=10, random_state=None, shuffle=False), n_jobs=-1
2026-10-07 18:06:12,991:INFO:Calculating mean and std
2026-10-07 18:06:12,992:INFO:Creating metrics dataframe
2026-10-07 18:06:12,995:INFO:Uploading results into container
2026-10-07 18:06:12,995:INFO:Uploading model into container now
2026-10-07 18:06:12,997:INFO:_master_model_container: 4
2026-10-07 18:06:12,997:INFO:_display_container: 2
2026-10-07 18:06:12,997:INFO:DecisionTreeClassifier(ccp_alpha=0.0, class_weight=None, criterion='gini',
                       max_depth=None, max_features=None, max_leaf_nodes=None,
                       min_impurity_decrease=0.0, min_samples_leaf=1,
                       min_samples_split=2, min_weight_fraction_leaf=0.0,
                       monotonic_cst=None, random_state=123, splitter='best')
2026-10-07 18:06:12,997:INFO:create_model() successfully completed......................................
2026-10-07 18:06:13,113:INFO:SubProcess create_model() end ==================================
2026-10-07 18:06:13,113:INFO:Creating metrics dataframe
2026-10-07 18:06:13,118:INFO:Initializing SVM - Linear Kernel
2026-10-07 18:06:13,118:INFO:Total runtime is 0.3655945460001628 minutes
2026-10-07 18:06:13,118:INFO:SubProcess create_model() called ==================================
2026-10-07 18:06:13,119:INFO:Initializing create_model()
2026-10-07 18:06:13,119:INFO:create_model(self=<pycaret.classification.oop.ClassificationExperiment object at 0x000002998C7C3390>, estimator=svm, fold=StratifiedKFold(n_splits=10, random_state=None, shuffle=False), round=4, cross_validation=True, predict=True, fit_kwargs={}, groups=None, refit=False, probability_threshold=None, experiment_custom_tags=None, verbose=False, system=False, add_to_model_list=True, metrics=None, display=<pycaret.internal.display.display.CommonDisplay object at 0x000002998E063B10>, model_only=True, return_train_score=False, error_score=0.0, kwargs={})
2026-10-07 18:06:13,119:INFO:Checking exceptions
2026-10-07 18:06:13,119:INFO:Importing libraries
2026-10-07 18:06:13,119:INFO:Copying training dataset
2026-10-07 18:06:13,129:INFO:Defining folds
2026-10-07 18:06:13,129:INFO:Declaring metric variables
2026-10-07 18:06:13,129:INFO:Importing untrained model
2026-10-07 18:06:13,130:INFO:SVM - Linear Kernel Imported successfully
2026-10-07 18:06:13,130:INFO:Starting cross validation
2026-10-07 18:06:13,132:INFO:Cross validating with StratifiedKFold(n_splits=10, random_state=None, shuffle=False), n_jobs=-1
2026-10-07 18:06:13,617:WARNING:D:\AI Engineering\FastAPI\model AI\.venv\Lib\site-packages\pycaret\internal\metrics.py:204: FitFailedWarning: Metric 'make_scorer(roc_auc_score, response_method=('decision_function', 'predict_proba'), average=weighted, multi_class=ovr)' failed and error score 0.0 has been returned instead. If this is a custom metric, this usually means that the error is in the metric code. Full exception below:
Traceback (most recent call last):
  File "D:\AI Engineering\FastAPI\model AI\.venv\Lib\site-packages\pycaret\internal\metrics.py", line 196, in _score
    return super()._score(
           ^^^^^^^^^^^^^^^
  File "D:\AI Engineering\FastAPI\model AI\.venv\Lib\site-packages\sklearn\metrics\_scorer.py", line 350, in _score
    return self._sign * self._score_func(y_true, y_pred, **scoring_kwargs)
                        ^^^^^^^^^^^^^^^^^^^^^^^^^^^^^^^^^^^^^^^^^^^^^^^^^^
  File "D:\AI Engineering\FastAPI\model AI\.venv\Lib\site-packages\pycaret\internal\metrics.py", line 144, in __call__
    return self.score_func(y_true, y_pred, **kwargs)
           ^^^^^^^^^^^^^^^^^^^^^^^^^^^^^^^^^^^^^^^^^
  File "D:\AI Engineering\FastAPI\model AI\.venv\Lib\site-packages\sklearn\utils\_param_validation.py", line 213, in wrapper
    return func(*args, **kwargs)
           ^^^^^^^^^^^^^^^^^^^^^
  File "D:\AI Engineering\FastAPI\model AI\.venv\Lib\site-packages\sklearn\metrics\_ranking.py", line 634, in roc_auc_score
    return _multiclass_roc_auc_score(
           ^^^^^^^^^^^^^^^^^^^^^^^^^^
  File "D:\AI Engineering\FastAPI\model AI\.venv\Lib\site-packages\sklearn\metrics\_ranking.py", line 707, in _multiclass_roc_auc_score
    raise ValueError(
ValueError: Target scores need to be probabilities for multiclass roc_auc, i.e. they should sum up to 1.0 over classes

  warnings.warn(

2026-10-07 18:06:13,623:WARNING:D:\AI Engineering\FastAPI\model AI\.venv\Lib\site-packages\pycaret\internal\metrics.py:204: FitFailedWarning: Metric 'make_scorer(roc_auc_score, response_method=('decision_function', 'predict_proba'), average=weighted, multi_class=ovr)' failed and error score 0.0 has been returned instead. If this is a custom metric, this usually means that the error is in the metric code. Full exception below:
Traceback (most recent call last):
  File "D:\AI Engineering\FastAPI\model AI\.venv\Lib\site-packages\pycaret\internal\metrics.py", line 196, in _score
    return super()._score(
           ^^^^^^^^^^^^^^^
  File "D:\AI Engineering\FastAPI\model AI\.venv\Lib\site-packages\sklearn\metrics\_scorer.py", line 350, in _score
    return self._sign * self._score_func(y_true, y_pred, **scoring_kwargs)
                        ^^^^^^^^^^^^^^^^^^^^^^^^^^^^^^^^^^^^^^^^^^^^^^^^^^
  File "D:\AI Engineering\FastAPI\model AI\.venv\Lib\site-packages\pycaret\internal\metrics.py", line 144, in __call__
    return self.score_func(y_true, y_pred, **kwargs)
           ^^^^^^^^^^^^^^^^^^^^^^^^^^^^^^^^^^^^^^^^^
  File "D:\AI Engineering\FastAPI\model AI\.venv\Lib\site-packages\sklearn\utils\_param_validation.py", line 213, in wrapper
    return func(*args, **kwargs)
           ^^^^^^^^^^^^^^^^^^^^^
  File "D:\AI Engineering\FastAPI\model AI\.venv\Lib\site-packages\sklearn\metrics\_ranking.py", line 634, in roc_auc_score
    return _multiclass_roc_auc_score(
           ^^^^^^^^^^^^^^^^^^^^^^^^^^
  File "D:\AI Engineering\FastAPI\model AI\.venv\Lib\site-packages\sklearn\metrics\_ranking.py", line 707, in _multiclass_roc_auc_score
    raise ValueError(
ValueError: Target scores need to be probabilities for multiclass roc_auc, i.e. they should sum up to 1.0 over classes

  warnings.warn(

2026-10-07 18:06:13,627:WARNING:D:\AI Engineering\FastAPI\model AI\.venv\Lib\site-packages\sklearn\metrics\_classification.py:1509: UndefinedMetricWarning: Precision is ill-defined and being set to 0.0 in labels with no predicted samples. Use `zero_division` parameter to control this behavior.
  _warn_prf(average, modifier, f"{metric.capitalize()} is", len(result))

2026-10-07 18:06:13,628:WARNING:D:\AI Engineering\FastAPI\model AI\.venv\Lib\site-packages\pycaret\internal\metrics.py:204: FitFailedWarning: Metric 'make_scorer(roc_auc_score, response_method=('decision_function', 'predict_proba'), average=weighted, multi_class=ovr)' failed and error score 0.0 has been returned instead. If this is a custom metric, this usually means that the error is in the metric code. Full exception below:
Traceback (most recent call last):
  File "D:\AI Engineering\FastAPI\model AI\.venv\Lib\site-packages\pycaret\internal\metrics.py", line 196, in _score
    return super()._score(
           ^^^^^^^^^^^^^^^
  File "D:\AI Engineering\FastAPI\model AI\.venv\Lib\site-packages\sklearn\metrics\_scorer.py", line 350, in _score
    return self._sign * self._score_func(y_true, y_pred, **scoring_kwargs)
                        ^^^^^^^^^^^^^^^^^^^^^^^^^^^^^^^^^^^^^^^^^^^^^^^^^^
  File "D:\AI Engineering\FastAPI\model AI\.venv\Lib\site-packages\pycaret\internal\metrics.py", line 144, in __call__
    return self.score_func(y_true, y_pred, **kwargs)
           ^^^^^^^^^^^^^^^^^^^^^^^^^^^^^^^^^^^^^^^^^
  File "D:\AI Engineering\FastAPI\model AI\.venv\Lib\site-packages\sklearn\utils\_param_validation.py", line 213, in wrapper
    return func(*args, **kwargs)
           ^^^^^^^^^^^^^^^^^^^^^
  File "D:\AI Engineering\FastAPI\model AI\.venv\Lib\site-packages\sklearn\metrics\_ranking.py", line 634, in roc_auc_score
    return _multiclass_roc_auc_score(
           ^^^^^^^^^^^^^^^^^^^^^^^^^^
  File "D:\AI Engineering\FastAPI\model AI\.venv\Lib\site-packages\sklearn\metrics\_ranking.py", line 707, in _multiclass_roc_auc_score
    raise ValueError(
ValueError: Target scores need to be probabilities for multiclass roc_auc, i.e. they should sum up to 1.0 over classes

  warnings.warn(

2026-10-07 18:06:13,628:WARNING:D:\AI Engineering\FastAPI\model AI\.venv\Lib\site-packages\pycaret\internal\metrics.py:204: FitFailedWarning: Metric 'make_scorer(roc_auc_score, response_method=('decision_function', 'predict_proba'), average=weighted, multi_class=ovr)' failed and error score 0.0 has been returned instead. If this is a custom metric, this usually means that the error is in the metric code. Full exception below:
Traceback (most recent call last):
  File "D:\AI Engineering\FastAPI\model AI\.venv\Lib\site-packages\pycaret\internal\metrics.py", line 196, in _score
    return super()._score(
           ^^^^^^^^^^^^^^^
  File "D:\AI Engineering\FastAPI\model AI\.venv\Lib\site-packages\sklearn\metrics\_scorer.py", line 350, in _score
    return self._sign * self._score_func(y_true, y_pred, **scoring_kwargs)
                        ^^^^^^^^^^^^^^^^^^^^^^^^^^^^^^^^^^^^^^^^^^^^^^^^^^
  File "D:\AI Engineering\FastAPI\model AI\.venv\Lib\site-packages\pycaret\internal\metrics.py", line 144, in __call__
    return self.score_func(y_true, y_pred, **kwargs)
           ^^^^^^^^^^^^^^^^^^^^^^^^^^^^^^^^^^^^^^^^^
  File "D:\AI Engineering\FastAPI\model AI\.venv\Lib\site-packages\sklearn\utils\_param_validation.py", line 213, in wrapper
    return func(*args, **kwargs)
           ^^^^^^^^^^^^^^^^^^^^^
  File "D:\AI Engineering\FastAPI\model AI\.venv\Lib\site-packages\sklearn\metrics\_ranking.py", line 634, in roc_auc_score
    return _multiclass_roc_auc_score(
           ^^^^^^^^^^^^^^^^^^^^^^^^^^
  File "D:\AI Engineering\FastAPI\model AI\.venv\Lib\site-packages\sklearn\metrics\_ranking.py", line 707, in _multiclass_roc_auc_score
    raise ValueError(
ValueError: Target scores need to be probabilities for multiclass roc_auc, i.e. they should sum up to 1.0 over classes

  warnings.warn(

2026-10-07 18:06:13,635:WARNING:D:\AI Engineering\FastAPI\model AI\.venv\Lib\site-packages\pycaret\internal\metrics.py:204: FitFailedWarning: Metric 'make_scorer(roc_auc_score, response_method=('decision_function', 'predict_proba'), average=weighted, multi_class=ovr)' failed and error score 0.0 has been returned instead. If this is a custom metric, this usually means that the error is in the metric code. Full exception below:
Traceback (most recent call last):
  File "D:\AI Engineering\FastAPI\model AI\.venv\Lib\site-packages\pycaret\internal\metrics.py", line 196, in _score
    return super()._score(
           ^^^^^^^^^^^^^^^
  File "D:\AI Engineering\FastAPI\model AI\.venv\Lib\site-packages\sklearn\metrics\_scorer.py", line 350, in _score
    return self._sign * self._score_func(y_true, y_pred, **scoring_kwargs)
                        ^^^^^^^^^^^^^^^^^^^^^^^^^^^^^^^^^^^^^^^^^^^^^^^^^^
  File "D:\AI Engineering\FastAPI\model AI\.venv\Lib\site-packages\pycaret\internal\metrics.py", line 144, in __call__
    return self.score_func(y_true, y_pred, **kwargs)
           ^^^^^^^^^^^^^^^^^^^^^^^^^^^^^^^^^^^^^^^^^
  File "D:\AI Engineering\FastAPI\model AI\.venv\Lib\site-packages\sklearn\utils\_param_validation.py", line 213, in wrapper
    return func(*args, **kwargs)
           ^^^^^^^^^^^^^^^^^^^^^
  File "D:\AI Engineering\FastAPI\model AI\.venv\Lib\site-packages\sklearn\metrics\_ranking.py", line 634, in roc_auc_score
    return _multiclass_roc_auc_score(
           ^^^^^^^^^^^^^^^^^^^^^^^^^^
  File "D:\AI Engineering\FastAPI\model AI\.venv\Lib\site-packages\sklearn\metrics\_ranking.py", line 707, in _multiclass_roc_auc_score
    raise ValueError(
ValueError: Target scores need to be probabilities for multiclass roc_auc, i.e. they should sum up to 1.0 over classes

  warnings.warn(

2026-10-07 18:06:13,636:WARNING:D:\AI Engineering\FastAPI\model AI\.venv\Lib\site-packages\sklearn\metrics\_classification.py:1509: UndefinedMetricWarning: Precision is ill-defined and being set to 0.0 in labels with no predicted samples. Use `zero_division` parameter to control this behavior.
  _warn_prf(average, modifier, f"{metric.capitalize()} is", len(result))

2026-10-07 18:06:13,638:WARNING:D:\AI Engineering\FastAPI\model AI\.venv\Lib\site-packages\sklearn\metrics\_classification.py:1509: UndefinedMetricWarning: Precision is ill-defined and being set to 0.0 in labels with no predicted samples. Use `zero_division` parameter to control this behavior.
  _warn_prf(average, modifier, f"{metric.capitalize()} is", len(result))

2026-10-07 18:06:13,643:WARNING:D:\AI Engineering\FastAPI\model AI\.venv\Lib\site-packages\pycaret\internal\metrics.py:204: FitFailedWarning: Metric 'make_scorer(roc_auc_score, response_method=('decision_function', 'predict_proba'), average=weighted, multi_class=ovr)' failed and error score 0.0 has been returned instead. If this is a custom metric, this usually means that the error is in the metric code. Full exception below:
Traceback (most recent call last):
  File "D:\AI Engineering\FastAPI\model AI\.venv\Lib\site-packages\pycaret\internal\metrics.py", line 196, in _score
    return super()._score(
           ^^^^^^^^^^^^^^^
  File "D:\AI Engineering\FastAPI\model AI\.venv\Lib\site-packages\sklearn\metrics\_scorer.py", line 350, in _score
    return self._sign * self._score_func(y_true, y_pred, **scoring_kwargs)
                        ^^^^^^^^^^^^^^^^^^^^^^^^^^^^^^^^^^^^^^^^^^^^^^^^^^
  File "D:\AI Engineering\FastAPI\model AI\.venv\Lib\site-packages\pycaret\internal\metrics.py", line 144, in __call__
    return self.score_func(y_true, y_pred, **kwargs)
           ^^^^^^^^^^^^^^^^^^^^^^^^^^^^^^^^^^^^^^^^^
  File "D:\AI Engineering\FastAPI\model AI\.venv\Lib\site-packages\sklearn\utils\_param_validation.py", line 213, in wrapper
    return func(*args, **kwargs)
           ^^^^^^^^^^^^^^^^^^^^^
  File "D:\AI Engineering\FastAPI\model AI\.venv\Lib\site-packages\sklearn\metrics\_ranking.py", line 634, in roc_auc_score
    return _multiclass_roc_auc_score(
           ^^^^^^^^^^^^^^^^^^^^^^^^^^
  File "D:\AI Engineering\FastAPI\model AI\.venv\Lib\site-packages\sklearn\metrics\_ranking.py", line 707, in _multiclass_roc_auc_score
    raise ValueError(
ValueError: Target scores need to be probabilities for multiclass roc_auc, i.e. they should sum up to 1.0 over classes

  warnings.warn(

2026-10-07 18:06:13,648:WARNING:D:\AI Engineering\FastAPI\model AI\.venv\Lib\site-packages\sklearn\metrics\_classification.py:1509: UndefinedMetricWarning: Precision is ill-defined and being set to 0.0 in labels with no predicted samples. Use `zero_division` parameter to control this behavior.
  _warn_prf(average, modifier, f"{metric.capitalize()} is", len(result))

2026-10-07 18:06:13,656:WARNING:D:\AI Engineering\FastAPI\model AI\.venv\Lib\site-packages\sklearn\metrics\_classification.py:1509: UndefinedMetricWarning: Precision is ill-defined and being set to 0.0 in labels with no predicted samples. Use `zero_division` parameter to control this behavior.
  _warn_prf(average, modifier, f"{metric.capitalize()} is", len(result))

2026-10-07 18:06:13,665:WARNING:D:\AI Engineering\FastAPI\model AI\.venv\Lib\site-packages\pycaret\internal\metrics.py:204: FitFailedWarning: Metric 'make_scorer(roc_auc_score, response_method=('decision_function', 'predict_proba'), average=weighted, multi_class=ovr)' failed and error score 0.0 has been returned instead. If this is a custom metric, this usually means that the error is in the metric code. Full exception below:
Traceback (most recent call last):
  File "D:\AI Engineering\FastAPI\model AI\.venv\Lib\site-packages\pycaret\internal\metrics.py", line 196, in _score
    return super()._score(
           ^^^^^^^^^^^^^^^
  File "D:\AI Engineering\FastAPI\model AI\.venv\Lib\site-packages\sklearn\metrics\_scorer.py", line 350, in _score
    return self._sign * self._score_func(y_true, y_pred, **scoring_kwargs)
                        ^^^^^^^^^^^^^^^^^^^^^^^^^^^^^^^^^^^^^^^^^^^^^^^^^^
  File "D:\AI Engineering\FastAPI\model AI\.venv\Lib\site-packages\pycaret\internal\metrics.py", line 144, in __call__
    return self.score_func(y_true, y_pred, **kwargs)
           ^^^^^^^^^^^^^^^^^^^^^^^^^^^^^^^^^^^^^^^^^
  File "D:\AI Engineering\FastAPI\model AI\.venv\Lib\site-packages\sklearn\utils\_param_validation.py", line 213, in wrapper
    return func(*args, **kwargs)
           ^^^^^^^^^^^^^^^^^^^^^
  File "D:\AI Engineering\FastAPI\model AI\.venv\Lib\site-packages\sklearn\metrics\_ranking.py", line 634, in roc_auc_score
    return _multiclass_roc_auc_score(
           ^^^^^^^^^^^^^^^^^^^^^^^^^^
  File "D:\AI Engineering\FastAPI\model AI\.venv\Lib\site-packages\sklearn\metrics\_ranking.py", line 707, in _multiclass_roc_auc_score
    raise ValueError(
ValueError: Target scores need to be probabilities for multiclass roc_auc, i.e. they should sum up to 1.0 over classes

  warnings.warn(

2026-10-07 18:06:13,673:WARNING:D:\AI Engineering\FastAPI\model AI\.venv\Lib\site-packages\sklearn\metrics\_classification.py:1509: UndefinedMetricWarning: Precision is ill-defined and being set to 0.0 in labels with no predicted samples. Use `zero_division` parameter to control this behavior.
  _warn_prf(average, modifier, f"{metric.capitalize()} is", len(result))

2026-10-07 18:06:13,682:WARNING:D:\AI Engineering\FastAPI\model AI\.venv\Lib\site-packages\pycaret\internal\metrics.py:204: FitFailedWarning: Metric 'make_scorer(roc_auc_score, response_method=('decision_function', 'predict_proba'), average=weighted, multi_class=ovr)' failed and error score 0.0 has been returned instead. If this is a custom metric, this usually means that the error is in the metric code. Full exception below:
Traceback (most recent call last):
  File "D:\AI Engineering\FastAPI\model AI\.venv\Lib\site-packages\pycaret\internal\metrics.py", line 196, in _score
    return super()._score(
           ^^^^^^^^^^^^^^^
  File "D:\AI Engineering\FastAPI\model AI\.venv\Lib\site-packages\sklearn\metrics\_scorer.py", line 350, in _score
    return self._sign * self._score_func(y_true, y_pred, **scoring_kwargs)
                        ^^^^^^^^^^^^^^^^^^^^^^^^^^^^^^^^^^^^^^^^^^^^^^^^^^
  File "D:\AI Engineering\FastAPI\model AI\.venv\Lib\site-packages\pycaret\internal\metrics.py", line 144, in __call__
    return self.score_func(y_true, y_pred, **kwargs)
           ^^^^^^^^^^^^^^^^^^^^^^^^^^^^^^^^^^^^^^^^^
  File "D:\AI Engineering\FastAPI\model AI\.venv\Lib\site-packages\sklearn\utils\_param_validation.py", line 213, in wrapper
    return func(*args, **kwargs)
           ^^^^^^^^^^^^^^^^^^^^^
  File "D:\AI Engineering\FastAPI\model AI\.venv\Lib\site-packages\sklearn\metrics\_ranking.py", line 634, in roc_auc_score
    return _multiclass_roc_auc_score(
           ^^^^^^^^^^^^^^^^^^^^^^^^^^
  File "D:\AI Engineering\FastAPI\model AI\.venv\Lib\site-packages\sklearn\metrics\_ranking.py", line 707, in _multiclass_roc_auc_score
    raise ValueError(
ValueError: Target scores need to be probabilities for multiclass roc_auc, i.e. they should sum up to 1.0 over classes

  warnings.warn(

2026-10-07 18:06:13,689:WARNING:D:\AI Engineering\FastAPI\model AI\.venv\Lib\site-packages\pycaret\internal\metrics.py:204: FitFailedWarning: Metric 'make_scorer(roc_auc_score, response_method=('decision_function', 'predict_proba'), average=weighted, multi_class=ovr)' failed and error score 0.0 has been returned instead. If this is a custom metric, this usually means that the error is in the metric code. Full exception below:
Traceback (most recent call last):
  File "D:\AI Engineering\FastAPI\model AI\.venv\Lib\site-packages\pycaret\internal\metrics.py", line 196, in _score
    return super()._score(
           ^^^^^^^^^^^^^^^
  File "D:\AI Engineering\FastAPI\model AI\.venv\Lib\site-packages\sklearn\metrics\_scorer.py", line 350, in _score
    return self._sign * self._score_func(y_true, y_pred, **scoring_kwargs)
                        ^^^^^^^^^^^^^^^^^^^^^^^^^^^^^^^^^^^^^^^^^^^^^^^^^^
  File "D:\AI Engineering\FastAPI\model AI\.venv\Lib\site-packages\pycaret\internal\metrics.py", line 144, in __call__
    return self.score_func(y_true, y_pred, **kwargs)
           ^^^^^^^^^^^^^^^^^^^^^^^^^^^^^^^^^^^^^^^^^
  File "D:\AI Engineering\FastAPI\model AI\.venv\Lib\site-packages\sklearn\utils\_param_validation.py", line 213, in wrapper
    return func(*args, **kwargs)
           ^^^^^^^^^^^^^^^^^^^^^
  File "D:\AI Engineering\FastAPI\model AI\.venv\Lib\site-packages\sklearn\metrics\_ranking.py", line 634, in roc_auc_score
    return _multiclass_roc_auc_score(
           ^^^^^^^^^^^^^^^^^^^^^^^^^^
  File "D:\AI Engineering\FastAPI\model AI\.venv\Lib\site-packages\sklearn\metrics\_ranking.py", line 707, in _multiclass_roc_auc_score
    raise ValueError(
ValueError: Target scores need to be probabilities for multiclass roc_auc, i.e. they should sum up to 1.0 over classes

  warnings.warn(

2026-10-07 18:06:13,690:WARNING:D:\AI Engineering\FastAPI\model AI\.venv\Lib\site-packages\sklearn\metrics\_classification.py:1509: UndefinedMetricWarning: Precision is ill-defined and being set to 0.0 in labels with no predicted samples. Use `zero_division` parameter to control this behavior.
  _warn_prf(average, modifier, f"{metric.capitalize()} is", len(result))

2026-10-07 18:06:13,696:WARNING:D:\AI Engineering\FastAPI\model AI\.venv\Lib\site-packages\sklearn\metrics\_classification.py:1509: UndefinedMetricWarning: Precision is ill-defined and being set to 0.0 in labels with no predicted samples. Use `zero_division` parameter to control this behavior.
  _warn_prf(average, modifier, f"{metric.capitalize()} is", len(result))

2026-10-07 18:06:13,696:WARNING:D:\AI Engineering\FastAPI\model AI\.venv\Lib\site-packages\pycaret\internal\metrics.py:204: FitFailedWarning: Metric 'make_scorer(roc_auc_score, response_method=('decision_function', 'predict_proba'), average=weighted, multi_class=ovr)' failed and error score 0.0 has been returned instead. If this is a custom metric, this usually means that the error is in the metric code. Full exception below:
Traceback (most recent call last):
  File "D:\AI Engineering\FastAPI\model AI\.venv\Lib\site-packages\pycaret\internal\metrics.py", line 196, in _score
    return super()._score(
           ^^^^^^^^^^^^^^^
  File "D:\AI Engineering\FastAPI\model AI\.venv\Lib\site-packages\sklearn\metrics\_scorer.py", line 350, in _score
    return self._sign * self._score_func(y_true, y_pred, **scoring_kwargs)
                        ^^^^^^^^^^^^^^^^^^^^^^^^^^^^^^^^^^^^^^^^^^^^^^^^^^
  File "D:\AI Engineering\FastAPI\model AI\.venv\Lib\site-packages\pycaret\internal\metrics.py", line 144, in __call__
    return self.score_func(y_true, y_pred, **kwargs)
           ^^^^^^^^^^^^^^^^^^^^^^^^^^^^^^^^^^^^^^^^^
  File "D:\AI Engineering\FastAPI\model AI\.venv\Lib\site-packages\sklearn\utils\_param_validation.py", line 213, in wrapper
    return func(*args, **kwargs)
           ^^^^^^^^^^^^^^^^^^^^^
  File "D:\AI Engineering\FastAPI\model AI\.venv\Lib\site-packages\sklearn\metrics\_ranking.py", line 634, in roc_auc_score
    return _multiclass_roc_auc_score(
           ^^^^^^^^^^^^^^^^^^^^^^^^^^
  File "D:\AI Engineering\FastAPI\model AI\.venv\Lib\site-packages\sklearn\metrics\_ranking.py", line 707, in _multiclass_roc_auc_score
    raise ValueError(
ValueError: Target scores need to be probabilities for multiclass roc_auc, i.e. they should sum up to 1.0 over classes

  warnings.warn(

2026-10-07 18:06:13,723:INFO:Calculating mean and std
2026-10-07 18:06:13,725:INFO:Creating metrics dataframe
2026-10-07 18:06:13,729:INFO:Uploading results into container
2026-10-07 18:06:13,730:INFO:Uploading model into container now
2026-10-07 18:06:13,731:INFO:_master_model_container: 5
2026-10-07 18:06:13,731:INFO:_display_container: 2
2026-10-07 18:06:13,732:INFO:SGDClassifier(alpha=0.0001, average=False, class_weight=None,
              early_stopping=False, epsilon=0.1, eta0=0.001, fit_intercept=True,
              l1_ratio=0.15, learning_rate='optimal', loss='hinge',
              max_iter=1000, n_iter_no_change=5, n_jobs=-1, penalty='l2',
              power_t=0.5, random_state=123, shuffle=True, tol=0.001,
              validation_fraction=0.1, verbose=0, warm_start=False)
2026-10-07 18:06:13,732:INFO:create_model() successfully completed......................................
2026-10-07 18:06:13,837:INFO:SubProcess create_model() end ==================================
2026-10-07 18:06:13,837:INFO:Creating metrics dataframe
2026-10-07 18:06:13,839:INFO:Initializing Ridge Classifier
2026-10-07 18:06:13,839:INFO:Total runtime is 0.3776182691256205 minutes
2026-10-07 18:06:13,840:INFO:SubProcess create_model() called ==================================
2026-10-07 18:06:13,840:INFO:Initializing create_model()
2026-10-07 18:06:13,840:INFO:create_model(self=<pycaret.classification.oop.ClassificationExperiment object at 0x000002998C7C3390>, estimator=ridge, fold=StratifiedKFold(n_splits=10, random_state=None, shuffle=False), round=4, cross_validation=True, predict=True, fit_kwargs={}, groups=None, refit=False, probability_threshold=None, experiment_custom_tags=None, verbose=False, system=False, add_to_model_list=True, metrics=None, display=<pycaret.internal.display.display.CommonDisplay object at 0x000002998E063B10>, model_only=True, return_train_score=False, error_score=0.0, kwargs={})
2026-10-07 18:06:13,840:INFO:Checking exceptions
2026-10-07 18:06:13,840:INFO:Importing libraries
2026-10-07 18:06:13,840:INFO:Copying training dataset
2026-10-07 18:06:13,844:INFO:Defining folds
2026-10-07 18:06:13,844:INFO:Declaring metric variables
2026-10-07 18:06:13,844:INFO:Importing untrained model
2026-10-07 18:06:13,850:INFO:Ridge Classifier Imported successfully
2026-10-07 18:06:13,852:INFO:Starting cross validation
2026-10-07 18:06:13,855:INFO:Cross validating with StratifiedKFold(n_splits=10, random_state=None, shuffle=False), n_jobs=-1
2026-10-07 18:06:14,620:WARNING:D:\AI Engineering\FastAPI\model AI\.venv\Lib\site-packages\pycaret\internal\metrics.py:204: FitFailedWarning: Metric 'make_scorer(roc_auc_score, response_method=('decision_function', 'predict_proba'), average=weighted, multi_class=ovr)' failed and error score 0.0 has been returned instead. If this is a custom metric, this usually means that the error is in the metric code. Full exception below:
Traceback (most recent call last):
  File "D:\AI Engineering\FastAPI\model AI\.venv\Lib\site-packages\pycaret\internal\metrics.py", line 196, in _score
    return super()._score(
           ^^^^^^^^^^^^^^^
  File "D:\AI Engineering\FastAPI\model AI\.venv\Lib\site-packages\sklearn\metrics\_scorer.py", line 350, in _score
    return self._sign * self._score_func(y_true, y_pred, **scoring_kwargs)
                        ^^^^^^^^^^^^^^^^^^^^^^^^^^^^^^^^^^^^^^^^^^^^^^^^^^
  File "D:\AI Engineering\FastAPI\model AI\.venv\Lib\site-packages\pycaret\internal\metrics.py", line 144, in __call__
    return self.score_func(y_true, y_pred, **kwargs)
           ^^^^^^^^^^^^^^^^^^^^^^^^^^^^^^^^^^^^^^^^^
  File "D:\AI Engineering\FastAPI\model AI\.venv\Lib\site-packages\sklearn\utils\_param_validation.py", line 213, in wrapper
    return func(*args, **kwargs)
           ^^^^^^^^^^^^^^^^^^^^^
  File "D:\AI Engineering\FastAPI\model AI\.venv\Lib\site-packages\sklearn\metrics\_ranking.py", line 634, in roc_auc_score
    return _multiclass_roc_auc_score(
           ^^^^^^^^^^^^^^^^^^^^^^^^^^
  File "D:\AI Engineering\FastAPI\model AI\.venv\Lib\site-packages\sklearn\metrics\_ranking.py", line 707, in _multiclass_roc_auc_score
    raise ValueError(
ValueError: Target scores need to be probabilities for multiclass roc_auc, i.e. they should sum up to 1.0 over classes

  warnings.warn(

2026-10-07 18:06:14,623:WARNING:D:\AI Engineering\FastAPI\model AI\.venv\Lib\site-packages\pycaret\internal\metrics.py:204: FitFailedWarning: Metric 'make_scorer(roc_auc_score, response_method=('decision_function', 'predict_proba'), average=weighted, multi_class=ovr)' failed and error score 0.0 has been returned instead. If this is a custom metric, this usually means that the error is in the metric code. Full exception below:
Traceback (most recent call last):
  File "D:\AI Engineering\FastAPI\model AI\.venv\Lib\site-packages\pycaret\internal\metrics.py", line 196, in _score
    return super()._score(
           ^^^^^^^^^^^^^^^
  File "D:\AI Engineering\FastAPI\model AI\.venv\Lib\site-packages\sklearn\metrics\_scorer.py", line 350, in _score
    return self._sign * self._score_func(y_true, y_pred, **scoring_kwargs)
                        ^^^^^^^^^^^^^^^^^^^^^^^^^^^^^^^^^^^^^^^^^^^^^^^^^^
  File "D:\AI Engineering\FastAPI\model AI\.venv\Lib\site-packages\pycaret\internal\metrics.py", line 144, in __call__
    return self.score_func(y_true, y_pred, **kwargs)
           ^^^^^^^^^^^^^^^^^^^^^^^^^^^^^^^^^^^^^^^^^
  File "D:\AI Engineering\FastAPI\model AI\.venv\Lib\site-packages\sklearn\utils\_param_validation.py", line 213, in wrapper
    return func(*args, **kwargs)
           ^^^^^^^^^^^^^^^^^^^^^
  File "D:\AI Engineering\FastAPI\model AI\.venv\Lib\site-packages\sklearn\metrics\_ranking.py", line 634, in roc_auc_score
    return _multiclass_roc_auc_score(
           ^^^^^^^^^^^^^^^^^^^^^^^^^^
  File "D:\AI Engineering\FastAPI\model AI\.venv\Lib\site-packages\sklearn\metrics\_ranking.py", line 707, in _multiclass_roc_auc_score
    raise ValueError(
ValueError: Target scores need to be probabilities for multiclass roc_auc, i.e. they should sum up to 1.0 over classes

  warnings.warn(

2026-10-07 18:06:14,629:WARNING:D:\AI Engineering\FastAPI\model AI\.venv\Lib\site-packages\sklearn\metrics\_classification.py:1509: UndefinedMetricWarning: Precision is ill-defined and being set to 0.0 in labels with no predicted samples. Use `zero_division` parameter to control this behavior.
  _warn_prf(average, modifier, f"{metric.capitalize()} is", len(result))

2026-10-07 18:06:14,633:WARNING:D:\AI Engineering\FastAPI\model AI\.venv\Lib\site-packages\sklearn\metrics\_classification.py:1509: UndefinedMetricWarning: Precision is ill-defined and being set to 0.0 in labels with no predicted samples. Use `zero_division` parameter to control this behavior.
  _warn_prf(average, modifier, f"{metric.capitalize()} is", len(result))

2026-10-07 18:06:14,642:WARNING:D:\AI Engineering\FastAPI\model AI\.venv\Lib\site-packages\pycaret\internal\metrics.py:204: FitFailedWarning: Metric 'make_scorer(roc_auc_score, response_method=('decision_function', 'predict_proba'), average=weighted, multi_class=ovr)' failed and error score 0.0 has been returned instead. If this is a custom metric, this usually means that the error is in the metric code. Full exception below:
Traceback (most recent call last):
  File "D:\AI Engineering\FastAPI\model AI\.venv\Lib\site-packages\pycaret\internal\metrics.py", line 196, in _score
    return super()._score(
           ^^^^^^^^^^^^^^^
  File "D:\AI Engineering\FastAPI\model AI\.venv\Lib\site-packages\sklearn\metrics\_scorer.py", line 350, in _score
    return self._sign * self._score_func(y_true, y_pred, **scoring_kwargs)
                        ^^^^^^^^^^^^^^^^^^^^^^^^^^^^^^^^^^^^^^^^^^^^^^^^^^
  File "D:\AI Engineering\FastAPI\model AI\.venv\Lib\site-packages\pycaret\internal\metrics.py", line 144, in __call__
    return self.score_func(y_true, y_pred, **kwargs)
           ^^^^^^^^^^^^^^^^^^^^^^^^^^^^^^^^^^^^^^^^^
  File "D:\AI Engineering\FastAPI\model AI\.venv\Lib\site-packages\sklearn\utils\_param_validation.py", line 213, in wrapper
    return func(*args, **kwargs)
           ^^^^^^^^^^^^^^^^^^^^^
  File "D:\AI Engineering\FastAPI\model AI\.venv\Lib\site-packages\sklearn\metrics\_ranking.py", line 634, in roc_auc_score
    return _multiclass_roc_auc_score(
           ^^^^^^^^^^^^^^^^^^^^^^^^^^
  File "D:\AI Engineering\FastAPI\model AI\.venv\Lib\site-packages\sklearn\metrics\_ranking.py", line 707, in _multiclass_roc_auc_score
    raise ValueError(
ValueError: Target scores need to be probabilities for multiclass roc_auc, i.e. they should sum up to 1.0 over classes

  warnings.warn(

2026-10-07 18:06:14,646:WARNING:D:\AI Engineering\FastAPI\model AI\.venv\Lib\site-packages\pycaret\internal\metrics.py:204: FitFailedWarning: Metric 'make_scorer(roc_auc_score, response_method=('decision_function', 'predict_proba'), average=weighted, multi_class=ovr)' failed and error score 0.0 has been returned instead. If this is a custom metric, this usually means that the error is in the metric code. Full exception below:
Traceback (most recent call last):
  File "D:\AI Engineering\FastAPI\model AI\.venv\Lib\site-packages\pycaret\internal\metrics.py", line 196, in _score
    return super()._score(
           ^^^^^^^^^^^^^^^
  File "D:\AI Engineering\FastAPI\model AI\.venv\Lib\site-packages\sklearn\metrics\_scorer.py", line 350, in _score
    return self._sign * self._score_func(y_true, y_pred, **scoring_kwargs)
                        ^^^^^^^^^^^^^^^^^^^^^^^^^^^^^^^^^^^^^^^^^^^^^^^^^^
  File "D:\AI Engineering\FastAPI\model AI\.venv\Lib\site-packages\pycaret\internal\metrics.py", line 144, in __call__
    return self.score_func(y_true, y_pred, **kwargs)
           ^^^^^^^^^^^^^^^^^^^^^^^^^^^^^^^^^^^^^^^^^
  File "D:\AI Engineering\FastAPI\model AI\.venv\Lib\site-packages\sklearn\utils\_param_validation.py", line 213, in wrapper
    return func(*args, **kwargs)
           ^^^^^^^^^^^^^^^^^^^^^
  File "D:\AI Engineering\FastAPI\model AI\.venv\Lib\site-packages\sklearn\metrics\_ranking.py", line 634, in roc_auc_score
    return _multiclass_roc_auc_score(
           ^^^^^^^^^^^^^^^^^^^^^^^^^^
  File "D:\AI Engineering\FastAPI\model AI\.venv\Lib\site-packages\sklearn\metrics\_ranking.py", line 707, in _multiclass_roc_auc_score
    raise ValueError(
ValueError: Target scores need to be probabilities for multiclass roc_auc, i.e. they should sum up to 1.0 over classes

  warnings.warn(

2026-10-07 18:06:14,648:WARNING:D:\AI Engineering\FastAPI\model AI\.venv\Lib\site-packages\pycaret\internal\metrics.py:204: FitFailedWarning: Metric 'make_scorer(roc_auc_score, response_method=('decision_function', 'predict_proba'), average=weighted, multi_class=ovr)' failed and error score 0.0 has been returned instead. If this is a custom metric, this usually means that the error is in the metric code. Full exception below:
Traceback (most recent call last):
  File "D:\AI Engineering\FastAPI\model AI\.venv\Lib\site-packages\pycaret\internal\metrics.py", line 196, in _score
    return super()._score(
           ^^^^^^^^^^^^^^^
  File "D:\AI Engineering\FastAPI\model AI\.venv\Lib\site-packages\sklearn\metrics\_scorer.py", line 350, in _score
    return self._sign * self._score_func(y_true, y_pred, **scoring_kwargs)
                        ^^^^^^^^^^^^^^^^^^^^^^^^^^^^^^^^^^^^^^^^^^^^^^^^^^
  File "D:\AI Engineering\FastAPI\model AI\.venv\Lib\site-packages\pycaret\internal\metrics.py", line 144, in __call__
    return self.score_func(y_true, y_pred, **kwargs)
           ^^^^^^^^^^^^^^^^^^^^^^^^^^^^^^^^^^^^^^^^^
  File "D:\AI Engineering\FastAPI\model AI\.venv\Lib\site-packages\sklearn\utils\_param_validation.py", line 213, in wrapper
    return func(*args, **kwargs)
           ^^^^^^^^^^^^^^^^^^^^^
  File "D:\AI Engineering\FastAPI\model AI\.venv\Lib\site-packages\sklearn\metrics\_ranking.py", line 634, in roc_auc_score
    return _multiclass_roc_auc_score(
           ^^^^^^^^^^^^^^^^^^^^^^^^^^
  File "D:\AI Engineering\FastAPI\model AI\.venv\Lib\site-packages\sklearn\metrics\_ranking.py", line 707, in _multiclass_roc_auc_score
    raise ValueError(
ValueError: Target scores need to be probabilities for multiclass roc_auc, i.e. they should sum up to 1.0 over classes

  warnings.warn(

2026-10-07 18:06:14,649:WARNING:D:\AI Engineering\FastAPI\model AI\.venv\Lib\site-packages\pycaret\internal\metrics.py:204: FitFailedWarning: Metric 'make_scorer(roc_auc_score, response_method=('decision_function', 'predict_proba'), average=weighted, multi_class=ovr)' failed and error score 0.0 has been returned instead. If this is a custom metric, this usually means that the error is in the metric code. Full exception below:
Traceback (most recent call last):
  File "D:\AI Engineering\FastAPI\model AI\.venv\Lib\site-packages\pycaret\internal\metrics.py", line 196, in _score
    return super()._score(
           ^^^^^^^^^^^^^^^
  File "D:\AI Engineering\FastAPI\model AI\.venv\Lib\site-packages\sklearn\metrics\_scorer.py", line 350, in _score
    return self._sign * self._score_func(y_true, y_pred, **scoring_kwargs)
                        ^^^^^^^^^^^^^^^^^^^^^^^^^^^^^^^^^^^^^^^^^^^^^^^^^^
  File "D:\AI Engineering\FastAPI\model AI\.venv\Lib\site-packages\pycaret\internal\metrics.py", line 144, in __call__
    return self.score_func(y_true, y_pred, **kwargs)
           ^^^^^^^^^^^^^^^^^^^^^^^^^^^^^^^^^^^^^^^^^
  File "D:\AI Engineering\FastAPI\model AI\.venv\Lib\site-packages\sklearn\utils\_param_validation.py", line 213, in wrapper
    return func(*args, **kwargs)
           ^^^^^^^^^^^^^^^^^^^^^
  File "D:\AI Engineering\FastAPI\model AI\.venv\Lib\site-packages\sklearn\metrics\_ranking.py", line 634, in roc_auc_score
    return _multiclass_roc_auc_score(
           ^^^^^^^^^^^^^^^^^^^^^^^^^^
  File "D:\AI Engineering\FastAPI\model AI\.venv\Lib\site-packages\sklearn\metrics\_ranking.py", line 707, in _multiclass_roc_auc_score
    raise ValueError(
ValueError: Target scores need to be probabilities for multiclass roc_auc, i.e. they should sum up to 1.0 over classes

  warnings.warn(

2026-10-07 18:06:14,650:WARNING:D:\AI Engineering\FastAPI\model AI\.venv\Lib\site-packages\pycaret\internal\metrics.py:204: FitFailedWarning: Metric 'make_scorer(roc_auc_score, response_method=('decision_function', 'predict_proba'), average=weighted, multi_class=ovr)' failed and error score 0.0 has been returned instead. If this is a custom metric, this usually means that the error is in the metric code. Full exception below:
Traceback (most recent call last):
  File "D:\AI Engineering\FastAPI\model AI\.venv\Lib\site-packages\pycaret\internal\metrics.py", line 196, in _score
    return super()._score(
           ^^^^^^^^^^^^^^^
  File "D:\AI Engineering\FastAPI\model AI\.venv\Lib\site-packages\sklearn\metrics\_scorer.py", line 350, in _score
    return self._sign * self._score_func(y_true, y_pred, **scoring_kwargs)
                        ^^^^^^^^^^^^^^^^^^^^^^^^^^^^^^^^^^^^^^^^^^^^^^^^^^
  File "D:\AI Engineering\FastAPI\model AI\.venv\Lib\site-packages\pycaret\internal\metrics.py", line 144, in __call__
    return self.score_func(y_true, y_pred, **kwargs)
           ^^^^^^^^^^^^^^^^^^^^^^^^^^^^^^^^^^^^^^^^^
  File "D:\AI Engineering\FastAPI\model AI\.venv\Lib\site-packages\sklearn\utils\_param_validation.py", line 213, in wrapper
    return func(*args, **kwargs)
           ^^^^^^^^^^^^^^^^^^^^^
  File "D:\AI Engineering\FastAPI\model AI\.venv\Lib\site-packages\sklearn\metrics\_ranking.py", line 634, in roc_auc_score
    return _multiclass_roc_auc_score(
           ^^^^^^^^^^^^^^^^^^^^^^^^^^
  File "D:\AI Engineering\FastAPI\model AI\.venv\Lib\site-packages\sklearn\metrics\_ranking.py", line 707, in _multiclass_roc_auc_score
    raise ValueError(
ValueError: Target scores need to be probabilities for multiclass roc_auc, i.e. they should sum up to 1.0 over classes

  warnings.warn(

2026-10-07 18:06:14,651:WARNING:D:\AI Engineering\FastAPI\model AI\.venv\Lib\site-packages\sklearn\metrics\_classification.py:1509: UndefinedMetricWarning: Precision is ill-defined and being set to 0.0 in labels with no predicted samples. Use `zero_division` parameter to control this behavior.
  _warn_prf(average, modifier, f"{metric.capitalize()} is", len(result))

2026-10-07 18:06:14,652:WARNING:D:\AI Engineering\FastAPI\model AI\.venv\Lib\site-packages\pycaret\internal\metrics.py:204: FitFailedWarning: Metric 'make_scorer(roc_auc_score, response_method=('decision_function', 'predict_proba'), average=weighted, multi_class=ovr)' failed and error score 0.0 has been returned instead. If this is a custom metric, this usually means that the error is in the metric code. Full exception below:
Traceback (most recent call last):
  File "D:\AI Engineering\FastAPI\model AI\.venv\Lib\site-packages\pycaret\internal\metrics.py", line 196, in _score
    return super()._score(
           ^^^^^^^^^^^^^^^
  File "D:\AI Engineering\FastAPI\model AI\.venv\Lib\site-packages\sklearn\metrics\_scorer.py", line 350, in _score
    return self._sign * self._score_func(y_true, y_pred, **scoring_kwargs)
                        ^^^^^^^^^^^^^^^^^^^^^^^^^^^^^^^^^^^^^^^^^^^^^^^^^^
  File "D:\AI Engineering\FastAPI\model AI\.venv\Lib\site-packages\pycaret\internal\metrics.py", line 144, in __call__
    return self.score_func(y_true, y_pred, **kwargs)
           ^^^^^^^^^^^^^^^^^^^^^^^^^^^^^^^^^^^^^^^^^
  File "D:\AI Engineering\FastAPI\model AI\.venv\Lib\site-packages\sklearn\utils\_param_validation.py", line 213, in wrapper
    return func(*args, **kwargs)
           ^^^^^^^^^^^^^^^^^^^^^
  File "D:\AI Engineering\FastAPI\model AI\.venv\Lib\site-packages\sklearn\metrics\_ranking.py", line 634, in roc_auc_score
    return _multiclass_roc_auc_score(
           ^^^^^^^^^^^^^^^^^^^^^^^^^^
  File "D:\AI Engineering\FastAPI\model AI\.venv\Lib\site-packages\sklearn\metrics\_ranking.py", line 707, in _multiclass_roc_auc_score
    raise ValueError(
ValueError: Target scores need to be probabilities for multiclass roc_auc, i.e. they should sum up to 1.0 over classes

  warnings.warn(

2026-10-07 18:06:14,653:WARNING:D:\AI Engineering\FastAPI\model AI\.venv\Lib\site-packages\pycaret\internal\metrics.py:204: FitFailedWarning: Metric 'make_scorer(roc_auc_score, response_method=('decision_function', 'predict_proba'), average=weighted, multi_class=ovr)' failed and error score 0.0 has been returned instead. If this is a custom metric, this usually means that the error is in the metric code. Full exception below:
Traceback (most recent call last):
  File "D:\AI Engineering\FastAPI\model AI\.venv\Lib\site-packages\pycaret\internal\metrics.py", line 196, in _score
    return super()._score(
           ^^^^^^^^^^^^^^^
  File "D:\AI Engineering\FastAPI\model AI\.venv\Lib\site-packages\sklearn\metrics\_scorer.py", line 350, in _score
    return self._sign * self._score_func(y_true, y_pred, **scoring_kwargs)
                        ^^^^^^^^^^^^^^^^^^^^^^^^^^^^^^^^^^^^^^^^^^^^^^^^^^
  File "D:\AI Engineering\FastAPI\model AI\.venv\Lib\site-packages\pycaret\internal\metrics.py", line 144, in __call__
    return self.score_func(y_true, y_pred, **kwargs)
           ^^^^^^^^^^^^^^^^^^^^^^^^^^^^^^^^^^^^^^^^^
  File "D:\AI Engineering\FastAPI\model AI\.venv\Lib\site-packages\sklearn\utils\_param_validation.py", line 213, in wrapper
    return func(*args, **kwargs)
           ^^^^^^^^^^^^^^^^^^^^^
  File "D:\AI Engineering\FastAPI\model AI\.venv\Lib\site-packages\sklearn\metrics\_ranking.py", line 634, in roc_auc_score
    return _multiclass_roc_auc_score(
           ^^^^^^^^^^^^^^^^^^^^^^^^^^
  File "D:\AI Engineering\FastAPI\model AI\.venv\Lib\site-packages\sklearn\metrics\_ranking.py", line 707, in _multiclass_roc_auc_score
    raise ValueError(
ValueError: Target scores need to be probabilities for multiclass roc_auc, i.e. they should sum up to 1.0 over classes

  warnings.warn(

2026-10-07 18:06:14,654:WARNING:D:\AI Engineering\FastAPI\model AI\.venv\Lib\site-packages\sklearn\metrics\_classification.py:1509: UndefinedMetricWarning: Precision is ill-defined and being set to 0.0 in labels with no predicted samples. Use `zero_division` parameter to control this behavior.
  _warn_prf(average, modifier, f"{metric.capitalize()} is", len(result))

2026-10-07 18:06:14,654:WARNING:D:\AI Engineering\FastAPI\model AI\.venv\Lib\site-packages\pycaret\internal\metrics.py:204: FitFailedWarning: Metric 'make_scorer(roc_auc_score, response_method=('decision_function', 'predict_proba'), average=weighted, multi_class=ovr)' failed and error score 0.0 has been returned instead. If this is a custom metric, this usually means that the error is in the metric code. Full exception below:
Traceback (most recent call last):
  File "D:\AI Engineering\FastAPI\model AI\.venv\Lib\site-packages\pycaret\internal\metrics.py", line 196, in _score
    return super()._score(
           ^^^^^^^^^^^^^^^
  File "D:\AI Engineering\FastAPI\model AI\.venv\Lib\site-packages\sklearn\metrics\_scorer.py", line 350, in _score
    return self._sign * self._score_func(y_true, y_pred, **scoring_kwargs)
                        ^^^^^^^^^^^^^^^^^^^^^^^^^^^^^^^^^^^^^^^^^^^^^^^^^^
  File "D:\AI Engineering\FastAPI\model AI\.venv\Lib\site-packages\pycaret\internal\metrics.py", line 144, in __call__
    return self.score_func(y_true, y_pred, **kwargs)
           ^^^^^^^^^^^^^^^^^^^^^^^^^^^^^^^^^^^^^^^^^
  File "D:\AI Engineering\FastAPI\model AI\.venv\Lib\site-packages\sklearn\utils\_param_validation.py", line 213, in wrapper
    return func(*args, **kwargs)
           ^^^^^^^^^^^^^^^^^^^^^
  File "D:\AI Engineering\FastAPI\model AI\.venv\Lib\site-packages\sklearn\metrics\_ranking.py", line 634, in roc_auc_score
    return _multiclass_roc_auc_score(
           ^^^^^^^^^^^^^^^^^^^^^^^^^^
  File "D:\AI Engineering\FastAPI\model AI\.venv\Lib\site-packages\sklearn\metrics\_ranking.py", line 707, in _multiclass_roc_auc_score
    raise ValueError(
ValueError: Target scores need to be probabilities for multiclass roc_auc, i.e. they should sum up to 1.0 over classes

  warnings.warn(

2026-10-07 18:06:14,657:WARNING:D:\AI Engineering\FastAPI\model AI\.venv\Lib\site-packages\sklearn\metrics\_classification.py:1509: UndefinedMetricWarning: Precision is ill-defined and being set to 0.0 in labels with no predicted samples. Use `zero_division` parameter to control this behavior.
  _warn_prf(average, modifier, f"{metric.capitalize()} is", len(result))

2026-10-07 18:06:14,658:WARNING:D:\AI Engineering\FastAPI\model AI\.venv\Lib\site-packages\sklearn\metrics\_classification.py:1509: UndefinedMetricWarning: Precision is ill-defined and being set to 0.0 in labels with no predicted samples. Use `zero_division` parameter to control this behavior.
  _warn_prf(average, modifier, f"{metric.capitalize()} is", len(result))

2026-10-07 18:06:14,658:WARNING:D:\AI Engineering\FastAPI\model AI\.venv\Lib\site-packages\sklearn\metrics\_classification.py:1509: UndefinedMetricWarning: Precision is ill-defined and being set to 0.0 in labels with no predicted samples. Use `zero_division` parameter to control this behavior.
  _warn_prf(average, modifier, f"{metric.capitalize()} is", len(result))

2026-10-07 18:06:14,659:WARNING:D:\AI Engineering\FastAPI\model AI\.venv\Lib\site-packages\sklearn\metrics\_classification.py:1509: UndefinedMetricWarning: Precision is ill-defined and being set to 0.0 in labels with no predicted samples. Use `zero_division` parameter to control this behavior.
  _warn_prf(average, modifier, f"{metric.capitalize()} is", len(result))

2026-10-07 18:06:14,662:WARNING:D:\AI Engineering\FastAPI\model AI\.venv\Lib\site-packages\sklearn\metrics\_classification.py:1509: UndefinedMetricWarning: Precision is ill-defined and being set to 0.0 in labels with no predicted samples. Use `zero_division` parameter to control this behavior.
  _warn_prf(average, modifier, f"{metric.capitalize()} is", len(result))

2026-10-07 18:06:14,675:INFO:Calculating mean and std
2026-10-07 18:06:14,676:INFO:Creating metrics dataframe
2026-10-07 18:06:14,679:INFO:Uploading results into container
2026-10-07 18:06:14,679:INFO:Uploading model into container now
2026-10-07 18:06:14,687:INFO:_master_model_container: 6
2026-10-07 18:06:14,687:INFO:_display_container: 2
2026-10-07 18:06:14,688:INFO:RidgeClassifier(alpha=1.0, class_weight=None, copy_X=True, fit_intercept=True,
                max_iter=None, positive=False, random_state=123, solver='auto',
                tol=0.0001)
2026-10-07 18:06:14,688:INFO:create_model() successfully completed......................................
2026-10-07 18:06:14,802:INFO:SubProcess create_model() end ==================================
2026-10-07 18:06:14,802:INFO:Creating metrics dataframe
2026-10-07 18:06:14,821:INFO:Initializing Random Forest Classifier
2026-10-07 18:06:14,822:INFO:Total runtime is 0.3940011978149414 minutes
2026-10-07 18:06:14,822:INFO:SubProcess create_model() called ==================================
2026-10-07 18:06:14,822:INFO:Initializing create_model()
2026-10-07 18:06:14,822:INFO:create_model(self=<pycaret.classification.oop.ClassificationExperiment object at 0x000002998C7C3390>, estimator=rf, fold=StratifiedKFold(n_splits=10, random_state=None, shuffle=False), round=4, cross_validation=True, predict=True, fit_kwargs={}, groups=None, refit=False, probability_threshold=None, experiment_custom_tags=None, verbose=False, system=False, add_to_model_list=True, metrics=None, display=<pycaret.internal.display.display.CommonDisplay object at 0x000002998E063B10>, model_only=True, return_train_score=False, error_score=0.0, kwargs={})
2026-10-07 18:06:14,823:INFO:Checking exceptions
2026-10-07 18:06:14,823:INFO:Importing libraries
2026-10-07 18:06:14,823:INFO:Copying training dataset
2026-10-07 18:06:14,838:INFO:Defining folds
2026-10-07 18:06:14,838:INFO:Declaring metric variables
2026-10-07 18:06:14,840:INFO:Importing untrained model
2026-10-07 18:06:14,859:INFO:Random Forest Classifier Imported successfully
2026-10-07 18:06:14,860:INFO:Starting cross validation
2026-10-07 18:06:14,865:INFO:Cross validating with StratifiedKFold(n_splits=10, random_state=None, shuffle=False), n_jobs=-1
2026-10-07 18:06:16,359:INFO:Calculating mean and std
2026-10-07 18:06:16,360:INFO:Creating metrics dataframe
2026-10-07 18:06:16,364:INFO:Uploading results into container
2026-10-07 18:06:16,365:INFO:Uploading model into container now
2026-10-07 18:06:16,367:INFO:_master_model_container: 7
2026-10-07 18:06:16,367:INFO:_display_container: 2
2026-10-07 18:06:16,368:INFO:RandomForestClassifier(bootstrap=True, ccp_alpha=0.0, class_weight=None,
                       criterion='gini', max_depth=None, max_features='sqrt',
                       max_leaf_nodes=None, max_samples=None,
                       min_impurity_decrease=0.0, min_samples_leaf=1,
                       min_samples_split=2, min_weight_fraction_leaf=0.0,
                       monotonic_cst=None, n_estimators=100, n_jobs=-1,
                       oob_score=False, random_state=123, verbose=0,
                       warm_start=False)
2026-10-07 18:06:16,368:INFO:create_model() successfully completed......................................
2026-10-07 18:06:16,482:INFO:SubProcess create_model() end ==================================
2026-10-07 18:06:16,483:INFO:Creating metrics dataframe
2026-10-07 18:06:16,487:INFO:Initializing Quadratic Discriminant Analysis
2026-10-07 18:06:16,488:INFO:Total runtime is 0.42176074981689454 minutes
2026-10-07 18:06:16,488:INFO:SubProcess create_model() called ==================================
2026-10-07 18:06:16,488:INFO:Initializing create_model()
2026-10-07 18:06:16,488:INFO:create_model(self=<pycaret.classification.oop.ClassificationExperiment object at 0x000002998C7C3390>, estimator=qda, fold=StratifiedKFold(n_splits=10, random_state=None, shuffle=False), round=4, cross_validation=True, predict=True, fit_kwargs={}, groups=None, refit=False, probability_threshold=None, experiment_custom_tags=None, verbose=False, system=False, add_to_model_list=True, metrics=None, display=<pycaret.internal.display.display.CommonDisplay object at 0x000002998E063B10>, model_only=True, return_train_score=False, error_score=0.0, kwargs={})
2026-10-07 18:06:16,488:INFO:Checking exceptions
2026-10-07 18:06:16,488:INFO:Importing libraries
2026-10-07 18:06:16,488:INFO:Copying training dataset
2026-10-07 18:06:16,495:INFO:Defining folds
2026-10-07 18:06:16,495:INFO:Declaring metric variables
2026-10-07 18:06:16,495:INFO:Importing untrained model
2026-10-07 18:06:16,496:INFO:Quadratic Discriminant Analysis Imported successfully
2026-10-07 18:06:16,496:INFO:Starting cross validation
2026-10-07 18:06:16,499:INFO:Cross validating with StratifiedKFold(n_splits=10, random_state=None, shuffle=False), n_jobs=-1
2026-10-07 18:06:16,747:WARNING:D:\AI Engineering\FastAPI\model AI\.venv\Lib\site-packages\sklearn\discriminant_analysis.py:935: UserWarning: Variables are collinear
  warnings.warn("Variables are collinear")

2026-10-07 18:06:16,747:WARNING:D:\AI Engineering\FastAPI\model AI\.venv\Lib\site-packages\sklearn\discriminant_analysis.py:935: UserWarning: Variables are collinear
  warnings.warn("Variables are collinear")

2026-10-07 18:06:16,747:WARNING:D:\AI Engineering\FastAPI\model AI\.venv\Lib\site-packages\sklearn\discriminant_analysis.py:935: UserWarning: Variables are collinear
  warnings.warn("Variables are collinear")

2026-10-07 18:06:16,767:WARNING:D:\AI Engineering\FastAPI\model AI\.venv\Lib\site-packages\sklearn\discriminant_analysis.py:935: UserWarning: Variables are collinear
  warnings.warn("Variables are collinear")

2026-10-07 18:06:16,769:WARNING:D:\AI Engineering\FastAPI\model AI\.venv\Lib\site-packages\sklearn\discriminant_analysis.py:935: UserWarning: Variables are collinear
  warnings.warn("Variables are collinear")

2026-10-07 18:06:16,785:WARNING:D:\AI Engineering\FastAPI\model AI\.venv\Lib\site-packages\sklearn\discriminant_analysis.py:935: UserWarning: Variables are collinear
  warnings.warn("Variables are collinear")

2026-10-07 18:06:16,797:WARNING:D:\AI Engineering\FastAPI\model AI\.venv\Lib\site-packages\sklearn\discriminant_analysis.py:935: UserWarning: Variables are collinear
  warnings.warn("Variables are collinear")

2026-10-07 18:06:16,798:WARNING:D:\AI Engineering\FastAPI\model AI\.venv\Lib\site-packages\sklearn\discriminant_analysis.py:935: UserWarning: Variables are collinear
  warnings.warn("Variables are collinear")

2026-10-07 18:06:16,799:WARNING:D:\AI Engineering\FastAPI\model AI\.venv\Lib\site-packages\sklearn\discriminant_analysis.py:935: UserWarning: Variables are collinear
  warnings.warn("Variables are collinear")

2026-10-07 18:06:16,827:WARNING:D:\AI Engineering\FastAPI\model AI\.venv\Lib\site-packages\pycaret\internal\metrics.py:204: FitFailedWarning: Metric 'make_scorer(roc_auc_score, response_method=('decision_function', 'predict_proba'), average=weighted, multi_class=ovr)' failed and error score 0.0 has been returned instead. If this is a custom metric, this usually means that the error is in the metric code. Full exception below:
Traceback (most recent call last):
  File "D:\AI Engineering\FastAPI\model AI\.venv\Lib\site-packages\pycaret\internal\metrics.py", line 196, in _score
    return super()._score(
           ^^^^^^^^^^^^^^^
  File "D:\AI Engineering\FastAPI\model AI\.venv\Lib\site-packages\sklearn\metrics\_scorer.py", line 350, in _score
    return self._sign * self._score_func(y_true, y_pred, **scoring_kwargs)
                        ^^^^^^^^^^^^^^^^^^^^^^^^^^^^^^^^^^^^^^^^^^^^^^^^^^
  File "D:\AI Engineering\FastAPI\model AI\.venv\Lib\site-packages\pycaret\internal\metrics.py", line 144, in __call__
    return self.score_func(y_true, y_pred, **kwargs)
           ^^^^^^^^^^^^^^^^^^^^^^^^^^^^^^^^^^^^^^^^^
  File "D:\AI Engineering\FastAPI\model AI\.venv\Lib\site-packages\sklearn\utils\_param_validation.py", line 213, in wrapper
    return func(*args, **kwargs)
           ^^^^^^^^^^^^^^^^^^^^^
  File "D:\AI Engineering\FastAPI\model AI\.venv\Lib\site-packages\sklearn\metrics\_ranking.py", line 634, in roc_auc_score
    return _multiclass_roc_auc_score(
           ^^^^^^^^^^^^^^^^^^^^^^^^^^
  File "D:\AI Engineering\FastAPI\model AI\.venv\Lib\site-packages\sklearn\metrics\_ranking.py", line 707, in _multiclass_roc_auc_score
    raise ValueError(
ValueError: Target scores need to be probabilities for multiclass roc_auc, i.e. they should sum up to 1.0 over classes

  warnings.warn(

2026-10-07 18:06:16,832:WARNING:D:\AI Engineering\FastAPI\model AI\.venv\Lib\site-packages\pycaret\internal\metrics.py:204: FitFailedWarning: Metric 'make_scorer(roc_auc_score, response_method=('decision_function', 'predict_proba'), average=weighted, multi_class=ovr)' failed and error score 0.0 has been returned instead. If this is a custom metric, this usually means that the error is in the metric code. Full exception below:
Traceback (most recent call last):
  File "D:\AI Engineering\FastAPI\model AI\.venv\Lib\site-packages\pycaret\internal\metrics.py", line 196, in _score
    return super()._score(
           ^^^^^^^^^^^^^^^
  File "D:\AI Engineering\FastAPI\model AI\.venv\Lib\site-packages\sklearn\metrics\_scorer.py", line 350, in _score
    return self._sign * self._score_func(y_true, y_pred, **scoring_kwargs)
                        ^^^^^^^^^^^^^^^^^^^^^^^^^^^^^^^^^^^^^^^^^^^^^^^^^^
  File "D:\AI Engineering\FastAPI\model AI\.venv\Lib\site-packages\pycaret\internal\metrics.py", line 144, in __call__
    return self.score_func(y_true, y_pred, **kwargs)
           ^^^^^^^^^^^^^^^^^^^^^^^^^^^^^^^^^^^^^^^^^
  File "D:\AI Engineering\FastAPI\model AI\.venv\Lib\site-packages\sklearn\utils\_param_validation.py", line 213, in wrapper
    return func(*args, **kwargs)
           ^^^^^^^^^^^^^^^^^^^^^
  File "D:\AI Engineering\FastAPI\model AI\.venv\Lib\site-packages\sklearn\metrics\_ranking.py", line 634, in roc_auc_score
    return _multiclass_roc_auc_score(
           ^^^^^^^^^^^^^^^^^^^^^^^^^^
  File "D:\AI Engineering\FastAPI\model AI\.venv\Lib\site-packages\sklearn\metrics\_ranking.py", line 707, in _multiclass_roc_auc_score
    raise ValueError(
ValueError: Target scores need to be probabilities for multiclass roc_auc, i.e. they should sum up to 1.0 over classes

  warnings.warn(

2026-10-07 18:06:16,832:WARNING:D:\AI Engineering\FastAPI\model AI\.venv\Lib\site-packages\pycaret\internal\metrics.py:204: FitFailedWarning: Metric 'make_scorer(roc_auc_score, response_method=('decision_function', 'predict_proba'), average=weighted, multi_class=ovr)' failed and error score 0.0 has been returned instead. If this is a custom metric, this usually means that the error is in the metric code. Full exception below:
Traceback (most recent call last):
  File "D:\AI Engineering\FastAPI\model AI\.venv\Lib\site-packages\pycaret\internal\metrics.py", line 196, in _score
    return super()._score(
           ^^^^^^^^^^^^^^^
  File "D:\AI Engineering\FastAPI\model AI\.venv\Lib\site-packages\sklearn\metrics\_scorer.py", line 350, in _score
    return self._sign * self._score_func(y_true, y_pred, **scoring_kwargs)
                        ^^^^^^^^^^^^^^^^^^^^^^^^^^^^^^^^^^^^^^^^^^^^^^^^^^
  File "D:\AI Engineering\FastAPI\model AI\.venv\Lib\site-packages\pycaret\internal\metrics.py", line 144, in __call__
    return self.score_func(y_true, y_pred, **kwargs)
           ^^^^^^^^^^^^^^^^^^^^^^^^^^^^^^^^^^^^^^^^^
  File "D:\AI Engineering\FastAPI\model AI\.venv\Lib\site-packages\sklearn\utils\_param_validation.py", line 213, in wrapper
    return func(*args, **kwargs)
           ^^^^^^^^^^^^^^^^^^^^^
  File "D:\AI Engineering\FastAPI\model AI\.venv\Lib\site-packages\sklearn\metrics\_ranking.py", line 634, in roc_auc_score
    return _multiclass_roc_auc_score(
           ^^^^^^^^^^^^^^^^^^^^^^^^^^
  File "D:\AI Engineering\FastAPI\model AI\.venv\Lib\site-packages\sklearn\metrics\_ranking.py", line 707, in _multiclass_roc_auc_score
    raise ValueError(
ValueError: Target scores need to be probabilities for multiclass roc_auc, i.e. they should sum up to 1.0 over classes

  warnings.warn(

2026-10-07 18:06:16,851:WARNING:D:\AI Engineering\FastAPI\model AI\.venv\Lib\site-packages\pycaret\internal\metrics.py:204: FitFailedWarning: Metric 'make_scorer(roc_auc_score, response_method=('decision_function', 'predict_proba'), average=weighted, multi_class=ovr)' failed and error score 0.0 has been returned instead. If this is a custom metric, this usually means that the error is in the metric code. Full exception below:
Traceback (most recent call last):
  File "D:\AI Engineering\FastAPI\model AI\.venv\Lib\site-packages\pycaret\internal\metrics.py", line 196, in _score
    return super()._score(
           ^^^^^^^^^^^^^^^
  File "D:\AI Engineering\FastAPI\model AI\.venv\Lib\site-packages\sklearn\metrics\_scorer.py", line 350, in _score
    return self._sign * self._score_func(y_true, y_pred, **scoring_kwargs)
                        ^^^^^^^^^^^^^^^^^^^^^^^^^^^^^^^^^^^^^^^^^^^^^^^^^^
  File "D:\AI Engineering\FastAPI\model AI\.venv\Lib\site-packages\pycaret\internal\metrics.py", line 144, in __call__
    return self.score_func(y_true, y_pred, **kwargs)
           ^^^^^^^^^^^^^^^^^^^^^^^^^^^^^^^^^^^^^^^^^
  File "D:\AI Engineering\FastAPI\model AI\.venv\Lib\site-packages\sklearn\utils\_param_validation.py", line 213, in wrapper
    return func(*args, **kwargs)
           ^^^^^^^^^^^^^^^^^^^^^
  File "D:\AI Engineering\FastAPI\model AI\.venv\Lib\site-packages\sklearn\metrics\_ranking.py", line 634, in roc_auc_score
    return _multiclass_roc_auc_score(
           ^^^^^^^^^^^^^^^^^^^^^^^^^^
  File "D:\AI Engineering\FastAPI\model AI\.venv\Lib\site-packages\sklearn\metrics\_ranking.py", line 707, in _multiclass_roc_auc_score
    raise ValueError(
ValueError: Target scores need to be probabilities for multiclass roc_auc, i.e. they should sum up to 1.0 over classes

  warnings.warn(

2026-10-07 18:06:16,851:WARNING:D:\AI Engineering\FastAPI\model AI\.venv\Lib\site-packages\pycaret\internal\metrics.py:204: FitFailedWarning: Metric 'make_scorer(roc_auc_score, response_method=('decision_function', 'predict_proba'), average=weighted, multi_class=ovr)' failed and error score 0.0 has been returned instead. If this is a custom metric, this usually means that the error is in the metric code. Full exception below:
Traceback (most recent call last):
  File "D:\AI Engineering\FastAPI\model AI\.venv\Lib\site-packages\pycaret\internal\metrics.py", line 196, in _score
    return super()._score(
           ^^^^^^^^^^^^^^^
  File "D:\AI Engineering\FastAPI\model AI\.venv\Lib\site-packages\sklearn\metrics\_scorer.py", line 350, in _score
    return self._sign * self._score_func(y_true, y_pred, **scoring_kwargs)
                        ^^^^^^^^^^^^^^^^^^^^^^^^^^^^^^^^^^^^^^^^^^^^^^^^^^
  File "D:\AI Engineering\FastAPI\model AI\.venv\Lib\site-packages\pycaret\internal\metrics.py", line 144, in __call__
    return self.score_func(y_true, y_pred, **kwargs)
           ^^^^^^^^^^^^^^^^^^^^^^^^^^^^^^^^^^^^^^^^^
  File "D:\AI Engineering\FastAPI\model AI\.venv\Lib\site-packages\sklearn\utils\_param_validation.py", line 213, in wrapper
    return func(*args, **kwargs)
           ^^^^^^^^^^^^^^^^^^^^^
  File "D:\AI Engineering\FastAPI\model AI\.venv\Lib\site-packages\sklearn\metrics\_ranking.py", line 634, in roc_auc_score
    return _multiclass_roc_auc_score(
           ^^^^^^^^^^^^^^^^^^^^^^^^^^
  File "D:\AI Engineering\FastAPI\model AI\.venv\Lib\site-packages\sklearn\metrics\_ranking.py", line 707, in _multiclass_roc_auc_score
    raise ValueError(
ValueError: Target scores need to be probabilities for multiclass roc_auc, i.e. they should sum up to 1.0 over classes

  warnings.warn(

2026-10-07 18:06:16,861:WARNING:D:\AI Engineering\FastAPI\model AI\.venv\Lib\site-packages\pycaret\internal\metrics.py:204: FitFailedWarning: Metric 'make_scorer(roc_auc_score, response_method=('decision_function', 'predict_proba'), average=weighted, multi_class=ovr)' failed and error score 0.0 has been returned instead. If this is a custom metric, this usually means that the error is in the metric code. Full exception below:
Traceback (most recent call last):
  File "D:\AI Engineering\FastAPI\model AI\.venv\Lib\site-packages\pycaret\internal\metrics.py", line 196, in _score
    return super()._score(
           ^^^^^^^^^^^^^^^
  File "D:\AI Engineering\FastAPI\model AI\.venv\Lib\site-packages\sklearn\metrics\_scorer.py", line 350, in _score
    return self._sign * self._score_func(y_true, y_pred, **scoring_kwargs)
                        ^^^^^^^^^^^^^^^^^^^^^^^^^^^^^^^^^^^^^^^^^^^^^^^^^^
  File "D:\AI Engineering\FastAPI\model AI\.venv\Lib\site-packages\pycaret\internal\metrics.py", line 144, in __call__
    return self.score_func(y_true, y_pred, **kwargs)
           ^^^^^^^^^^^^^^^^^^^^^^^^^^^^^^^^^^^^^^^^^
  File "D:\AI Engineering\FastAPI\model AI\.venv\Lib\site-packages\sklearn\utils\_param_validation.py", line 213, in wrapper
    return func(*args, **kwargs)
           ^^^^^^^^^^^^^^^^^^^^^
  File "D:\AI Engineering\FastAPI\model AI\.venv\Lib\site-packages\sklearn\metrics\_ranking.py", line 634, in roc_auc_score
    return _multiclass_roc_auc_score(
           ^^^^^^^^^^^^^^^^^^^^^^^^^^
  File "D:\AI Engineering\FastAPI\model AI\.venv\Lib\site-packages\sklearn\metrics\_ranking.py", line 707, in _multiclass_roc_auc_score
    raise ValueError(
ValueError: Target scores need to be probabilities for multiclass roc_auc, i.e. they should sum up to 1.0 over classes

  warnings.warn(

2026-10-07 18:06:16,870:WARNING:D:\AI Engineering\FastAPI\model AI\.venv\Lib\site-packages\pycaret\internal\metrics.py:204: FitFailedWarning: Metric 'make_scorer(roc_auc_score, response_method=('decision_function', 'predict_proba'), average=weighted, multi_class=ovr)' failed and error score 0.0 has been returned instead. If this is a custom metric, this usually means that the error is in the metric code. Full exception below:
Traceback (most recent call last):
  File "D:\AI Engineering\FastAPI\model AI\.venv\Lib\site-packages\pycaret\internal\metrics.py", line 196, in _score
    return super()._score(
           ^^^^^^^^^^^^^^^
  File "D:\AI Engineering\FastAPI\model AI\.venv\Lib\site-packages\sklearn\metrics\_scorer.py", line 350, in _score
    return self._sign * self._score_func(y_true, y_pred, **scoring_kwargs)
                        ^^^^^^^^^^^^^^^^^^^^^^^^^^^^^^^^^^^^^^^^^^^^^^^^^^
  File "D:\AI Engineering\FastAPI\model AI\.venv\Lib\site-packages\pycaret\internal\metrics.py", line 144, in __call__
    return self.score_func(y_true, y_pred, **kwargs)
           ^^^^^^^^^^^^^^^^^^^^^^^^^^^^^^^^^^^^^^^^^
  File "D:\AI Engineering\FastAPI\model AI\.venv\Lib\site-packages\sklearn\utils\_param_validation.py", line 213, in wrapper
    return func(*args, **kwargs)
           ^^^^^^^^^^^^^^^^^^^^^
  File "D:\AI Engineering\FastAPI\model AI\.venv\Lib\site-packages\sklearn\metrics\_ranking.py", line 634, in roc_auc_score
    return _multiclass_roc_auc_score(
           ^^^^^^^^^^^^^^^^^^^^^^^^^^
  File "D:\AI Engineering\FastAPI\model AI\.venv\Lib\site-packages\sklearn\metrics\_ranking.py", line 707, in _multiclass_roc_auc_score
    raise ValueError(
ValueError: Target scores need to be probabilities for multiclass roc_auc, i.e. they should sum up to 1.0 over classes

  warnings.warn(

2026-10-07 18:06:16,872:WARNING:D:\AI Engineering\FastAPI\model AI\.venv\Lib\site-packages\pycaret\internal\metrics.py:204: FitFailedWarning: Metric 'make_scorer(roc_auc_score, response_method=('decision_function', 'predict_proba'), average=weighted, multi_class=ovr)' failed and error score 0.0 has been returned instead. If this is a custom metric, this usually means that the error is in the metric code. Full exception below:
Traceback (most recent call last):
  File "D:\AI Engineering\FastAPI\model AI\.venv\Lib\site-packages\pycaret\internal\metrics.py", line 196, in _score
    return super()._score(
           ^^^^^^^^^^^^^^^
  File "D:\AI Engineering\FastAPI\model AI\.venv\Lib\site-packages\sklearn\metrics\_scorer.py", line 350, in _score
    return self._sign * self._score_func(y_true, y_pred, **scoring_kwargs)
                        ^^^^^^^^^^^^^^^^^^^^^^^^^^^^^^^^^^^^^^^^^^^^^^^^^^
  File "D:\AI Engineering\FastAPI\model AI\.venv\Lib\site-packages\pycaret\internal\metrics.py", line 144, in __call__
    return self.score_func(y_true, y_pred, **kwargs)
           ^^^^^^^^^^^^^^^^^^^^^^^^^^^^^^^^^^^^^^^^^
  File "D:\AI Engineering\FastAPI\model AI\.venv\Lib\site-packages\sklearn\utils\_param_validation.py", line 213, in wrapper
    return func(*args, **kwargs)
           ^^^^^^^^^^^^^^^^^^^^^
  File "D:\AI Engineering\FastAPI\model AI\.venv\Lib\site-packages\sklearn\metrics\_ranking.py", line 634, in roc_auc_score
    return _multiclass_roc_auc_score(
           ^^^^^^^^^^^^^^^^^^^^^^^^^^
  File "D:\AI Engineering\FastAPI\model AI\.venv\Lib\site-packages\sklearn\metrics\_ranking.py", line 707, in _multiclass_roc_auc_score
    raise ValueError(
ValueError: Target scores need to be probabilities for multiclass roc_auc, i.e. they should sum up to 1.0 over classes

  warnings.warn(

2026-10-07 18:06:16,873:WARNING:D:\AI Engineering\FastAPI\model AI\.venv\Lib\site-packages\pycaret\internal\metrics.py:204: FitFailedWarning: Metric 'make_scorer(roc_auc_score, response_method=('decision_function', 'predict_proba'), average=weighted, multi_class=ovr)' failed and error score 0.0 has been returned instead. If this is a custom metric, this usually means that the error is in the metric code. Full exception below:
Traceback (most recent call last):
  File "D:\AI Engineering\FastAPI\model AI\.venv\Lib\site-packages\pycaret\internal\metrics.py", line 196, in _score
    return super()._score(
           ^^^^^^^^^^^^^^^
  File "D:\AI Engineering\FastAPI\model AI\.venv\Lib\site-packages\sklearn\metrics\_scorer.py", line 350, in _score
    return self._sign * self._score_func(y_true, y_pred, **scoring_kwargs)
                        ^^^^^^^^^^^^^^^^^^^^^^^^^^^^^^^^^^^^^^^^^^^^^^^^^^
  File "D:\AI Engineering\FastAPI\model AI\.venv\Lib\site-packages\pycaret\internal\metrics.py", line 144, in __call__
    return self.score_func(y_true, y_pred, **kwargs)
           ^^^^^^^^^^^^^^^^^^^^^^^^^^^^^^^^^^^^^^^^^
  File "D:\AI Engineering\FastAPI\model AI\.venv\Lib\site-packages\sklearn\utils\_param_validation.py", line 213, in wrapper
    return func(*args, **kwargs)
           ^^^^^^^^^^^^^^^^^^^^^
  File "D:\AI Engineering\FastAPI\model AI\.venv\Lib\site-packages\sklearn\metrics\_ranking.py", line 634, in roc_auc_score
    return _multiclass_roc_auc_score(
           ^^^^^^^^^^^^^^^^^^^^^^^^^^
  File "D:\AI Engineering\FastAPI\model AI\.venv\Lib\site-packages\sklearn\metrics\_ranking.py", line 707, in _multiclass_roc_auc_score
    raise ValueError(
ValueError: Target scores need to be probabilities for multiclass roc_auc, i.e. they should sum up to 1.0 over classes

  warnings.warn(

2026-10-07 18:06:16,879:WARNING:D:\AI Engineering\FastAPI\model AI\.venv\Lib\site-packages\pycaret\internal\metrics.py:204: FitFailedWarning: Metric 'make_scorer(roc_auc_score, response_method=('decision_function', 'predict_proba'), average=weighted, multi_class=ovr)' failed and error score 0.0 has been returned instead. If this is a custom metric, this usually means that the error is in the metric code. Full exception below:
Traceback (most recent call last):
  File "D:\AI Engineering\FastAPI\model AI\.venv\Lib\site-packages\pycaret\internal\metrics.py", line 196, in _score
    return super()._score(
           ^^^^^^^^^^^^^^^
  File "D:\AI Engineering\FastAPI\model AI\.venv\Lib\site-packages\sklearn\metrics\_scorer.py", line 350, in _score
    return self._sign * self._score_func(y_true, y_pred, **scoring_kwargs)
                        ^^^^^^^^^^^^^^^^^^^^^^^^^^^^^^^^^^^^^^^^^^^^^^^^^^
  File "D:\AI Engineering\FastAPI\model AI\.venv\Lib\site-packages\pycaret\internal\metrics.py", line 144, in __call__
    return self.score_func(y_true, y_pred, **kwargs)
           ^^^^^^^^^^^^^^^^^^^^^^^^^^^^^^^^^^^^^^^^^
  File "D:\AI Engineering\FastAPI\model AI\.venv\Lib\site-packages\sklearn\utils\_param_validation.py", line 213, in wrapper
    return func(*args, **kwargs)
           ^^^^^^^^^^^^^^^^^^^^^
  File "D:\AI Engineering\FastAPI\model AI\.venv\Lib\site-packages\sklearn\metrics\_ranking.py", line 634, in roc_auc_score
    return _multiclass_roc_auc_score(
           ^^^^^^^^^^^^^^^^^^^^^^^^^^
  File "D:\AI Engineering\FastAPI\model AI\.venv\Lib\site-packages\sklearn\metrics\_ranking.py", line 707, in _multiclass_roc_auc_score
    raise ValueError(
ValueError: Target scores need to be probabilities for multiclass roc_auc, i.e. they should sum up to 1.0 over classes

  warnings.warn(

2026-10-07 18:06:16,884:WARNING:D:\AI Engineering\FastAPI\model AI\.venv\Lib\site-packages\sklearn\metrics\_classification.py:1509: UndefinedMetricWarning: Precision is ill-defined and being set to 0.0 in labels with no predicted samples. Use `zero_division` parameter to control this behavior.
  _warn_prf(average, modifier, f"{metric.capitalize()} is", len(result))

2026-10-07 18:06:16,903:INFO:Calculating mean and std
2026-10-07 18:06:16,904:INFO:Creating metrics dataframe
2026-10-07 18:06:16,908:INFO:Uploading results into container
2026-10-07 18:06:16,908:INFO:Uploading model into container now
2026-10-07 18:06:16,909:INFO:_master_model_container: 8
2026-10-07 18:06:16,909:INFO:_display_container: 2
2026-10-07 18:06:16,909:INFO:QuadraticDiscriminantAnalysis(priors=None, reg_param=0.0,
                              store_covariance=False, tol=0.0001)
2026-10-07 18:06:16,909:INFO:create_model() successfully completed......................................
2026-10-07 18:06:17,020:INFO:SubProcess create_model() end ==================================
2026-10-07 18:06:17,020:INFO:Creating metrics dataframe
2026-10-07 18:06:17,024:INFO:Initializing Ada Boost Classifier
2026-10-07 18:06:17,024:INFO:Total runtime is 0.43069619735081993 minutes
2026-10-07 18:06:17,024:INFO:SubProcess create_model() called ==================================
2026-10-07 18:06:17,024:INFO:Initializing create_model()
2026-10-07 18:06:17,025:INFO:create_model(self=<pycaret.classification.oop.ClassificationExperiment object at 0x000002998C7C3390>, estimator=ada, fold=StratifiedKFold(n_splits=10, random_state=None, shuffle=False), round=4, cross_validation=True, predict=True, fit_kwargs={}, groups=None, refit=False, probability_threshold=None, experiment_custom_tags=None, verbose=False, system=False, add_to_model_list=True, metrics=None, display=<pycaret.internal.display.display.CommonDisplay object at 0x000002998E063B10>, model_only=True, return_train_score=False, error_score=0.0, kwargs={})
2026-10-07 18:06:17,025:INFO:Checking exceptions
2026-10-07 18:06:17,025:INFO:Importing libraries
2026-10-07 18:06:17,025:INFO:Copying training dataset
2026-10-07 18:06:17,033:INFO:Defining folds
2026-10-07 18:06:17,033:INFO:Declaring metric variables
2026-10-07 18:06:17,033:INFO:Importing untrained model
2026-10-07 18:06:17,034:INFO:Ada Boost Classifier Imported successfully
2026-10-07 18:06:17,034:INFO:Starting cross validation
2026-10-07 18:06:17,038:INFO:Cross validating with StratifiedKFold(n_splits=10, random_state=None, shuffle=False), n_jobs=-1
2026-10-07 18:06:17,273:WARNING:D:\AI Engineering\FastAPI\model AI\.venv\Lib\site-packages\sklearn\ensemble\_weight_boosting.py:519: FutureWarning: The SAMME.R algorithm (the default) is deprecated and will be removed in 1.6. Use the SAMME algorithm to circumvent this warning.
  warnings.warn(

2026-10-07 18:06:17,278:WARNING:D:\AI Engineering\FastAPI\model AI\.venv\Lib\site-packages\sklearn\ensemble\_weight_boosting.py:519: FutureWarning: The SAMME.R algorithm (the default) is deprecated and will be removed in 1.6. Use the SAMME algorithm to circumvent this warning.
  warnings.warn(

2026-10-07 18:06:17,288:WARNING:D:\AI Engineering\FastAPI\model AI\.venv\Lib\site-packages\sklearn\ensemble\_weight_boosting.py:519: FutureWarning: The SAMME.R algorithm (the default) is deprecated and will be removed in 1.6. Use the SAMME algorithm to circumvent this warning.
  warnings.warn(

2026-10-07 18:06:17,290:WARNING:D:\AI Engineering\FastAPI\model AI\.venv\Lib\site-packages\sklearn\ensemble\_weight_boosting.py:519: FutureWarning: The SAMME.R algorithm (the default) is deprecated and will be removed in 1.6. Use the SAMME algorithm to circumvent this warning.
  warnings.warn(

2026-10-07 18:06:17,292:WARNING:D:\AI Engineering\FastAPI\model AI\.venv\Lib\site-packages\sklearn\ensemble\_weight_boosting.py:519: FutureWarning: The SAMME.R algorithm (the default) is deprecated and will be removed in 1.6. Use the SAMME algorithm to circumvent this warning.
  warnings.warn(

2026-10-07 18:06:17,292:WARNING:D:\AI Engineering\FastAPI\model AI\.venv\Lib\site-packages\sklearn\ensemble\_weight_boosting.py:519: FutureWarning: The SAMME.R algorithm (the default) is deprecated and will be removed in 1.6. Use the SAMME algorithm to circumvent this warning.
  warnings.warn(

2026-10-07 18:06:17,294:WARNING:D:\AI Engineering\FastAPI\model AI\.venv\Lib\site-packages\sklearn\ensemble\_weight_boosting.py:519: FutureWarning: The SAMME.R algorithm (the default) is deprecated and will be removed in 1.6. Use the SAMME algorithm to circumvent this warning.
  warnings.warn(

2026-10-07 18:06:17,302:WARNING:D:\AI Engineering\FastAPI\model AI\.venv\Lib\site-packages\sklearn\ensemble\_weight_boosting.py:519: FutureWarning: The SAMME.R algorithm (the default) is deprecated and will be removed in 1.6. Use the SAMME algorithm to circumvent this warning.
  warnings.warn(

2026-10-07 18:06:17,303:WARNING:D:\AI Engineering\FastAPI\model AI\.venv\Lib\site-packages\sklearn\ensemble\_weight_boosting.py:519: FutureWarning: The SAMME.R algorithm (the default) is deprecated and will be removed in 1.6. Use the SAMME algorithm to circumvent this warning.
  warnings.warn(

2026-10-07 18:06:17,320:WARNING:D:\AI Engineering\FastAPI\model AI\.venv\Lib\site-packages\sklearn\ensemble\_weight_boosting.py:519: FutureWarning: The SAMME.R algorithm (the default) is deprecated and will be removed in 1.6. Use the SAMME algorithm to circumvent this warning.
  warnings.warn(

2026-10-07 18:06:17,623:WARNING:D:\AI Engineering\FastAPI\model AI\.venv\Lib\site-packages\pycaret\internal\metrics.py:204: FitFailedWarning: Metric 'make_scorer(roc_auc_score, response_method=('decision_function', 'predict_proba'), average=weighted, multi_class=ovr)' failed and error score 0.0 has been returned instead. If this is a custom metric, this usually means that the error is in the metric code. Full exception below:
Traceback (most recent call last):
  File "D:\AI Engineering\FastAPI\model AI\.venv\Lib\site-packages\pycaret\internal\metrics.py", line 196, in _score
    return super()._score(
           ^^^^^^^^^^^^^^^
  File "D:\AI Engineering\FastAPI\model AI\.venv\Lib\site-packages\sklearn\metrics\_scorer.py", line 350, in _score
    return self._sign * self._score_func(y_true, y_pred, **scoring_kwargs)
                        ^^^^^^^^^^^^^^^^^^^^^^^^^^^^^^^^^^^^^^^^^^^^^^^^^^
  File "D:\AI Engineering\FastAPI\model AI\.venv\Lib\site-packages\pycaret\internal\metrics.py", line 144, in __call__
    return self.score_func(y_true, y_pred, **kwargs)
           ^^^^^^^^^^^^^^^^^^^^^^^^^^^^^^^^^^^^^^^^^
  File "D:\AI Engineering\FastAPI\model AI\.venv\Lib\site-packages\sklearn\utils\_param_validation.py", line 213, in wrapper
    return func(*args, **kwargs)
           ^^^^^^^^^^^^^^^^^^^^^
  File "D:\AI Engineering\FastAPI\model AI\.venv\Lib\site-packages\sklearn\metrics\_ranking.py", line 634, in roc_auc_score
    return _multiclass_roc_auc_score(
           ^^^^^^^^^^^^^^^^^^^^^^^^^^
  File "D:\AI Engineering\FastAPI\model AI\.venv\Lib\site-packages\sklearn\metrics\_ranking.py", line 707, in _multiclass_roc_auc_score
    raise ValueError(
ValueError: Target scores need to be probabilities for multiclass roc_auc, i.e. they should sum up to 1.0 over classes

  warnings.warn(

2026-10-07 18:06:17,633:WARNING:D:\AI Engineering\FastAPI\model AI\.venv\Lib\site-packages\pycaret\internal\metrics.py:204: FitFailedWarning: Metric 'make_scorer(roc_auc_score, response_method=('decision_function', 'predict_proba'), average=weighted, multi_class=ovr)' failed and error score 0.0 has been returned instead. If this is a custom metric, this usually means that the error is in the metric code. Full exception below:
Traceback (most recent call last):
  File "D:\AI Engineering\FastAPI\model AI\.venv\Lib\site-packages\pycaret\internal\metrics.py", line 196, in _score
    return super()._score(
           ^^^^^^^^^^^^^^^
  File "D:\AI Engineering\FastAPI\model AI\.venv\Lib\site-packages\sklearn\metrics\_scorer.py", line 350, in _score
    return self._sign * self._score_func(y_true, y_pred, **scoring_kwargs)
                        ^^^^^^^^^^^^^^^^^^^^^^^^^^^^^^^^^^^^^^^^^^^^^^^^^^
  File "D:\AI Engineering\FastAPI\model AI\.venv\Lib\site-packages\pycaret\internal\metrics.py", line 144, in __call__
    return self.score_func(y_true, y_pred, **kwargs)
           ^^^^^^^^^^^^^^^^^^^^^^^^^^^^^^^^^^^^^^^^^
  File "D:\AI Engineering\FastAPI\model AI\.venv\Lib\site-packages\sklearn\utils\_param_validation.py", line 213, in wrapper
    return func(*args, **kwargs)
           ^^^^^^^^^^^^^^^^^^^^^
  File "D:\AI Engineering\FastAPI\model AI\.venv\Lib\site-packages\sklearn\metrics\_ranking.py", line 634, in roc_auc_score
    return _multiclass_roc_auc_score(
           ^^^^^^^^^^^^^^^^^^^^^^^^^^
  File "D:\AI Engineering\FastAPI\model AI\.venv\Lib\site-packages\sklearn\metrics\_ranking.py", line 707, in _multiclass_roc_auc_score
    raise ValueError(
ValueError: Target scores need to be probabilities for multiclass roc_auc, i.e. they should sum up to 1.0 over classes

  warnings.warn(

2026-10-07 18:06:17,662:WARNING:D:\AI Engineering\FastAPI\model AI\.venv\Lib\site-packages\pycaret\internal\metrics.py:204: FitFailedWarning: Metric 'make_scorer(roc_auc_score, response_method=('decision_function', 'predict_proba'), average=weighted, multi_class=ovr)' failed and error score 0.0 has been returned instead. If this is a custom metric, this usually means that the error is in the metric code. Full exception below:
Traceback (most recent call last):
  File "D:\AI Engineering\FastAPI\model AI\.venv\Lib\site-packages\pycaret\internal\metrics.py", line 196, in _score
    return super()._score(
           ^^^^^^^^^^^^^^^
  File "D:\AI Engineering\FastAPI\model AI\.venv\Lib\site-packages\sklearn\metrics\_scorer.py", line 350, in _score
    return self._sign * self._score_func(y_true, y_pred, **scoring_kwargs)
                        ^^^^^^^^^^^^^^^^^^^^^^^^^^^^^^^^^^^^^^^^^^^^^^^^^^
  File "D:\AI Engineering\FastAPI\model AI\.venv\Lib\site-packages\pycaret\internal\metrics.py", line 144, in __call__
    return self.score_func(y_true, y_pred, **kwargs)
           ^^^^^^^^^^^^^^^^^^^^^^^^^^^^^^^^^^^^^^^^^
  File "D:\AI Engineering\FastAPI\model AI\.venv\Lib\site-packages\sklearn\utils\_param_validation.py", line 213, in wrapper
    return func(*args, **kwargs)
           ^^^^^^^^^^^^^^^^^^^^^
  File "D:\AI Engineering\FastAPI\model AI\.venv\Lib\site-packages\sklearn\metrics\_ranking.py", line 634, in roc_auc_score
    return _multiclass_roc_auc_score(
           ^^^^^^^^^^^^^^^^^^^^^^^^^^
  File "D:\AI Engineering\FastAPI\model AI\.venv\Lib\site-packages\sklearn\metrics\_ranking.py", line 707, in _multiclass_roc_auc_score
    raise ValueError(
ValueError: Target scores need to be probabilities for multiclass roc_auc, i.e. they should sum up to 1.0 over classes

  warnings.warn(

2026-10-07 18:06:17,662:WARNING:D:\AI Engineering\FastAPI\model AI\.venv\Lib\site-packages\pycaret\internal\metrics.py:204: FitFailedWarning: Metric 'make_scorer(roc_auc_score, response_method=('decision_function', 'predict_proba'), average=weighted, multi_class=ovr)' failed and error score 0.0 has been returned instead. If this is a custom metric, this usually means that the error is in the metric code. Full exception below:
Traceback (most recent call last):
  File "D:\AI Engineering\FastAPI\model AI\.venv\Lib\site-packages\pycaret\internal\metrics.py", line 196, in _score
    return super()._score(
           ^^^^^^^^^^^^^^^
  File "D:\AI Engineering\FastAPI\model AI\.venv\Lib\site-packages\sklearn\metrics\_scorer.py", line 350, in _score
    return self._sign * self._score_func(y_true, y_pred, **scoring_kwargs)
                        ^^^^^^^^^^^^^^^^^^^^^^^^^^^^^^^^^^^^^^^^^^^^^^^^^^
  File "D:\AI Engineering\FastAPI\model AI\.venv\Lib\site-packages\pycaret\internal\metrics.py", line 144, in __call__
    return self.score_func(y_true, y_pred, **kwargs)
           ^^^^^^^^^^^^^^^^^^^^^^^^^^^^^^^^^^^^^^^^^
  File "D:\AI Engineering\FastAPI\model AI\.venv\Lib\site-packages\sklearn\utils\_param_validation.py", line 213, in wrapper
    return func(*args, **kwargs)
           ^^^^^^^^^^^^^^^^^^^^^
  File "D:\AI Engineering\FastAPI\model AI\.venv\Lib\site-packages\sklearn\metrics\_ranking.py", line 634, in roc_auc_score
    return _multiclass_roc_auc_score(
           ^^^^^^^^^^^^^^^^^^^^^^^^^^
  File "D:\AI Engineering\FastAPI\model AI\.venv\Lib\site-packages\sklearn\metrics\_ranking.py", line 707, in _multiclass_roc_auc_score
    raise ValueError(
ValueError: Target scores need to be probabilities for multiclass roc_auc, i.e. they should sum up to 1.0 over classes

  warnings.warn(

2026-10-07 18:06:17,664:WARNING:D:\AI Engineering\FastAPI\model AI\.venv\Lib\site-packages\pycaret\internal\metrics.py:204: FitFailedWarning: Metric 'make_scorer(roc_auc_score, response_method=('decision_function', 'predict_proba'), average=weighted, multi_class=ovr)' failed and error score 0.0 has been returned instead. If this is a custom metric, this usually means that the error is in the metric code. Full exception below:
Traceback (most recent call last):
  File "D:\AI Engineering\FastAPI\model AI\.venv\Lib\site-packages\pycaret\internal\metrics.py", line 196, in _score
    return super()._score(
           ^^^^^^^^^^^^^^^
  File "D:\AI Engineering\FastAPI\model AI\.venv\Lib\site-packages\sklearn\metrics\_scorer.py", line 350, in _score
    return self._sign * self._score_func(y_true, y_pred, **scoring_kwargs)
                        ^^^^^^^^^^^^^^^^^^^^^^^^^^^^^^^^^^^^^^^^^^^^^^^^^^
  File "D:\AI Engineering\FastAPI\model AI\.venv\Lib\site-packages\pycaret\internal\metrics.py", line 144, in __call__
    return self.score_func(y_true, y_pred, **kwargs)
           ^^^^^^^^^^^^^^^^^^^^^^^^^^^^^^^^^^^^^^^^^
  File "D:\AI Engineering\FastAPI\model AI\.venv\Lib\site-packages\sklearn\utils\_param_validation.py", line 213, in wrapper
    return func(*args, **kwargs)
           ^^^^^^^^^^^^^^^^^^^^^
  File "D:\AI Engineering\FastAPI\model AI\.venv\Lib\site-packages\sklearn\metrics\_ranking.py", line 634, in roc_auc_score
    return _multiclass_roc_auc_score(
           ^^^^^^^^^^^^^^^^^^^^^^^^^^
  File "D:\AI Engineering\FastAPI\model AI\.venv\Lib\site-packages\sklearn\metrics\_ranking.py", line 707, in _multiclass_roc_auc_score
    raise ValueError(
ValueError: Target scores need to be probabilities for multiclass roc_auc, i.e. they should sum up to 1.0 over classes

  warnings.warn(

2026-10-07 18:06:17,682:WARNING:D:\AI Engineering\FastAPI\model AI\.venv\Lib\site-packages\pycaret\internal\metrics.py:204: FitFailedWarning: Metric 'make_scorer(roc_auc_score, response_method=('decision_function', 'predict_proba'), average=weighted, multi_class=ovr)' failed and error score 0.0 has been returned instead. If this is a custom metric, this usually means that the error is in the metric code. Full exception below:
Traceback (most recent call last):
  File "D:\AI Engineering\FastAPI\model AI\.venv\Lib\site-packages\pycaret\internal\metrics.py", line 196, in _score
    return super()._score(
           ^^^^^^^^^^^^^^^
  File "D:\AI Engineering\FastAPI\model AI\.venv\Lib\site-packages\sklearn\metrics\_scorer.py", line 350, in _score
    return self._sign * self._score_func(y_true, y_pred, **scoring_kwargs)
                        ^^^^^^^^^^^^^^^^^^^^^^^^^^^^^^^^^^^^^^^^^^^^^^^^^^
  File "D:\AI Engineering\FastAPI\model AI\.venv\Lib\site-packages\pycaret\internal\metrics.py", line 144, in __call__
    return self.score_func(y_true, y_pred, **kwargs)
           ^^^^^^^^^^^^^^^^^^^^^^^^^^^^^^^^^^^^^^^^^
  File "D:\AI Engineering\FastAPI\model AI\.venv\Lib\site-packages\sklearn\utils\_param_validation.py", line 213, in wrapper
    return func(*args, **kwargs)
           ^^^^^^^^^^^^^^^^^^^^^
  File "D:\AI Engineering\FastAPI\model AI\.venv\Lib\site-packages\sklearn\metrics\_ranking.py", line 634, in roc_auc_score
    return _multiclass_roc_auc_score(
           ^^^^^^^^^^^^^^^^^^^^^^^^^^
  File "D:\AI Engineering\FastAPI\model AI\.venv\Lib\site-packages\sklearn\metrics\_ranking.py", line 707, in _multiclass_roc_auc_score
    raise ValueError(
ValueError: Target scores need to be probabilities for multiclass roc_auc, i.e. they should sum up to 1.0 over classes

  warnings.warn(

2026-10-07 18:06:17,702:WARNING:D:\AI Engineering\FastAPI\model AI\.venv\Lib\site-packages\pycaret\internal\metrics.py:204: FitFailedWarning: Metric 'make_scorer(roc_auc_score, response_method=('decision_function', 'predict_proba'), average=weighted, multi_class=ovr)' failed and error score 0.0 has been returned instead. If this is a custom metric, this usually means that the error is in the metric code. Full exception below:
Traceback (most recent call last):
  File "D:\AI Engineering\FastAPI\model AI\.venv\Lib\site-packages\pycaret\internal\metrics.py", line 196, in _score
    return super()._score(
           ^^^^^^^^^^^^^^^
  File "D:\AI Engineering\FastAPI\model AI\.venv\Lib\site-packages\sklearn\metrics\_scorer.py", line 350, in _score
    return self._sign * self._score_func(y_true, y_pred, **scoring_kwargs)
                        ^^^^^^^^^^^^^^^^^^^^^^^^^^^^^^^^^^^^^^^^^^^^^^^^^^
  File "D:\AI Engineering\FastAPI\model AI\.venv\Lib\site-packages\pycaret\internal\metrics.py", line 144, in __call__
    return self.score_func(y_true, y_pred, **kwargs)
           ^^^^^^^^^^^^^^^^^^^^^^^^^^^^^^^^^^^^^^^^^
  File "D:\AI Engineering\FastAPI\model AI\.venv\Lib\site-packages\sklearn\utils\_param_validation.py", line 213, in wrapper
    return func(*args, **kwargs)
           ^^^^^^^^^^^^^^^^^^^^^
  File "D:\AI Engineering\FastAPI\model AI\.venv\Lib\site-packages\sklearn\metrics\_ranking.py", line 634, in roc_auc_score
    return _multiclass_roc_auc_score(
           ^^^^^^^^^^^^^^^^^^^^^^^^^^
  File "D:\AI Engineering\FastAPI\model AI\.venv\Lib\site-packages\sklearn\metrics\_ranking.py", line 707, in _multiclass_roc_auc_score
    raise ValueError(
ValueError: Target scores need to be probabilities for multiclass roc_auc, i.e. they should sum up to 1.0 over classes

  warnings.warn(

2026-10-07 18:06:17,702:WARNING:D:\AI Engineering\FastAPI\model AI\.venv\Lib\site-packages\pycaret\internal\metrics.py:204: FitFailedWarning: Metric 'make_scorer(roc_auc_score, response_method=('decision_function', 'predict_proba'), average=weighted, multi_class=ovr)' failed and error score 0.0 has been returned instead. If this is a custom metric, this usually means that the error is in the metric code. Full exception below:
Traceback (most recent call last):
  File "D:\AI Engineering\FastAPI\model AI\.venv\Lib\site-packages\pycaret\internal\metrics.py", line 196, in _score
    return super()._score(
           ^^^^^^^^^^^^^^^
  File "D:\AI Engineering\FastAPI\model AI\.venv\Lib\site-packages\sklearn\metrics\_scorer.py", line 350, in _score
    return self._sign * self._score_func(y_true, y_pred, **scoring_kwargs)
                        ^^^^^^^^^^^^^^^^^^^^^^^^^^^^^^^^^^^^^^^^^^^^^^^^^^
  File "D:\AI Engineering\FastAPI\model AI\.venv\Lib\site-packages\pycaret\internal\metrics.py", line 144, in __call__
    return self.score_func(y_true, y_pred, **kwargs)
           ^^^^^^^^^^^^^^^^^^^^^^^^^^^^^^^^^^^^^^^^^
  File "D:\AI Engineering\FastAPI\model AI\.venv\Lib\site-packages\sklearn\utils\_param_validation.py", line 213, in wrapper
    return func(*args, **kwargs)
           ^^^^^^^^^^^^^^^^^^^^^
  File "D:\AI Engineering\FastAPI\model AI\.venv\Lib\site-packages\sklearn\metrics\_ranking.py", line 634, in roc_auc_score
    return _multiclass_roc_auc_score(
           ^^^^^^^^^^^^^^^^^^^^^^^^^^
  File "D:\AI Engineering\FastAPI\model AI\.venv\Lib\site-packages\sklearn\metrics\_ranking.py", line 707, in _multiclass_roc_auc_score
    raise ValueError(
ValueError: Target scores need to be probabilities for multiclass roc_auc, i.e. they should sum up to 1.0 over classes

  warnings.warn(

2026-10-07 18:06:17,705:WARNING:D:\AI Engineering\FastAPI\model AI\.venv\Lib\site-packages\pycaret\internal\metrics.py:204: FitFailedWarning: Metric 'make_scorer(roc_auc_score, response_method=('decision_function', 'predict_proba'), average=weighted, multi_class=ovr)' failed and error score 0.0 has been returned instead. If this is a custom metric, this usually means that the error is in the metric code. Full exception below:
Traceback (most recent call last):
  File "D:\AI Engineering\FastAPI\model AI\.venv\Lib\site-packages\pycaret\internal\metrics.py", line 196, in _score
    return super()._score(
           ^^^^^^^^^^^^^^^
  File "D:\AI Engineering\FastAPI\model AI\.venv\Lib\site-packages\sklearn\metrics\_scorer.py", line 350, in _score
    return self._sign * self._score_func(y_true, y_pred, **scoring_kwargs)
                        ^^^^^^^^^^^^^^^^^^^^^^^^^^^^^^^^^^^^^^^^^^^^^^^^^^
  File "D:\AI Engineering\FastAPI\model AI\.venv\Lib\site-packages\pycaret\internal\metrics.py", line 144, in __call__
    return self.score_func(y_true, y_pred, **kwargs)
           ^^^^^^^^^^^^^^^^^^^^^^^^^^^^^^^^^^^^^^^^^
  File "D:\AI Engineering\FastAPI\model AI\.venv\Lib\site-packages\sklearn\utils\_param_validation.py", line 213, in wrapper
    return func(*args, **kwargs)
           ^^^^^^^^^^^^^^^^^^^^^
  File "D:\AI Engineering\FastAPI\model AI\.venv\Lib\site-packages\sklearn\metrics\_ranking.py", line 634, in roc_auc_score
    return _multiclass_roc_auc_score(
           ^^^^^^^^^^^^^^^^^^^^^^^^^^
  File "D:\AI Engineering\FastAPI\model AI\.venv\Lib\site-packages\sklearn\metrics\_ranking.py", line 707, in _multiclass_roc_auc_score
    raise ValueError(
ValueError: Target scores need to be probabilities for multiclass roc_auc, i.e. they should sum up to 1.0 over classes

  warnings.warn(

2026-10-07 18:06:17,706:WARNING:D:\AI Engineering\FastAPI\model AI\.venv\Lib\site-packages\pycaret\internal\metrics.py:204: FitFailedWarning: Metric 'make_scorer(roc_auc_score, response_method=('decision_function', 'predict_proba'), average=weighted, multi_class=ovr)' failed and error score 0.0 has been returned instead. If this is a custom metric, this usually means that the error is in the metric code. Full exception below:
Traceback (most recent call last):
  File "D:\AI Engineering\FastAPI\model AI\.venv\Lib\site-packages\pycaret\internal\metrics.py", line 196, in _score
    return super()._score(
           ^^^^^^^^^^^^^^^
  File "D:\AI Engineering\FastAPI\model AI\.venv\Lib\site-packages\sklearn\metrics\_scorer.py", line 350, in _score
    return self._sign * self._score_func(y_true, y_pred, **scoring_kwargs)
                        ^^^^^^^^^^^^^^^^^^^^^^^^^^^^^^^^^^^^^^^^^^^^^^^^^^
  File "D:\AI Engineering\FastAPI\model AI\.venv\Lib\site-packages\pycaret\internal\metrics.py", line 144, in __call__
    return self.score_func(y_true, y_pred, **kwargs)
           ^^^^^^^^^^^^^^^^^^^^^^^^^^^^^^^^^^^^^^^^^
  File "D:\AI Engineering\FastAPI\model AI\.venv\Lib\site-packages\sklearn\utils\_param_validation.py", line 213, in wrapper
    return func(*args, **kwargs)
           ^^^^^^^^^^^^^^^^^^^^^
  File "D:\AI Engineering\FastAPI\model AI\.venv\Lib\site-packages\sklearn\metrics\_ranking.py", line 634, in roc_auc_score
    return _multiclass_roc_auc_score(
           ^^^^^^^^^^^^^^^^^^^^^^^^^^
  File "D:\AI Engineering\FastAPI\model AI\.venv\Lib\site-packages\sklearn\metrics\_ranking.py", line 707, in _multiclass_roc_auc_score
    raise ValueError(
ValueError: Target scores need to be probabilities for multiclass roc_auc, i.e. they should sum up to 1.0 over classes

  warnings.warn(

2026-10-07 18:06:17,725:INFO:Calculating mean and std
2026-10-07 18:06:17,726:INFO:Creating metrics dataframe
2026-10-07 18:06:17,729:INFO:Uploading results into container
2026-10-07 18:06:17,730:INFO:Uploading model into container now
2026-10-07 18:06:17,731:INFO:_master_model_container: 9
2026-10-07 18:06:17,731:INFO:_display_container: 2
2026-10-07 18:06:17,731:INFO:AdaBoostClassifier(algorithm='SAMME.R', estimator=None, learning_rate=1.0,
                   n_estimators=50, random_state=123)
2026-10-07 18:06:17,731:INFO:create_model() successfully completed......................................
2026-10-07 18:06:17,832:INFO:SubProcess create_model() end ==================================
2026-10-07 18:06:17,833:INFO:Creating metrics dataframe
2026-10-07 18:06:17,842:INFO:Initializing Gradient Boosting Classifier
2026-10-07 18:06:17,843:INFO:Total runtime is 0.44433827797571823 minutes
2026-10-07 18:06:17,843:INFO:SubProcess create_model() called ==================================
2026-10-07 18:06:17,844:INFO:Initializing create_model()
2026-10-07 18:06:17,844:INFO:create_model(self=<pycaret.classification.oop.ClassificationExperiment object at 0x000002998C7C3390>, estimator=gbc, fold=StratifiedKFold(n_splits=10, random_state=None, shuffle=False), round=4, cross_validation=True, predict=True, fit_kwargs={}, groups=None, refit=False, probability_threshold=None, experiment_custom_tags=None, verbose=False, system=False, add_to_model_list=True, metrics=None, display=<pycaret.internal.display.display.CommonDisplay object at 0x000002998E063B10>, model_only=True, return_train_score=False, error_score=0.0, kwargs={})
2026-10-07 18:06:17,844:INFO:Checking exceptions
2026-10-07 18:06:17,845:INFO:Importing libraries
2026-10-07 18:06:17,845:INFO:Copying training dataset
2026-10-07 18:06:17,854:INFO:Defining folds
2026-10-07 18:06:17,854:INFO:Declaring metric variables
2026-10-07 18:06:17,855:INFO:Importing untrained model
2026-10-07 18:06:17,856:INFO:Gradient Boosting Classifier Imported successfully
2026-10-07 18:06:17,856:INFO:Starting cross validation
2026-10-07 18:06:17,859:INFO:Cross validating with StratifiedKFold(n_splits=10, random_state=None, shuffle=False), n_jobs=-1
2026-10-07 18:06:20,824:WARNING:D:\AI Engineering\FastAPI\model AI\.venv\Lib\site-packages\pycaret\internal\metrics.py:204: FitFailedWarning: Metric 'make_scorer(roc_auc_score, response_method=('decision_function', 'predict_proba'), average=weighted, multi_class=ovr)' failed and error score 0.0 has been returned instead. If this is a custom metric, this usually means that the error is in the metric code. Full exception below:
Traceback (most recent call last):
  File "D:\AI Engineering\FastAPI\model AI\.venv\Lib\site-packages\pycaret\internal\metrics.py", line 196, in _score
    return super()._score(
           ^^^^^^^^^^^^^^^
  File "D:\AI Engineering\FastAPI\model AI\.venv\Lib\site-packages\sklearn\metrics\_scorer.py", line 350, in _score
    return self._sign * self._score_func(y_true, y_pred, **scoring_kwargs)
                        ^^^^^^^^^^^^^^^^^^^^^^^^^^^^^^^^^^^^^^^^^^^^^^^^^^
  File "D:\AI Engineering\FastAPI\model AI\.venv\Lib\site-packages\pycaret\internal\metrics.py", line 144, in __call__
    return self.score_func(y_true, y_pred, **kwargs)
           ^^^^^^^^^^^^^^^^^^^^^^^^^^^^^^^^^^^^^^^^^
  File "D:\AI Engineering\FastAPI\model AI\.venv\Lib\site-packages\sklearn\utils\_param_validation.py", line 213, in wrapper
    return func(*args, **kwargs)
           ^^^^^^^^^^^^^^^^^^^^^
  File "D:\AI Engineering\FastAPI\model AI\.venv\Lib\site-packages\sklearn\metrics\_ranking.py", line 634, in roc_auc_score
    return _multiclass_roc_auc_score(
           ^^^^^^^^^^^^^^^^^^^^^^^^^^
  File "D:\AI Engineering\FastAPI\model AI\.venv\Lib\site-packages\sklearn\metrics\_ranking.py", line 707, in _multiclass_roc_auc_score
    raise ValueError(
ValueError: Target scores need to be probabilities for multiclass roc_auc, i.e. they should sum up to 1.0 over classes

  warnings.warn(

2026-10-07 18:06:20,845:WARNING:D:\AI Engineering\FastAPI\model AI\.venv\Lib\site-packages\pycaret\internal\metrics.py:204: FitFailedWarning: Metric 'make_scorer(roc_auc_score, response_method=('decision_function', 'predict_proba'), average=weighted, multi_class=ovr)' failed and error score 0.0 has been returned instead. If this is a custom metric, this usually means that the error is in the metric code. Full exception below:
Traceback (most recent call last):
  File "D:\AI Engineering\FastAPI\model AI\.venv\Lib\site-packages\pycaret\internal\metrics.py", line 196, in _score
    return super()._score(
           ^^^^^^^^^^^^^^^
  File "D:\AI Engineering\FastAPI\model AI\.venv\Lib\site-packages\sklearn\metrics\_scorer.py", line 350, in _score
    return self._sign * self._score_func(y_true, y_pred, **scoring_kwargs)
                        ^^^^^^^^^^^^^^^^^^^^^^^^^^^^^^^^^^^^^^^^^^^^^^^^^^
  File "D:\AI Engineering\FastAPI\model AI\.venv\Lib\site-packages\pycaret\internal\metrics.py", line 144, in __call__
    return self.score_func(y_true, y_pred, **kwargs)
           ^^^^^^^^^^^^^^^^^^^^^^^^^^^^^^^^^^^^^^^^^
  File "D:\AI Engineering\FastAPI\model AI\.venv\Lib\site-packages\sklearn\utils\_param_validation.py", line 213, in wrapper
    return func(*args, **kwargs)
           ^^^^^^^^^^^^^^^^^^^^^
  File "D:\AI Engineering\FastAPI\model AI\.venv\Lib\site-packages\sklearn\metrics\_ranking.py", line 634, in roc_auc_score
    return _multiclass_roc_auc_score(
           ^^^^^^^^^^^^^^^^^^^^^^^^^^
  File "D:\AI Engineering\FastAPI\model AI\.venv\Lib\site-packages\sklearn\metrics\_ranking.py", line 707, in _multiclass_roc_auc_score
    raise ValueError(
ValueError: Target scores need to be probabilities for multiclass roc_auc, i.e. they should sum up to 1.0 over classes

  warnings.warn(

2026-10-07 18:06:20,919:WARNING:D:\AI Engineering\FastAPI\model AI\.venv\Lib\site-packages\pycaret\internal\metrics.py:204: FitFailedWarning: Metric 'make_scorer(roc_auc_score, response_method=('decision_function', 'predict_proba'), average=weighted, multi_class=ovr)' failed and error score 0.0 has been returned instead. If this is a custom metric, this usually means that the error is in the metric code. Full exception below:
Traceback (most recent call last):
  File "D:\AI Engineering\FastAPI\model AI\.venv\Lib\site-packages\pycaret\internal\metrics.py", line 196, in _score
    return super()._score(
           ^^^^^^^^^^^^^^^
  File "D:\AI Engineering\FastAPI\model AI\.venv\Lib\site-packages\sklearn\metrics\_scorer.py", line 350, in _score
    return self._sign * self._score_func(y_true, y_pred, **scoring_kwargs)
                        ^^^^^^^^^^^^^^^^^^^^^^^^^^^^^^^^^^^^^^^^^^^^^^^^^^
  File "D:\AI Engineering\FastAPI\model AI\.venv\Lib\site-packages\pycaret\internal\metrics.py", line 144, in __call__
    return self.score_func(y_true, y_pred, **kwargs)
           ^^^^^^^^^^^^^^^^^^^^^^^^^^^^^^^^^^^^^^^^^
  File "D:\AI Engineering\FastAPI\model AI\.venv\Lib\site-packages\sklearn\utils\_param_validation.py", line 213, in wrapper
    return func(*args, **kwargs)
           ^^^^^^^^^^^^^^^^^^^^^
  File "D:\AI Engineering\FastAPI\model AI\.venv\Lib\site-packages\sklearn\metrics\_ranking.py", line 634, in roc_auc_score
    return _multiclass_roc_auc_score(
           ^^^^^^^^^^^^^^^^^^^^^^^^^^
  File "D:\AI Engineering\FastAPI\model AI\.venv\Lib\site-packages\sklearn\metrics\_ranking.py", line 707, in _multiclass_roc_auc_score
    raise ValueError(
ValueError: Target scores need to be probabilities for multiclass roc_auc, i.e. they should sum up to 1.0 over classes

  warnings.warn(

2026-10-07 18:06:20,931:WARNING:D:\AI Engineering\FastAPI\model AI\.venv\Lib\site-packages\pycaret\internal\metrics.py:204: FitFailedWarning: Metric 'make_scorer(roc_auc_score, response_method=('decision_function', 'predict_proba'), average=weighted, multi_class=ovr)' failed and error score 0.0 has been returned instead. If this is a custom metric, this usually means that the error is in the metric code. Full exception below:
Traceback (most recent call last):
  File "D:\AI Engineering\FastAPI\model AI\.venv\Lib\site-packages\pycaret\internal\metrics.py", line 196, in _score
    return super()._score(
           ^^^^^^^^^^^^^^^
  File "D:\AI Engineering\FastAPI\model AI\.venv\Lib\site-packages\sklearn\metrics\_scorer.py", line 350, in _score
    return self._sign * self._score_func(y_true, y_pred, **scoring_kwargs)
                        ^^^^^^^^^^^^^^^^^^^^^^^^^^^^^^^^^^^^^^^^^^^^^^^^^^
  File "D:\AI Engineering\FastAPI\model AI\.venv\Lib\site-packages\pycaret\internal\metrics.py", line 144, in __call__
    return self.score_func(y_true, y_pred, **kwargs)
           ^^^^^^^^^^^^^^^^^^^^^^^^^^^^^^^^^^^^^^^^^
  File "D:\AI Engineering\FastAPI\model AI\.venv\Lib\site-packages\sklearn\utils\_param_validation.py", line 213, in wrapper
    return func(*args, **kwargs)
           ^^^^^^^^^^^^^^^^^^^^^
  File "D:\AI Engineering\FastAPI\model AI\.venv\Lib\site-packages\sklearn\metrics\_ranking.py", line 634, in roc_auc_score
    return _multiclass_roc_auc_score(
           ^^^^^^^^^^^^^^^^^^^^^^^^^^
  File "D:\AI Engineering\FastAPI\model AI\.venv\Lib\site-packages\sklearn\metrics\_ranking.py", line 707, in _multiclass_roc_auc_score
    raise ValueError(
ValueError: Target scores need to be probabilities for multiclass roc_auc, i.e. they should sum up to 1.0 over classes

  warnings.warn(

2026-10-07 18:06:20,973:WARNING:D:\AI Engineering\FastAPI\model AI\.venv\Lib\site-packages\pycaret\internal\metrics.py:204: FitFailedWarning: Metric 'make_scorer(roc_auc_score, response_method=('decision_function', 'predict_proba'), average=weighted, multi_class=ovr)' failed and error score 0.0 has been returned instead. If this is a custom metric, this usually means that the error is in the metric code. Full exception below:
Traceback (most recent call last):
  File "D:\AI Engineering\FastAPI\model AI\.venv\Lib\site-packages\pycaret\internal\metrics.py", line 196, in _score
    return super()._score(
           ^^^^^^^^^^^^^^^
  File "D:\AI Engineering\FastAPI\model AI\.venv\Lib\site-packages\sklearn\metrics\_scorer.py", line 350, in _score
    return self._sign * self._score_func(y_true, y_pred, **scoring_kwargs)
                        ^^^^^^^^^^^^^^^^^^^^^^^^^^^^^^^^^^^^^^^^^^^^^^^^^^
  File "D:\AI Engineering\FastAPI\model AI\.venv\Lib\site-packages\pycaret\internal\metrics.py", line 144, in __call__
    return self.score_func(y_true, y_pred, **kwargs)
           ^^^^^^^^^^^^^^^^^^^^^^^^^^^^^^^^^^^^^^^^^
  File "D:\AI Engineering\FastAPI\model AI\.venv\Lib\site-packages\sklearn\utils\_param_validation.py", line 213, in wrapper
    return func(*args, **kwargs)
           ^^^^^^^^^^^^^^^^^^^^^
  File "D:\AI Engineering\FastAPI\model AI\.venv\Lib\site-packages\sklearn\metrics\_ranking.py", line 634, in roc_auc_score
    return _multiclass_roc_auc_score(
           ^^^^^^^^^^^^^^^^^^^^^^^^^^
  File "D:\AI Engineering\FastAPI\model AI\.venv\Lib\site-packages\sklearn\metrics\_ranking.py", line 707, in _multiclass_roc_auc_score
    raise ValueError(
ValueError: Target scores need to be probabilities for multiclass roc_auc, i.e. they should sum up to 1.0 over classes

  warnings.warn(

2026-10-07 18:06:21,049:WARNING:D:\AI Engineering\FastAPI\model AI\.venv\Lib\site-packages\pycaret\internal\metrics.py:204: FitFailedWarning: Metric 'make_scorer(roc_auc_score, response_method=('decision_function', 'predict_proba'), average=weighted, multi_class=ovr)' failed and error score 0.0 has been returned instead. If this is a custom metric, this usually means that the error is in the metric code. Full exception below:
Traceback (most recent call last):
  File "D:\AI Engineering\FastAPI\model AI\.venv\Lib\site-packages\pycaret\internal\metrics.py", line 196, in _score
    return super()._score(
           ^^^^^^^^^^^^^^^
  File "D:\AI Engineering\FastAPI\model AI\.venv\Lib\site-packages\sklearn\metrics\_scorer.py", line 350, in _score
    return self._sign * self._score_func(y_true, y_pred, **scoring_kwargs)
                        ^^^^^^^^^^^^^^^^^^^^^^^^^^^^^^^^^^^^^^^^^^^^^^^^^^
  File "D:\AI Engineering\FastAPI\model AI\.venv\Lib\site-packages\pycaret\internal\metrics.py", line 144, in __call__
    return self.score_func(y_true, y_pred, **kwargs)
           ^^^^^^^^^^^^^^^^^^^^^^^^^^^^^^^^^^^^^^^^^
  File "D:\AI Engineering\FastAPI\model AI\.venv\Lib\site-packages\sklearn\utils\_param_validation.py", line 213, in wrapper
    return func(*args, **kwargs)
           ^^^^^^^^^^^^^^^^^^^^^
  File "D:\AI Engineering\FastAPI\model AI\.venv\Lib\site-packages\sklearn\metrics\_ranking.py", line 634, in roc_auc_score
    return _multiclass_roc_auc_score(
           ^^^^^^^^^^^^^^^^^^^^^^^^^^
  File "D:\AI Engineering\FastAPI\model AI\.venv\Lib\site-packages\sklearn\metrics\_ranking.py", line 707, in _multiclass_roc_auc_score
    raise ValueError(
ValueError: Target scores need to be probabilities for multiclass roc_auc, i.e. they should sum up to 1.0 over classes

  warnings.warn(

2026-10-07 18:06:21,066:WARNING:D:\AI Engineering\FastAPI\model AI\.venv\Lib\site-packages\pycaret\internal\metrics.py:204: FitFailedWarning: Metric 'make_scorer(roc_auc_score, response_method=('decision_function', 'predict_proba'), average=weighted, multi_class=ovr)' failed and error score 0.0 has been returned instead. If this is a custom metric, this usually means that the error is in the metric code. Full exception below:
Traceback (most recent call last):
  File "D:\AI Engineering\FastAPI\model AI\.venv\Lib\site-packages\pycaret\internal\metrics.py", line 196, in _score
    return super()._score(
           ^^^^^^^^^^^^^^^
  File "D:\AI Engineering\FastAPI\model AI\.venv\Lib\site-packages\sklearn\metrics\_scorer.py", line 350, in _score
    return self._sign * self._score_func(y_true, y_pred, **scoring_kwargs)
                        ^^^^^^^^^^^^^^^^^^^^^^^^^^^^^^^^^^^^^^^^^^^^^^^^^^
  File "D:\AI Engineering\FastAPI\model AI\.venv\Lib\site-packages\pycaret\internal\metrics.py", line 144, in __call__
    return self.score_func(y_true, y_pred, **kwargs)
           ^^^^^^^^^^^^^^^^^^^^^^^^^^^^^^^^^^^^^^^^^
  File "D:\AI Engineering\FastAPI\model AI\.venv\Lib\site-packages\sklearn\utils\_param_validation.py", line 213, in wrapper
    return func(*args, **kwargs)
           ^^^^^^^^^^^^^^^^^^^^^
  File "D:\AI Engineering\FastAPI\model AI\.venv\Lib\site-packages\sklearn\metrics\_ranking.py", line 634, in roc_auc_score
    return _multiclass_roc_auc_score(
           ^^^^^^^^^^^^^^^^^^^^^^^^^^
  File "D:\AI Engineering\FastAPI\model AI\.venv\Lib\site-packages\sklearn\metrics\_ranking.py", line 707, in _multiclass_roc_auc_score
    raise ValueError(
ValueError: Target scores need to be probabilities for multiclass roc_auc, i.e. they should sum up to 1.0 over classes

  warnings.warn(

2026-10-07 18:06:21,106:WARNING:D:\AI Engineering\FastAPI\model AI\.venv\Lib\site-packages\pycaret\internal\metrics.py:204: FitFailedWarning: Metric 'make_scorer(roc_auc_score, response_method=('decision_function', 'predict_proba'), average=weighted, multi_class=ovr)' failed and error score 0.0 has been returned instead. If this is a custom metric, this usually means that the error is in the metric code. Full exception below:
Traceback (most recent call last):
  File "D:\AI Engineering\FastAPI\model AI\.venv\Lib\site-packages\pycaret\internal\metrics.py", line 196, in _score
    return super()._score(
           ^^^^^^^^^^^^^^^
  File "D:\AI Engineering\FastAPI\model AI\.venv\Lib\site-packages\sklearn\metrics\_scorer.py", line 350, in _score
    return self._sign * self._score_func(y_true, y_pred, **scoring_kwargs)
                        ^^^^^^^^^^^^^^^^^^^^^^^^^^^^^^^^^^^^^^^^^^^^^^^^^^
  File "D:\AI Engineering\FastAPI\model AI\.venv\Lib\site-packages\pycaret\internal\metrics.py", line 144, in __call__
    return self.score_func(y_true, y_pred, **kwargs)
           ^^^^^^^^^^^^^^^^^^^^^^^^^^^^^^^^^^^^^^^^^
  File "D:\AI Engineering\FastAPI\model AI\.venv\Lib\site-packages\sklearn\utils\_param_validation.py", line 213, in wrapper
    return func(*args, **kwargs)
           ^^^^^^^^^^^^^^^^^^^^^
  File "D:\AI Engineering\FastAPI\model AI\.venv\Lib\site-packages\sklearn\metrics\_ranking.py", line 634, in roc_auc_score
    return _multiclass_roc_auc_score(
           ^^^^^^^^^^^^^^^^^^^^^^^^^^
  File "D:\AI Engineering\FastAPI\model AI\.venv\Lib\site-packages\sklearn\metrics\_ranking.py", line 707, in _multiclass_roc_auc_score
    raise ValueError(
ValueError: Target scores need to be probabilities for multiclass roc_auc, i.e. they should sum up to 1.0 over classes

  warnings.warn(

2026-10-07 18:06:21,131:WARNING:D:\AI Engineering\FastAPI\model AI\.venv\Lib\site-packages\pycaret\internal\metrics.py:204: FitFailedWarning: Metric 'make_scorer(roc_auc_score, response_method=('decision_function', 'predict_proba'), average=weighted, multi_class=ovr)' failed and error score 0.0 has been returned instead. If this is a custom metric, this usually means that the error is in the metric code. Full exception below:
Traceback (most recent call last):
  File "D:\AI Engineering\FastAPI\model AI\.venv\Lib\site-packages\pycaret\internal\metrics.py", line 196, in _score
    return super()._score(
           ^^^^^^^^^^^^^^^
  File "D:\AI Engineering\FastAPI\model AI\.venv\Lib\site-packages\sklearn\metrics\_scorer.py", line 350, in _score
    return self._sign * self._score_func(y_true, y_pred, **scoring_kwargs)
                        ^^^^^^^^^^^^^^^^^^^^^^^^^^^^^^^^^^^^^^^^^^^^^^^^^^
  File "D:\AI Engineering\FastAPI\model AI\.venv\Lib\site-packages\pycaret\internal\metrics.py", line 144, in __call__
    return self.score_func(y_true, y_pred, **kwargs)
           ^^^^^^^^^^^^^^^^^^^^^^^^^^^^^^^^^^^^^^^^^
  File "D:\AI Engineering\FastAPI\model AI\.venv\Lib\site-packages\sklearn\utils\_param_validation.py", line 213, in wrapper
    return func(*args, **kwargs)
           ^^^^^^^^^^^^^^^^^^^^^
  File "D:\AI Engineering\FastAPI\model AI\.venv\Lib\site-packages\sklearn\metrics\_ranking.py", line 634, in roc_auc_score
    return _multiclass_roc_auc_score(
           ^^^^^^^^^^^^^^^^^^^^^^^^^^
  File "D:\AI Engineering\FastAPI\model AI\.venv\Lib\site-packages\sklearn\metrics\_ranking.py", line 707, in _multiclass_roc_auc_score
    raise ValueError(
ValueError: Target scores need to be probabilities for multiclass roc_auc, i.e. they should sum up to 1.0 over classes

  warnings.warn(

2026-10-07 18:06:21,231:WARNING:D:\AI Engineering\FastAPI\model AI\.venv\Lib\site-packages\pycaret\internal\metrics.py:204: FitFailedWarning: Metric 'make_scorer(roc_auc_score, response_method=('decision_function', 'predict_proba'), average=weighted, multi_class=ovr)' failed and error score 0.0 has been returned instead. If this is a custom metric, this usually means that the error is in the metric code. Full exception below:
Traceback (most recent call last):
  File "D:\AI Engineering\FastAPI\model AI\.venv\Lib\site-packages\pycaret\internal\metrics.py", line 196, in _score
    return super()._score(
           ^^^^^^^^^^^^^^^
  File "D:\AI Engineering\FastAPI\model AI\.venv\Lib\site-packages\sklearn\metrics\_scorer.py", line 350, in _score
    return self._sign * self._score_func(y_true, y_pred, **scoring_kwargs)
                        ^^^^^^^^^^^^^^^^^^^^^^^^^^^^^^^^^^^^^^^^^^^^^^^^^^
  File "D:\AI Engineering\FastAPI\model AI\.venv\Lib\site-packages\pycaret\internal\metrics.py", line 144, in __call__
    return self.score_func(y_true, y_pred, **kwargs)
           ^^^^^^^^^^^^^^^^^^^^^^^^^^^^^^^^^^^^^^^^^
  File "D:\AI Engineering\FastAPI\model AI\.venv\Lib\site-packages\sklearn\utils\_param_validation.py", line 213, in wrapper
    return func(*args, **kwargs)
           ^^^^^^^^^^^^^^^^^^^^^
  File "D:\AI Engineering\FastAPI\model AI\.venv\Lib\site-packages\sklearn\metrics\_ranking.py", line 634, in roc_auc_score
    return _multiclass_roc_auc_score(
           ^^^^^^^^^^^^^^^^^^^^^^^^^^
  File "D:\AI Engineering\FastAPI\model AI\.venv\Lib\site-packages\sklearn\metrics\_ranking.py", line 707, in _multiclass_roc_auc_score
    raise ValueError(
ValueError: Target scores need to be probabilities for multiclass roc_auc, i.e. they should sum up to 1.0 over classes

  warnings.warn(

2026-10-07 18:06:21,267:INFO:Calculating mean and std
2026-10-07 18:06:21,269:INFO:Creating metrics dataframe
2026-10-07 18:06:21,273:INFO:Uploading results into container
2026-10-07 18:06:21,275:INFO:Uploading model into container now
2026-10-07 18:06:21,276:INFO:_master_model_container: 10
2026-10-07 18:06:21,276:INFO:_display_container: 2
2026-10-07 18:06:21,277:INFO:GradientBoostingClassifier(ccp_alpha=0.0, criterion='friedman_mse', init=None,
                           learning_rate=0.1, loss='log_loss', max_depth=3,
                           max_features=None, max_leaf_nodes=None,
                           min_impurity_decrease=0.0, min_samples_leaf=1,
                           min_samples_split=2, min_weight_fraction_leaf=0.0,
                           n_estimators=100, n_iter_no_change=None,
                           random_state=123, subsample=1.0, tol=0.0001,
                           validation_fraction=0.1, verbose=0,
                           warm_start=False)
2026-10-07 18:06:21,286:INFO:create_model() successfully completed......................................
2026-10-07 18:06:21,424:INFO:SubProcess create_model() end ==================================
2026-10-07 18:06:21,424:INFO:Creating metrics dataframe
2026-10-07 18:06:21,432:INFO:Initializing Linear Discriminant Analysis
2026-10-07 18:06:21,433:INFO:Total runtime is 0.5041820685068766 minutes
2026-10-07 18:06:21,433:INFO:SubProcess create_model() called ==================================
2026-10-07 18:06:21,434:INFO:Initializing create_model()
2026-10-07 18:06:21,434:INFO:create_model(self=<pycaret.classification.oop.ClassificationExperiment object at 0x000002998C7C3390>, estimator=lda, fold=StratifiedKFold(n_splits=10, random_state=None, shuffle=False), round=4, cross_validation=True, predict=True, fit_kwargs={}, groups=None, refit=False, probability_threshold=None, experiment_custom_tags=None, verbose=False, system=False, add_to_model_list=True, metrics=None, display=<pycaret.internal.display.display.CommonDisplay object at 0x000002998E063B10>, model_only=True, return_train_score=False, error_score=0.0, kwargs={})
2026-10-07 18:06:21,434:INFO:Checking exceptions
2026-10-07 18:06:21,435:INFO:Importing libraries
2026-10-07 18:06:21,435:INFO:Copying training dataset
2026-10-07 18:06:21,451:INFO:Defining folds
2026-10-07 18:06:21,451:INFO:Declaring metric variables
2026-10-07 18:06:21,451:INFO:Importing untrained model
2026-10-07 18:06:21,452:INFO:Linear Discriminant Analysis Imported successfully
2026-10-07 18:06:21,452:INFO:Starting cross validation
2026-10-07 18:06:21,457:INFO:Cross validating with StratifiedKFold(n_splits=10, random_state=None, shuffle=False), n_jobs=-1
2026-10-07 18:06:21,875:WARNING:D:\AI Engineering\FastAPI\model AI\.venv\Lib\site-packages\pycaret\internal\metrics.py:204: FitFailedWarning: Metric 'make_scorer(roc_auc_score, response_method=('decision_function', 'predict_proba'), average=weighted, multi_class=ovr)' failed and error score 0.0 has been returned instead. If this is a custom metric, this usually means that the error is in the metric code. Full exception below:
Traceback (most recent call last):
  File "D:\AI Engineering\FastAPI\model AI\.venv\Lib\site-packages\pycaret\internal\metrics.py", line 196, in _score
    return super()._score(
           ^^^^^^^^^^^^^^^
  File "D:\AI Engineering\FastAPI\model AI\.venv\Lib\site-packages\sklearn\metrics\_scorer.py", line 350, in _score
    return self._sign * self._score_func(y_true, y_pred, **scoring_kwargs)
                        ^^^^^^^^^^^^^^^^^^^^^^^^^^^^^^^^^^^^^^^^^^^^^^^^^^
  File "D:\AI Engineering\FastAPI\model AI\.venv\Lib\site-packages\pycaret\internal\metrics.py", line 144, in __call__
    return self.score_func(y_true, y_pred, **kwargs)
           ^^^^^^^^^^^^^^^^^^^^^^^^^^^^^^^^^^^^^^^^^
  File "D:\AI Engineering\FastAPI\model AI\.venv\Lib\site-packages\sklearn\utils\_param_validation.py", line 213, in wrapper
    return func(*args, **kwargs)
           ^^^^^^^^^^^^^^^^^^^^^
  File "D:\AI Engineering\FastAPI\model AI\.venv\Lib\site-packages\sklearn\metrics\_ranking.py", line 634, in roc_auc_score
    return _multiclass_roc_auc_score(
           ^^^^^^^^^^^^^^^^^^^^^^^^^^
  File "D:\AI Engineering\FastAPI\model AI\.venv\Lib\site-packages\sklearn\metrics\_ranking.py", line 707, in _multiclass_roc_auc_score
    raise ValueError(
ValueError: Target scores need to be probabilities for multiclass roc_auc, i.e. they should sum up to 1.0 over classes

  warnings.warn(

2026-10-07 18:06:21,887:WARNING:D:\AI Engineering\FastAPI\model AI\.venv\Lib\site-packages\pycaret\internal\metrics.py:204: FitFailedWarning: Metric 'make_scorer(roc_auc_score, response_method=('decision_function', 'predict_proba'), average=weighted, multi_class=ovr)' failed and error score 0.0 has been returned instead. If this is a custom metric, this usually means that the error is in the metric code. Full exception below:
Traceback (most recent call last):
  File "D:\AI Engineering\FastAPI\model AI\.venv\Lib\site-packages\pycaret\internal\metrics.py", line 196, in _score
    return super()._score(
           ^^^^^^^^^^^^^^^
  File "D:\AI Engineering\FastAPI\model AI\.venv\Lib\site-packages\sklearn\metrics\_scorer.py", line 350, in _score
    return self._sign * self._score_func(y_true, y_pred, **scoring_kwargs)
                        ^^^^^^^^^^^^^^^^^^^^^^^^^^^^^^^^^^^^^^^^^^^^^^^^^^
  File "D:\AI Engineering\FastAPI\model AI\.venv\Lib\site-packages\pycaret\internal\metrics.py", line 144, in __call__
    return self.score_func(y_true, y_pred, **kwargs)
           ^^^^^^^^^^^^^^^^^^^^^^^^^^^^^^^^^^^^^^^^^
  File "D:\AI Engineering\FastAPI\model AI\.venv\Lib\site-packages\sklearn\utils\_param_validation.py", line 213, in wrapper
    return func(*args, **kwargs)
           ^^^^^^^^^^^^^^^^^^^^^
  File "D:\AI Engineering\FastAPI\model AI\.venv\Lib\site-packages\sklearn\metrics\_ranking.py", line 634, in roc_auc_score
    return _multiclass_roc_auc_score(
           ^^^^^^^^^^^^^^^^^^^^^^^^^^
  File "D:\AI Engineering\FastAPI\model AI\.venv\Lib\site-packages\sklearn\metrics\_ranking.py", line 707, in _multiclass_roc_auc_score
    raise ValueError(
ValueError: Target scores need to be probabilities for multiclass roc_auc, i.e. they should sum up to 1.0 over classes

  warnings.warn(

2026-10-07 18:06:21,897:WARNING:D:\AI Engineering\FastAPI\model AI\.venv\Lib\site-packages\pycaret\internal\metrics.py:204: FitFailedWarning: Metric 'make_scorer(roc_auc_score, response_method=('decision_function', 'predict_proba'), average=weighted, multi_class=ovr)' failed and error score 0.0 has been returned instead. If this is a custom metric, this usually means that the error is in the metric code. Full exception below:
Traceback (most recent call last):
  File "D:\AI Engineering\FastAPI\model AI\.venv\Lib\site-packages\pycaret\internal\metrics.py", line 196, in _score
    return super()._score(
           ^^^^^^^^^^^^^^^
  File "D:\AI Engineering\FastAPI\model AI\.venv\Lib\site-packages\sklearn\metrics\_scorer.py", line 350, in _score
    return self._sign * self._score_func(y_true, y_pred, **scoring_kwargs)
                        ^^^^^^^^^^^^^^^^^^^^^^^^^^^^^^^^^^^^^^^^^^^^^^^^^^
  File "D:\AI Engineering\FastAPI\model AI\.venv\Lib\site-packages\pycaret\internal\metrics.py", line 144, in __call__
    return self.score_func(y_true, y_pred, **kwargs)
           ^^^^^^^^^^^^^^^^^^^^^^^^^^^^^^^^^^^^^^^^^
  File "D:\AI Engineering\FastAPI\model AI\.venv\Lib\site-packages\sklearn\utils\_param_validation.py", line 213, in wrapper
    return func(*args, **kwargs)
           ^^^^^^^^^^^^^^^^^^^^^
  File "D:\AI Engineering\FastAPI\model AI\.venv\Lib\site-packages\sklearn\metrics\_ranking.py", line 634, in roc_auc_score
    return _multiclass_roc_auc_score(
           ^^^^^^^^^^^^^^^^^^^^^^^^^^
  File "D:\AI Engineering\FastAPI\model AI\.venv\Lib\site-packages\sklearn\metrics\_ranking.py", line 707, in _multiclass_roc_auc_score
    raise ValueError(
ValueError: Target scores need to be probabilities for multiclass roc_auc, i.e. they should sum up to 1.0 over classes

  warnings.warn(

2026-10-07 18:06:21,905:WARNING:D:\AI Engineering\FastAPI\model AI\.venv\Lib\site-packages\pycaret\internal\metrics.py:204: FitFailedWarning: Metric 'make_scorer(roc_auc_score, response_method=('decision_function', 'predict_proba'), average=weighted, multi_class=ovr)' failed and error score 0.0 has been returned instead. If this is a custom metric, this usually means that the error is in the metric code. Full exception below:
Traceback (most recent call last):
  File "D:\AI Engineering\FastAPI\model AI\.venv\Lib\site-packages\pycaret\internal\metrics.py", line 196, in _score
    return super()._score(
           ^^^^^^^^^^^^^^^
  File "D:\AI Engineering\FastAPI\model AI\.venv\Lib\site-packages\sklearn\metrics\_scorer.py", line 350, in _score
    return self._sign * self._score_func(y_true, y_pred, **scoring_kwargs)
                        ^^^^^^^^^^^^^^^^^^^^^^^^^^^^^^^^^^^^^^^^^^^^^^^^^^
  File "D:\AI Engineering\FastAPI\model AI\.venv\Lib\site-packages\pycaret\internal\metrics.py", line 144, in __call__
    return self.score_func(y_true, y_pred, **kwargs)
           ^^^^^^^^^^^^^^^^^^^^^^^^^^^^^^^^^^^^^^^^^
  File "D:\AI Engineering\FastAPI\model AI\.venv\Lib\site-packages\sklearn\utils\_param_validation.py", line 213, in wrapper
    return func(*args, **kwargs)
           ^^^^^^^^^^^^^^^^^^^^^
  File "D:\AI Engineering\FastAPI\model AI\.venv\Lib\site-packages\sklearn\metrics\_ranking.py", line 634, in roc_auc_score
    return _multiclass_roc_auc_score(
           ^^^^^^^^^^^^^^^^^^^^^^^^^^
  File "D:\AI Engineering\FastAPI\model AI\.venv\Lib\site-packages\sklearn\metrics\_ranking.py", line 707, in _multiclass_roc_auc_score
    raise ValueError(
ValueError: Target scores need to be probabilities for multiclass roc_auc, i.e. they should sum up to 1.0 over classes

  warnings.warn(

2026-10-07 18:06:21,927:WARNING:D:\AI Engineering\FastAPI\model AI\.venv\Lib\site-packages\pycaret\internal\metrics.py:204: FitFailedWarning: Metric 'make_scorer(roc_auc_score, response_method=('decision_function', 'predict_proba'), average=weighted, multi_class=ovr)' failed and error score 0.0 has been returned instead. If this is a custom metric, this usually means that the error is in the metric code. Full exception below:
Traceback (most recent call last):
  File "D:\AI Engineering\FastAPI\model AI\.venv\Lib\site-packages\pycaret\internal\metrics.py", line 196, in _score
    return super()._score(
           ^^^^^^^^^^^^^^^
  File "D:\AI Engineering\FastAPI\model AI\.venv\Lib\site-packages\sklearn\metrics\_scorer.py", line 350, in _score
    return self._sign * self._score_func(y_true, y_pred, **scoring_kwargs)
                        ^^^^^^^^^^^^^^^^^^^^^^^^^^^^^^^^^^^^^^^^^^^^^^^^^^
  File "D:\AI Engineering\FastAPI\model AI\.venv\Lib\site-packages\pycaret\internal\metrics.py", line 144, in __call__
    return self.score_func(y_true, y_pred, **kwargs)
           ^^^^^^^^^^^^^^^^^^^^^^^^^^^^^^^^^^^^^^^^^
  File "D:\AI Engineering\FastAPI\model AI\.venv\Lib\site-packages\sklearn\utils\_param_validation.py", line 213, in wrapper
    return func(*args, **kwargs)
           ^^^^^^^^^^^^^^^^^^^^^
  File "D:\AI Engineering\FastAPI\model AI\.venv\Lib\site-packages\sklearn\metrics\_ranking.py", line 634, in roc_auc_score
    return _multiclass_roc_auc_score(
           ^^^^^^^^^^^^^^^^^^^^^^^^^^
  File "D:\AI Engineering\FastAPI\model AI\.venv\Lib\site-packages\sklearn\metrics\_ranking.py", line 707, in _multiclass_roc_auc_score
    raise ValueError(
ValueError: Target scores need to be probabilities for multiclass roc_auc, i.e. they should sum up to 1.0 over classes

  warnings.warn(

2026-10-07 18:06:21,937:WARNING:D:\AI Engineering\FastAPI\model AI\.venv\Lib\site-packages\pycaret\internal\metrics.py:204: FitFailedWarning: Metric 'make_scorer(roc_auc_score, response_method=('decision_function', 'predict_proba'), average=weighted, multi_class=ovr)' failed and error score 0.0 has been returned instead. If this is a custom metric, this usually means that the error is in the metric code. Full exception below:
Traceback (most recent call last):
  File "D:\AI Engineering\FastAPI\model AI\.venv\Lib\site-packages\pycaret\internal\metrics.py", line 196, in _score
    return super()._score(
           ^^^^^^^^^^^^^^^
  File "D:\AI Engineering\FastAPI\model AI\.venv\Lib\site-packages\sklearn\metrics\_scorer.py", line 350, in _score
    return self._sign * self._score_func(y_true, y_pred, **scoring_kwargs)
                        ^^^^^^^^^^^^^^^^^^^^^^^^^^^^^^^^^^^^^^^^^^^^^^^^^^
  File "D:\AI Engineering\FastAPI\model AI\.venv\Lib\site-packages\pycaret\internal\metrics.py", line 144, in __call__
    return self.score_func(y_true, y_pred, **kwargs)
           ^^^^^^^^^^^^^^^^^^^^^^^^^^^^^^^^^^^^^^^^^
  File "D:\AI Engineering\FastAPI\model AI\.venv\Lib\site-packages\sklearn\utils\_param_validation.py", line 213, in wrapper
    return func(*args, **kwargs)
           ^^^^^^^^^^^^^^^^^^^^^
  File "D:\AI Engineering\FastAPI\model AI\.venv\Lib\site-packages\sklearn\metrics\_ranking.py", line 634, in roc_auc_score
    return _multiclass_roc_auc_score(
           ^^^^^^^^^^^^^^^^^^^^^^^^^^
  File "D:\AI Engineering\FastAPI\model AI\.venv\Lib\site-packages\sklearn\metrics\_ranking.py", line 707, in _multiclass_roc_auc_score
    raise ValueError(
ValueError: Target scores need to be probabilities for multiclass roc_auc, i.e. they should sum up to 1.0 over classes

  warnings.warn(

2026-10-07 18:06:21,946:WARNING:D:\AI Engineering\FastAPI\model AI\.venv\Lib\site-packages\pycaret\internal\metrics.py:204: FitFailedWarning: Metric 'make_scorer(roc_auc_score, response_method=('decision_function', 'predict_proba'), average=weighted, multi_class=ovr)' failed and error score 0.0 has been returned instead. If this is a custom metric, this usually means that the error is in the metric code. Full exception below:
Traceback (most recent call last):
  File "D:\AI Engineering\FastAPI\model AI\.venv\Lib\site-packages\pycaret\internal\metrics.py", line 196, in _score
    return super()._score(
           ^^^^^^^^^^^^^^^
  File "D:\AI Engineering\FastAPI\model AI\.venv\Lib\site-packages\sklearn\metrics\_scorer.py", line 350, in _score
    return self._sign * self._score_func(y_true, y_pred, **scoring_kwargs)
                        ^^^^^^^^^^^^^^^^^^^^^^^^^^^^^^^^^^^^^^^^^^^^^^^^^^
  File "D:\AI Engineering\FastAPI\model AI\.venv\Lib\site-packages\pycaret\internal\metrics.py", line 144, in __call__
    return self.score_func(y_true, y_pred, **kwargs)
           ^^^^^^^^^^^^^^^^^^^^^^^^^^^^^^^^^^^^^^^^^
  File "D:\AI Engineering\FastAPI\model AI\.venv\Lib\site-packages\sklearn\utils\_param_validation.py", line 213, in wrapper
    return func(*args, **kwargs)
           ^^^^^^^^^^^^^^^^^^^^^
  File "D:\AI Engineering\FastAPI\model AI\.venv\Lib\site-packages\sklearn\metrics\_ranking.py", line 634, in roc_auc_score
    return _multiclass_roc_auc_score(
           ^^^^^^^^^^^^^^^^^^^^^^^^^^
  File "D:\AI Engineering\FastAPI\model AI\.venv\Lib\site-packages\sklearn\metrics\_ranking.py", line 707, in _multiclass_roc_auc_score
    raise ValueError(
ValueError: Target scores need to be probabilities for multiclass roc_auc, i.e. they should sum up to 1.0 over classes

  warnings.warn(

2026-10-07 18:06:21,970:WARNING:D:\AI Engineering\FastAPI\model AI\.venv\Lib\site-packages\pycaret\internal\metrics.py:204: FitFailedWarning: Metric 'make_scorer(roc_auc_score, response_method=('decision_function', 'predict_proba'), average=weighted, multi_class=ovr)' failed and error score 0.0 has been returned instead. If this is a custom metric, this usually means that the error is in the metric code. Full exception below:
Traceback (most recent call last):
  File "D:\AI Engineering\FastAPI\model AI\.venv\Lib\site-packages\pycaret\internal\metrics.py", line 196, in _score
    return super()._score(
           ^^^^^^^^^^^^^^^
  File "D:\AI Engineering\FastAPI\model AI\.venv\Lib\site-packages\sklearn\metrics\_scorer.py", line 350, in _score
    return self._sign * self._score_func(y_true, y_pred, **scoring_kwargs)
                        ^^^^^^^^^^^^^^^^^^^^^^^^^^^^^^^^^^^^^^^^^^^^^^^^^^
  File "D:\AI Engineering\FastAPI\model AI\.venv\Lib\site-packages\pycaret\internal\metrics.py", line 144, in __call__
    return self.score_func(y_true, y_pred, **kwargs)
           ^^^^^^^^^^^^^^^^^^^^^^^^^^^^^^^^^^^^^^^^^
  File "D:\AI Engineering\FastAPI\model AI\.venv\Lib\site-packages\sklearn\utils\_param_validation.py", line 213, in wrapper
    return func(*args, **kwargs)
           ^^^^^^^^^^^^^^^^^^^^^
  File "D:\AI Engineering\FastAPI\model AI\.venv\Lib\site-packages\sklearn\metrics\_ranking.py", line 634, in roc_auc_score
    return _multiclass_roc_auc_score(
           ^^^^^^^^^^^^^^^^^^^^^^^^^^
  File "D:\AI Engineering\FastAPI\model AI\.venv\Lib\site-packages\sklearn\metrics\_ranking.py", line 707, in _multiclass_roc_auc_score
    raise ValueError(
ValueError: Target scores need to be probabilities for multiclass roc_auc, i.e. they should sum up to 1.0 over classes

  warnings.warn(

2026-10-07 18:06:21,974:WARNING:D:\AI Engineering\FastAPI\model AI\.venv\Lib\site-packages\pycaret\internal\metrics.py:204: FitFailedWarning: Metric 'make_scorer(roc_auc_score, response_method=('decision_function', 'predict_proba'), average=weighted, multi_class=ovr)' failed and error score 0.0 has been returned instead. If this is a custom metric, this usually means that the error is in the metric code. Full exception below:
Traceback (most recent call last):
  File "D:\AI Engineering\FastAPI\model AI\.venv\Lib\site-packages\pycaret\internal\metrics.py", line 196, in _score
    return super()._score(
           ^^^^^^^^^^^^^^^
  File "D:\AI Engineering\FastAPI\model AI\.venv\Lib\site-packages\sklearn\metrics\_scorer.py", line 350, in _score
    return self._sign * self._score_func(y_true, y_pred, **scoring_kwargs)
                        ^^^^^^^^^^^^^^^^^^^^^^^^^^^^^^^^^^^^^^^^^^^^^^^^^^
  File "D:\AI Engineering\FastAPI\model AI\.venv\Lib\site-packages\pycaret\internal\metrics.py", line 144, in __call__
    return self.score_func(y_true, y_pred, **kwargs)
           ^^^^^^^^^^^^^^^^^^^^^^^^^^^^^^^^^^^^^^^^^
  File "D:\AI Engineering\FastAPI\model AI\.venv\Lib\site-packages\sklearn\utils\_param_validation.py", line 213, in wrapper
    return func(*args, **kwargs)
           ^^^^^^^^^^^^^^^^^^^^^
  File "D:\AI Engineering\FastAPI\model AI\.venv\Lib\site-packages\sklearn\metrics\_ranking.py", line 634, in roc_auc_score
    return _multiclass_roc_auc_score(
           ^^^^^^^^^^^^^^^^^^^^^^^^^^
  File "D:\AI Engineering\FastAPI\model AI\.venv\Lib\site-packages\sklearn\metrics\_ranking.py", line 707, in _multiclass_roc_auc_score
    raise ValueError(
ValueError: Target scores need to be probabilities for multiclass roc_auc, i.e. they should sum up to 1.0 over classes

  warnings.warn(

2026-10-07 18:06:22,015:WARNING:D:\AI Engineering\FastAPI\model AI\.venv\Lib\site-packages\pycaret\internal\metrics.py:204: FitFailedWarning: Metric 'make_scorer(roc_auc_score, response_method=('decision_function', 'predict_proba'), average=weighted, multi_class=ovr)' failed and error score 0.0 has been returned instead. If this is a custom metric, this usually means that the error is in the metric code. Full exception below:
Traceback (most recent call last):
  File "D:\AI Engineering\FastAPI\model AI\.venv\Lib\site-packages\pycaret\internal\metrics.py", line 196, in _score
    return super()._score(
           ^^^^^^^^^^^^^^^
  File "D:\AI Engineering\FastAPI\model AI\.venv\Lib\site-packages\sklearn\metrics\_scorer.py", line 350, in _score
    return self._sign * self._score_func(y_true, y_pred, **scoring_kwargs)
                        ^^^^^^^^^^^^^^^^^^^^^^^^^^^^^^^^^^^^^^^^^^^^^^^^^^
  File "D:\AI Engineering\FastAPI\model AI\.venv\Lib\site-packages\pycaret\internal\metrics.py", line 144, in __call__
    return self.score_func(y_true, y_pred, **kwargs)
           ^^^^^^^^^^^^^^^^^^^^^^^^^^^^^^^^^^^^^^^^^
  File "D:\AI Engineering\FastAPI\model AI\.venv\Lib\site-packages\sklearn\utils\_param_validation.py", line 213, in wrapper
    return func(*args, **kwargs)
           ^^^^^^^^^^^^^^^^^^^^^
  File "D:\AI Engineering\FastAPI\model AI\.venv\Lib\site-packages\sklearn\metrics\_ranking.py", line 634, in roc_auc_score
    return _multiclass_roc_auc_score(
           ^^^^^^^^^^^^^^^^^^^^^^^^^^
  File "D:\AI Engineering\FastAPI\model AI\.venv\Lib\site-packages\sklearn\metrics\_ranking.py", line 707, in _multiclass_roc_auc_score
    raise ValueError(
ValueError: Target scores need to be probabilities for multiclass roc_auc, i.e. they should sum up to 1.0 over classes

  warnings.warn(

2026-10-07 18:06:22,047:INFO:Calculating mean and std
2026-10-07 18:06:22,051:INFO:Creating metrics dataframe
2026-10-07 18:06:22,056:INFO:Uploading results into container
2026-10-07 18:06:22,059:INFO:Uploading model into container now
2026-10-07 18:06:22,061:INFO:_master_model_container: 11
2026-10-07 18:06:22,061:INFO:_display_container: 2
2026-10-07 18:06:22,061:INFO:LinearDiscriminantAnalysis(covariance_estimator=None, n_components=None,
                           priors=None, shrinkage=None, solver='svd',
                           store_covariance=False, tol=0.0001)
2026-10-07 18:06:22,063:INFO:create_model() successfully completed......................................
2026-10-07 18:06:22,219:INFO:SubProcess create_model() end ==================================
2026-10-07 18:06:22,219:INFO:Creating metrics dataframe
2026-10-07 18:06:22,227:INFO:Initializing Extra Trees Classifier
2026-10-07 18:06:22,227:INFO:Total runtime is 0.5174104889233907 minutes
2026-10-07 18:06:22,227:INFO:SubProcess create_model() called ==================================
2026-10-07 18:06:22,228:INFO:Initializing create_model()
2026-10-07 18:06:22,228:INFO:create_model(self=<pycaret.classification.oop.ClassificationExperiment object at 0x000002998C7C3390>, estimator=et, fold=StratifiedKFold(n_splits=10, random_state=None, shuffle=False), round=4, cross_validation=True, predict=True, fit_kwargs={}, groups=None, refit=False, probability_threshold=None, experiment_custom_tags=None, verbose=False, system=False, add_to_model_list=True, metrics=None, display=<pycaret.internal.display.display.CommonDisplay object at 0x000002998E063B10>, model_only=True, return_train_score=False, error_score=0.0, kwargs={})
2026-10-07 18:06:22,228:INFO:Checking exceptions
2026-10-07 18:06:22,228:INFO:Importing libraries
2026-10-07 18:06:22,228:INFO:Copying training dataset
2026-10-07 18:06:22,240:INFO:Defining folds
2026-10-07 18:06:22,240:INFO:Declaring metric variables
2026-10-07 18:06:22,241:INFO:Importing untrained model
2026-10-07 18:06:22,241:INFO:Extra Trees Classifier Imported successfully
2026-10-07 18:06:22,242:INFO:Starting cross validation
2026-10-07 18:06:22,244:INFO:Cross validating with StratifiedKFold(n_splits=10, random_state=None, shuffle=False), n_jobs=-1
2026-10-07 18:06:23,907:INFO:Calculating mean and std
2026-10-07 18:06:23,909:INFO:Creating metrics dataframe
2026-10-07 18:06:23,912:INFO:Uploading results into container
2026-10-07 18:06:23,913:INFO:Uploading model into container now
2026-10-07 18:06:23,914:INFO:_master_model_container: 12
2026-10-07 18:06:23,914:INFO:_display_container: 2
2026-10-07 18:06:23,915:INFO:ExtraTreesClassifier(bootstrap=False, ccp_alpha=0.0, class_weight=None,
                     criterion='gini', max_depth=None, max_features='sqrt',
                     max_leaf_nodes=None, max_samples=None,
                     min_impurity_decrease=0.0, min_samples_leaf=1,
                     min_samples_split=2, min_weight_fraction_leaf=0.0,
                     monotonic_cst=None, n_estimators=100, n_jobs=-1,
                     oob_score=False, random_state=123, verbose=0,
                     warm_start=False)
2026-10-07 18:06:23,917:INFO:create_model() successfully completed......................................
2026-10-07 18:06:24,072:INFO:SubProcess create_model() end ==================================
2026-10-07 18:06:24,072:INFO:Creating metrics dataframe
2026-10-07 18:06:24,076:INFO:Initializing Light Gradient Boosting Machine
2026-10-07 18:06:24,076:INFO:Total runtime is 0.5482264677683513 minutes
2026-10-07 18:06:24,077:INFO:SubProcess create_model() called ==================================
2026-10-07 18:06:24,077:INFO:Initializing create_model()
2026-10-07 18:06:24,077:INFO:create_model(self=<pycaret.classification.oop.ClassificationExperiment object at 0x000002998C7C3390>, estimator=lightgbm, fold=StratifiedKFold(n_splits=10, random_state=None, shuffle=False), round=4, cross_validation=True, predict=True, fit_kwargs={}, groups=None, refit=False, probability_threshold=None, experiment_custom_tags=None, verbose=False, system=False, add_to_model_list=True, metrics=None, display=<pycaret.internal.display.display.CommonDisplay object at 0x000002998E063B10>, model_only=True, return_train_score=False, error_score=0.0, kwargs={})
2026-10-07 18:06:24,077:INFO:Checking exceptions
2026-10-07 18:06:24,077:INFO:Importing libraries
2026-10-07 18:06:24,077:INFO:Copying training dataset
2026-10-07 18:06:24,085:INFO:Defining folds
2026-10-07 18:06:24,085:INFO:Declaring metric variables
2026-10-07 18:06:24,085:INFO:Importing untrained model
2026-10-07 18:06:24,087:INFO:Light Gradient Boosting Machine Imported successfully
2026-10-07 18:06:24,087:INFO:Starting cross validation
2026-10-07 18:06:24,090:INFO:Cross validating with StratifiedKFold(n_splits=10, random_state=None, shuffle=False), n_jobs=-1
2026-10-07 18:06:24,643:WARNING:create_model() for lightgbm raised an exception or returned all 0.0, trying without fit_kwargs:
2026-10-07 18:06:24,673:WARNING:Traceback (most recent call last):
  File "D:\AI Engineering\FastAPI\model AI\.venv\Lib\site-packages\pycaret\internal\pycaret_experiment\supervised_experiment.py", line 794, in compare_models
    model, model_fit_time = self._create_model(**create_model_args)
                            ^^^^^^^^^^^^^^^^^^^^^^^^^^^^^^^^^^^^^^^
  File "D:\AI Engineering\FastAPI\model AI\.venv\Lib\site-packages\pycaret\internal\pycaret_experiment\supervised_experiment.py", line 1533, in _create_model
    model, model_fit_time, model_results, _ = self._create_model_with_cv(
                                              ^^^^^^^^^^^^^^^^^^^^^^^^^^^
  File "D:\AI Engineering\FastAPI\model AI\.venv\Lib\site-packages\pycaret\internal\pycaret_experiment\supervised_experiment.py", line 1126, in _create_model_with_cv
    scores = cross_validate(
             ^^^^^^^^^^^^^^^
  File "D:\AI Engineering\FastAPI\model AI\.venv\Lib\site-packages\sklearn\utils\_param_validation.py", line 213, in wrapper
    return func(*args, **kwargs)
           ^^^^^^^^^^^^^^^^^^^^^
  File "D:\AI Engineering\FastAPI\model AI\.venv\Lib\site-packages\sklearn\model_selection\_validation.py", line 450, in cross_validate
    _warn_or_raise_about_fit_failures(results, error_score)
  File "D:\AI Engineering\FastAPI\model AI\.venv\Lib\site-packages\sklearn\model_selection\_validation.py", line 536, in _warn_or_raise_about_fit_failures
    raise ValueError(all_fits_failed_message)
ValueError: 
All the 10 fits failed.
It is very likely that your model is misconfigured.
You can try to debug the error by setting error_score='raise'.

Below are more details about the failures:
--------------------------------------------------------------------------------
10 fits failed with the following error:
Traceback (most recent call last):
  File "D:\AI Engineering\FastAPI\model AI\.venv\Lib\site-packages\sklearn\model_selection\_validation.py", line 895, in _fit_and_score
    estimator.fit(X_train, y_train, **fit_params)
  File "D:\AI Engineering\FastAPI\model AI\.venv\Lib\site-packages\pycaret\internal\pipeline.py", line 278, in fit
    fitted_estimator = self._memory_fit(
                       ^^^^^^^^^^^^^^^^^
  File "D:\AI Engineering\FastAPI\model AI\.venv\Lib\site-packages\joblib\memory.py", line 353, in __call__
    return self.func(*args, **kwargs)
           ^^^^^^^^^^^^^^^^^^^^^^^^^^
  File "D:\AI Engineering\FastAPI\model AI\.venv\Lib\site-packages\pycaret\internal\pipeline.py", line 69, in _fit_one
    transformer.fit(*args)
  File "D:\AI Engineering\FastAPI\model AI\.venv\Lib\site-packages\lightgbm\sklearn.py", line 1704, in fit
    super().fit(
  File "D:\AI Engineering\FastAPI\model AI\.venv\Lib\site-packages\lightgbm\sklearn.py", line 1171, in fit
    self._Booster = train(
                    ^^^^^^
  File "D:\AI Engineering\FastAPI\model AI\.venv\Lib\site-packages\lightgbm\engine.py", line 296, in train
    booster = Booster(params=params, train_set=train_set)
              ^^^^^^^^^^^^^^^^^^^^^^^^^^^^^^^^^^^^^^^^^^^
  File "D:\AI Engineering\FastAPI\model AI\.venv\Lib\site-packages\lightgbm\basic.py", line 3758, in __init__
    train_set.construct()
  File "D:\AI Engineering\FastAPI\model AI\.venv\Lib\site-packages\lightgbm\basic.py", line 2574, in construct
    self._lazy_init(
  File "D:\AI Engineering\FastAPI\model AI\.venv\Lib\site-packages\lightgbm\basic.py", line 2189, in _lazy_init
    self.set_label(label)
  File "D:\AI Engineering\FastAPI\model AI\.venv\Lib\site-packages\lightgbm\basic.py", line 3097, in set_label
    self.set_field("label", label_array)
  File "D:\AI Engineering\FastAPI\model AI\.venv\Lib\site-packages\lightgbm\basic.py", line 2860, in set_field
    _LIB.LGBM_DatasetSetField(
OSError: exception: access violation reading 0x0000000000000000


2026-10-07 18:06:24,674:INFO:Initializing create_model()
2026-10-07 18:06:24,674:INFO:create_model(self=<pycaret.classification.oop.ClassificationExperiment object at 0x000002998C7C3390>, estimator=lightgbm, fold=StratifiedKFold(n_splits=10, random_state=None, shuffle=False), round=4, cross_validation=True, predict=True, fit_kwargs={}, groups=None, refit=False, probability_threshold=None, experiment_custom_tags=None, verbose=False, system=False, add_to_model_list=True, metrics=None, display=<pycaret.internal.display.display.CommonDisplay object at 0x000002998E063B10>, model_only=True, return_train_score=False, error_score=0.0, kwargs={})
2026-10-07 18:06:24,674:INFO:Checking exceptions
2026-10-07 18:06:24,674:INFO:Importing libraries
2026-10-07 18:06:24,674:INFO:Copying training dataset
2026-10-07 18:06:24,687:INFO:Defining folds
2026-10-07 18:06:24,688:INFO:Declaring metric variables
2026-10-07 18:06:24,688:INFO:Importing untrained model
2026-10-07 18:06:24,690:INFO:Light Gradient Boosting Machine Imported successfully
2026-10-07 18:06:24,690:INFO:Starting cross validation
2026-10-07 18:06:24,693:INFO:Cross validating with StratifiedKFold(n_splits=10, random_state=None, shuffle=False), n_jobs=-1
2026-10-07 18:06:25,164:ERROR:create_model() for lightgbm raised an exception or returned all 0.0:
2026-10-07 18:06:25,168:ERROR:Traceback (most recent call last):
  File "D:\AI Engineering\FastAPI\model AI\.venv\Lib\site-packages\pycaret\internal\pycaret_experiment\supervised_experiment.py", line 794, in compare_models
    model, model_fit_time = self._create_model(**create_model_args)
                            ^^^^^^^^^^^^^^^^^^^^^^^^^^^^^^^^^^^^^^^
  File "D:\AI Engineering\FastAPI\model AI\.venv\Lib\site-packages\pycaret\internal\pycaret_experiment\supervised_experiment.py", line 1533, in _create_model
    model, model_fit_time, model_results, _ = self._create_model_with_cv(
                                              ^^^^^^^^^^^^^^^^^^^^^^^^^^^
  File "D:\AI Engineering\FastAPI\model AI\.venv\Lib\site-packages\pycaret\internal\pycaret_experiment\supervised_experiment.py", line 1126, in _create_model_with_cv
    scores = cross_validate(
             ^^^^^^^^^^^^^^^
  File "D:\AI Engineering\FastAPI\model AI\.venv\Lib\site-packages\sklearn\utils\_param_validation.py", line 213, in wrapper
    return func(*args, **kwargs)
           ^^^^^^^^^^^^^^^^^^^^^
  File "D:\AI Engineering\FastAPI\model AI\.venv\Lib\site-packages\sklearn\model_selection\_validation.py", line 450, in cross_validate
    _warn_or_raise_about_fit_failures(results, error_score)
  File "D:\AI Engineering\FastAPI\model AI\.venv\Lib\site-packages\sklearn\model_selection\_validation.py", line 536, in _warn_or_raise_about_fit_failures
    raise ValueError(all_fits_failed_message)
ValueError: 
All the 10 fits failed.
It is very likely that your model is misconfigured.
You can try to debug the error by setting error_score='raise'.

Below are more details about the failures:
--------------------------------------------------------------------------------
10 fits failed with the following error:
Traceback (most recent call last):
  File "D:\AI Engineering\FastAPI\model AI\.venv\Lib\site-packages\sklearn\model_selection\_validation.py", line 895, in _fit_and_score
    estimator.fit(X_train, y_train, **fit_params)
  File "D:\AI Engineering\FastAPI\model AI\.venv\Lib\site-packages\pycaret\internal\pipeline.py", line 278, in fit
    fitted_estimator = self._memory_fit(
                       ^^^^^^^^^^^^^^^^^
  File "D:\AI Engineering\FastAPI\model AI\.venv\Lib\site-packages\joblib\memory.py", line 353, in __call__
    return self.func(*args, **kwargs)
           ^^^^^^^^^^^^^^^^^^^^^^^^^^
  File "D:\AI Engineering\FastAPI\model AI\.venv\Lib\site-packages\pycaret\internal\pipeline.py", line 69, in _fit_one
    transformer.fit(*args)
  File "D:\AI Engineering\FastAPI\model AI\.venv\Lib\site-packages\lightgbm\sklearn.py", line 1704, in fit
    super().fit(
  File "D:\AI Engineering\FastAPI\model AI\.venv\Lib\site-packages\lightgbm\sklearn.py", line 1171, in fit
    self._Booster = train(
                    ^^^^^^
  File "D:\AI Engineering\FastAPI\model AI\.venv\Lib\site-packages\lightgbm\engine.py", line 296, in train
    booster = Booster(params=params, train_set=train_set)
              ^^^^^^^^^^^^^^^^^^^^^^^^^^^^^^^^^^^^^^^^^^^
  File "D:\AI Engineering\FastAPI\model AI\.venv\Lib\site-packages\lightgbm\basic.py", line 3758, in __init__
    train_set.construct()
  File "D:\AI Engineering\FastAPI\model AI\.venv\Lib\site-packages\lightgbm\basic.py", line 2574, in construct
    self._lazy_init(
  File "D:\AI Engineering\FastAPI\model AI\.venv\Lib\site-packages\lightgbm\basic.py", line 2189, in _lazy_init
    self.set_label(label)
  File "D:\AI Engineering\FastAPI\model AI\.venv\Lib\site-packages\lightgbm\basic.py", line 3097, in set_label
    self.set_field("label", label_array)
  File "D:\AI Engineering\FastAPI\model AI\.venv\Lib\site-packages\lightgbm\basic.py", line 2860, in set_field
    _LIB.LGBM_DatasetSetField(
OSError: exception: access violation reading 0x0000000000000000


During handling of the above exception, another exception occurred:

Traceback (most recent call last):
  File "D:\AI Engineering\FastAPI\model AI\.venv\Lib\site-packages\pycaret\internal\pycaret_experiment\supervised_experiment.py", line 815, in compare_models
    model, model_fit_time = self._create_model(**create_model_args)
                            ^^^^^^^^^^^^^^^^^^^^^^^^^^^^^^^^^^^^^^^
  File "D:\AI Engineering\FastAPI\model AI\.venv\Lib\site-packages\pycaret\internal\pycaret_experiment\supervised_experiment.py", line 1533, in _create_model
    model, model_fit_time, model_results, _ = self._create_model_with_cv(
                                              ^^^^^^^^^^^^^^^^^^^^^^^^^^^
  File "D:\AI Engineering\FastAPI\model AI\.venv\Lib\site-packages\pycaret\internal\pycaret_experiment\supervised_experiment.py", line 1126, in _create_model_with_cv
    scores = cross_validate(
             ^^^^^^^^^^^^^^^
  File "D:\AI Engineering\FastAPI\model AI\.venv\Lib\site-packages\sklearn\utils\_param_validation.py", line 213, in wrapper
    return func(*args, **kwargs)
           ^^^^^^^^^^^^^^^^^^^^^
  File "D:\AI Engineering\FastAPI\model AI\.venv\Lib\site-packages\sklearn\model_selection\_validation.py", line 450, in cross_validate
    _warn_or_raise_about_fit_failures(results, error_score)
  File "D:\AI Engineering\FastAPI\model AI\.venv\Lib\site-packages\sklearn\model_selection\_validation.py", line 536, in _warn_or_raise_about_fit_failures
    raise ValueError(all_fits_failed_message)
ValueError: 
All the 10 fits failed.
It is very likely that your model is misconfigured.
You can try to debug the error by setting error_score='raise'.

Below are more details about the failures:
--------------------------------------------------------------------------------
10 fits failed with the following error:
Traceback (most recent call last):
  File "D:\AI Engineering\FastAPI\model AI\.venv\Lib\site-packages\sklearn\model_selection\_validation.py", line 895, in _fit_and_score
    estimator.fit(X_train, y_train, **fit_params)
  File "D:\AI Engineering\FastAPI\model AI\.venv\Lib\site-packages\pycaret\internal\pipeline.py", line 278, in fit
    fitted_estimator = self._memory_fit(
                       ^^^^^^^^^^^^^^^^^
  File "D:\AI Engineering\FastAPI\model AI\.venv\Lib\site-packages\joblib\memory.py", line 353, in __call__
    return self.func(*args, **kwargs)
           ^^^^^^^^^^^^^^^^^^^^^^^^^^
  File "D:\AI Engineering\FastAPI\model AI\.venv\Lib\site-packages\pycaret\internal\pipeline.py", line 69, in _fit_one
    transformer.fit(*args)
  File "D:\AI Engineering\FastAPI\model AI\.venv\Lib\site-packages\lightgbm\sklearn.py", line 1704, in fit
    super().fit(
  File "D:\AI Engineering\FastAPI\model AI\.venv\Lib\site-packages\lightgbm\sklearn.py", line 1171, in fit
    self._Booster = train(
                    ^^^^^^
  File "D:\AI Engineering\FastAPI\model AI\.venv\Lib\site-packages\lightgbm\engine.py", line 296, in train
    booster = Booster(params=params, train_set=train_set)
              ^^^^^^^^^^^^^^^^^^^^^^^^^^^^^^^^^^^^^^^^^^^
  File "D:\AI Engineering\FastAPI\model AI\.venv\Lib\site-packages\lightgbm\basic.py", line 3758, in __init__
    train_set.construct()
  File "D:\AI Engineering\FastAPI\model AI\.venv\Lib\site-packages\lightgbm\basic.py", line 2574, in construct
    self._lazy_init(
  File "D:\AI Engineering\FastAPI\model AI\.venv\Lib\site-packages\lightgbm\basic.py", line 2189, in _lazy_init
    self.set_label(label)
  File "D:\AI Engineering\FastAPI\model AI\.venv\Lib\site-packages\lightgbm\basic.py", line 3097, in set_label
    self.set_field("label", label_array)
  File "D:\AI Engineering\FastAPI\model AI\.venv\Lib\site-packages\lightgbm\basic.py", line 2860, in set_field
    _LIB.LGBM_DatasetSetField(
OSError: exception: access violation reading 0x0000000000000000


2026-10-07 18:06:25,169:INFO:Initializing Dummy Classifier
2026-10-07 18:06:25,169:INFO:Total runtime is 0.566443161169688 minutes
2026-10-07 18:06:25,169:INFO:SubProcess create_model() called ==================================
2026-10-07 18:06:25,170:INFO:Initializing create_model()
2026-10-07 18:06:25,170:INFO:create_model(self=<pycaret.classification.oop.ClassificationExperiment object at 0x000002998C7C3390>, estimator=dummy, fold=StratifiedKFold(n_splits=10, random_state=None, shuffle=False), round=4, cross_validation=True, predict=True, fit_kwargs={}, groups=None, refit=False, probability_threshold=None, experiment_custom_tags=None, verbose=False, system=False, add_to_model_list=True, metrics=None, display=<pycaret.internal.display.display.CommonDisplay object at 0x000002998E063B10>, model_only=True, return_train_score=False, error_score=0.0, kwargs={})
2026-10-07 18:06:25,170:INFO:Checking exceptions
2026-10-07 18:06:25,170:INFO:Importing libraries
2026-10-07 18:06:25,170:INFO:Copying training dataset
2026-10-07 18:06:25,180:INFO:Defining folds
2026-10-07 18:06:25,180:INFO:Declaring metric variables
2026-10-07 18:06:25,181:INFO:Importing untrained model
2026-10-07 18:06:25,181:INFO:Dummy Classifier Imported successfully
2026-10-07 18:06:25,181:INFO:Starting cross validation
2026-10-07 18:06:25,184:INFO:Cross validating with StratifiedKFold(n_splits=10, random_state=None, shuffle=False), n_jobs=-1
2026-10-07 18:06:25,583:WARNING:D:\AI Engineering\FastAPI\model AI\.venv\Lib\site-packages\sklearn\metrics\_classification.py:1509: UndefinedMetricWarning: Precision is ill-defined and being set to 0.0 in labels with no predicted samples. Use `zero_division` parameter to control this behavior.
  _warn_prf(average, modifier, f"{metric.capitalize()} is", len(result))

2026-10-07 18:06:25,594:WARNING:D:\AI Engineering\FastAPI\model AI\.venv\Lib\site-packages\sklearn\metrics\_classification.py:1509: UndefinedMetricWarning: Precision is ill-defined and being set to 0.0 in labels with no predicted samples. Use `zero_division` parameter to control this behavior.
  _warn_prf(average, modifier, f"{metric.capitalize()} is", len(result))

2026-10-07 18:06:25,599:WARNING:D:\AI Engineering\FastAPI\model AI\.venv\Lib\site-packages\sklearn\metrics\_classification.py:1509: UndefinedMetricWarning: Precision is ill-defined and being set to 0.0 in labels with no predicted samples. Use `zero_division` parameter to control this behavior.
  _warn_prf(average, modifier, f"{metric.capitalize()} is", len(result))

2026-10-07 18:06:25,602:WARNING:D:\AI Engineering\FastAPI\model AI\.venv\Lib\site-packages\sklearn\metrics\_classification.py:1509: UndefinedMetricWarning: Precision is ill-defined and being set to 0.0 in labels with no predicted samples. Use `zero_division` parameter to control this behavior.
  _warn_prf(average, modifier, f"{metric.capitalize()} is", len(result))

2026-10-07 18:06:25,623:WARNING:D:\AI Engineering\FastAPI\model AI\.venv\Lib\site-packages\sklearn\metrics\_classification.py:1509: UndefinedMetricWarning: Precision is ill-defined and being set to 0.0 in labels with no predicted samples. Use `zero_division` parameter to control this behavior.
  _warn_prf(average, modifier, f"{metric.capitalize()} is", len(result))

2026-10-07 18:06:25,675:WARNING:D:\AI Engineering\FastAPI\model AI\.venv\Lib\site-packages\sklearn\metrics\_classification.py:1509: UndefinedMetricWarning: Precision is ill-defined and being set to 0.0 in labels with no predicted samples. Use `zero_division` parameter to control this behavior.
  _warn_prf(average, modifier, f"{metric.capitalize()} is", len(result))

2026-10-07 18:06:25,675:WARNING:D:\AI Engineering\FastAPI\model AI\.venv\Lib\site-packages\sklearn\metrics\_classification.py:1509: UndefinedMetricWarning: Precision is ill-defined and being set to 0.0 in labels with no predicted samples. Use `zero_division` parameter to control this behavior.
  _warn_prf(average, modifier, f"{metric.capitalize()} is", len(result))

2026-10-07 18:06:25,681:WARNING:D:\AI Engineering\FastAPI\model AI\.venv\Lib\site-packages\sklearn\metrics\_classification.py:1509: UndefinedMetricWarning: Precision is ill-defined and being set to 0.0 in labels with no predicted samples. Use `zero_division` parameter to control this behavior.
  _warn_prf(average, modifier, f"{metric.capitalize()} is", len(result))

2026-10-07 18:06:25,713:WARNING:D:\AI Engineering\FastAPI\model AI\.venv\Lib\site-packages\sklearn\metrics\_classification.py:1509: UndefinedMetricWarning: Precision is ill-defined and being set to 0.0 in labels with no predicted samples. Use `zero_division` parameter to control this behavior.
  _warn_prf(average, modifier, f"{metric.capitalize()} is", len(result))

2026-10-07 18:06:25,715:WARNING:D:\AI Engineering\FastAPI\model AI\.venv\Lib\site-packages\sklearn\metrics\_classification.py:1509: UndefinedMetricWarning: Precision is ill-defined and being set to 0.0 in labels with no predicted samples. Use `zero_division` parameter to control this behavior.
  _warn_prf(average, modifier, f"{metric.capitalize()} is", len(result))

2026-10-07 18:06:25,740:INFO:Calculating mean and std
2026-10-07 18:06:25,742:INFO:Creating metrics dataframe
2026-10-07 18:06:25,747:INFO:Uploading results into container
2026-10-07 18:06:25,749:INFO:Uploading model into container now
2026-10-07 18:06:25,750:INFO:_master_model_container: 13
2026-10-07 18:06:25,750:INFO:_display_container: 2
2026-10-07 18:06:25,751:INFO:DummyClassifier(constant=None, random_state=123, strategy='prior')
2026-10-07 18:06:25,751:INFO:create_model() successfully completed......................................
2026-10-07 18:06:25,905:INFO:SubProcess create_model() end ==================================
2026-10-07 18:06:25,905:INFO:Creating metrics dataframe
2026-10-07 18:06:25,911:WARNING:D:\AI Engineering\FastAPI\model AI\.venv\Lib\site-packages\pycaret\internal\pycaret_experiment\supervised_experiment.py:339: FutureWarning: Styler.applymap has been deprecated. Use Styler.map instead.
  .applymap(highlight_cols, subset=["TT (Sec)"])

2026-10-07 18:06:25,915:INFO:Initializing create_model()
2026-10-07 18:06:25,915:INFO:create_model(self=<pycaret.classification.oop.ClassificationExperiment object at 0x000002998C7C3390>, estimator=LogisticRegression(C=1.0, class_weight=None, dual=False, fit_intercept=True,
                   intercept_scaling=1, l1_ratio=None, max_iter=1000,
                   multi_class='auto', n_jobs=None, penalty='l2',
                   random_state=123, solver='lbfgs', tol=0.0001, verbose=0,
                   warm_start=False), fold=StratifiedKFold(n_splits=10, random_state=None, shuffle=False), round=4, cross_validation=False, predict=False, fit_kwargs={}, groups=None, refit=True, probability_threshold=None, experiment_custom_tags=None, verbose=False, system=False, add_to_model_list=True, metrics=None, display=None, model_only=True, return_train_score=False, error_score=0.0, kwargs={})
2026-10-07 18:06:25,915:INFO:Checking exceptions
2026-10-07 18:06:25,917:INFO:Importing libraries
2026-10-07 18:06:25,918:INFO:Copying training dataset
2026-10-07 18:06:25,930:INFO:Defining folds
2026-10-07 18:06:25,931:INFO:Declaring metric variables
2026-10-07 18:06:25,931:INFO:Importing untrained model
2026-10-07 18:06:25,931:INFO:Declaring custom model
2026-10-07 18:06:25,933:INFO:Logistic Regression Imported successfully
2026-10-07 18:06:25,936:INFO:Cross validation set to False
2026-10-07 18:06:25,936:INFO:Fitting Model
2026-10-07 18:06:26,629:INFO:LogisticRegression(C=1.0, class_weight=None, dual=False, fit_intercept=True,
                   intercept_scaling=1, l1_ratio=None, max_iter=1000,
                   multi_class='auto', n_jobs=None, penalty='l2',
                   random_state=123, solver='lbfgs', tol=0.0001, verbose=0,
                   warm_start=False)
2026-10-07 18:06:26,630:INFO:create_model() successfully completed......................................
2026-10-07 18:06:26,820:INFO:_master_model_container: 13
2026-10-07 18:06:26,820:INFO:_display_container: 2
2026-10-07 18:06:26,821:INFO:LogisticRegression(C=1.0, class_weight=None, dual=False, fit_intercept=True,
                   intercept_scaling=1, l1_ratio=None, max_iter=1000,
                   multi_class='auto', n_jobs=None, penalty='l2',
                   random_state=123, solver='lbfgs', tol=0.0001, verbose=0,
                   warm_start=False)
2026-10-07 18:06:26,821:INFO:compare_models() successfully completed......................................
2026-10-07 18:06:27,107:INFO:Initializing save_model()
2026-10-07 18:06:27,107:INFO:save_model(model=LogisticRegression(C=1.0, class_weight=None, dual=False, fit_intercept=True,
                   intercept_scaling=1, l1_ratio=None, max_iter=1000,
                   multi_class='auto', n_jobs=None, penalty='l2',
                   random_state=123, solver='lbfgs', tol=0.0001, verbose=0,
                   warm_start=False), model_name=best_student_performance_model, prep_pipe_=Pipeline(memory=FastMemory(location=C:\Users\CM\AppData\Local\Temp\joblib),
         steps=[('numerical_imputer',
                 TransformerWrapper(exclude=None,
                                    include=['Age', 'StudyTimeWeekly',
                                             'Absences'],
                                    transformer=SimpleImputer(add_indicator=False,
                                                              copy=True,
                                                              fill_value=None,
                                                              keep_empty_features=False,
                                                              missing_values=nan,
                                                              strategy='mean'))),
                ('categorical_imputer',
                 Transformer...
                                                               return_df=True,
                                                               verbose=0))),
                ('onehot_encoding',
                 TransformerWrapper(exclude=None,
                                    include=['Ethnicity', 'ParentalEducation',
                                             'ParentalSupport'],
                                    transformer=OneHotEncoder(cols=['Ethnicity',
                                                                    'ParentalEducation',
                                                                    'ParentalSupport'],
                                                              drop_invariant=False,
                                                              handle_missing='return_nan',
                                                              handle_unknown='value',
                                                              return_df=True,
                                                              use_cat_names=True,
                                                              verbose=0)))],
         verbose=False), verbose=True, use_case=MLUsecase.CLASSIFICATION, kwargs={})
2026-10-07 18:06:27,107:INFO:Adding model into prep_pipe
2026-10-07 18:06:27,168:INFO:best_student_performance_model.pkl saved in current working directory
2026-10-07 18:06:27,382:INFO:Pipeline(memory=Memory(location=None),
         steps=[('numerical_imputer',
                 TransformerWrapper(exclude=None,
                                    include=['Age', 'StudyTimeWeekly',
                                             'Absences'],
                                    transformer=SimpleImputer(add_indicator=False,
                                                              copy=True,
                                                              fill_value=None,
                                                              keep_empty_features=False,
                                                              missing_values=nan,
                                                              strategy='mean'))),
                ('categorical_imputer',
                 TransformerWrapper(exclude=None,
                                    include=['Gender...
                                                              handle_missing='return_nan',
                                                              handle_unknown='value',
                                                              return_df=True,
                                                              use_cat_names=True,
                                                              verbose=0))),
                ('trained_model',
                 LogisticRegression(C=1.0, class_weight=None, dual=False,
                                    fit_intercept=True, intercept_scaling=1,
                                    l1_ratio=None, max_iter=1000,
                                    multi_class='auto', n_jobs=None,
                                    penalty='l2', random_state=123,
                                    solver='lbfgs', tol=0.0001, verbose=0,
                                    warm_start=False))],
         verbose=False)
2026-10-07 18:06:27,382:INFO:save_model() successfully completed......................................
2026-10-07 18:08:30,463:WARNING:
'cuml' is a soft dependency and not included in the pycaret installation. Please run: `pip install cuml` to install.
2026-10-07 18:08:30,464:WARNING:
'cuml' is a soft dependency and not included in the pycaret installation. Please run: `pip install cuml` to install.
2026-10-07 18:08:30,464:WARNING:
'cuml' is a soft dependency and not included in the pycaret installation. Please run: `pip install cuml` to install.
2026-10-07 18:08:30,464:WARNING:
'cuml' is a soft dependency and not included in the pycaret installation. Please run: `pip install cuml` to install.
2026-10-07 18:08:31,617:INFO:PyCaret ClassificationExperiment
2026-10-07 18:08:31,617:INFO:Logging name: clf-default-name
2026-10-07 18:08:31,617:INFO:ML Usecase: MLUsecase.CLASSIFICATION
2026-10-07 18:08:31,617:INFO:version 3.3.2
2026-10-07 18:08:31,617:INFO:Initializing setup()
2026-10-07 18:08:31,617:INFO:self.USI: 0f9e
2026-10-07 18:08:31,617:INFO:self._variable_keys: {'memory', 'fix_imbalance', 'exp_id', 'idx', 'fold_generator', 'html_param', 'is_multiclass', 'USI', 'X_train', 'exp_name_log', 'target_param', 'fold_shuffle_param', 'gpu_param', 'logging_param', 'y_train', 'X_test', 'fold_groups_param', 'y_test', 'gpu_n_jobs_param', 'X', 'data', 'seed', 'y', '_ml_usecase', 'n_jobs_param', 'log_plots_param', '_available_plots', 'pipeline'}
2026-10-07 18:08:31,618:INFO:Checking environment
2026-10-07 18:08:31,618:INFO:python_version: 3.11.9
2026-10-07 18:08:31,618:INFO:python_build: ('tags/v3.11.9:de54cf5', 'Apr  2 2024 10:12:12')
2026-10-07 18:08:31,618:INFO:machine: AMD64
2026-10-07 18:08:31,637:INFO:platform: Windows-10-10.0.26200-SP0
2026-10-07 18:08:31,637:INFO:Memory: svmem(total=8307642368, available=1040338944, percent=87.5, used=7267303424, free=1040338944)
2026-10-07 18:08:31,637:INFO:Physical Core: 6
2026-10-07 18:08:31,637:INFO:Logical Core: 12
2026-10-07 18:08:31,637:INFO:Checking libraries
2026-10-07 18:08:31,637:INFO:System:
2026-10-07 18:08:31,637:INFO:    python: 3.11.9 (tags/v3.11.9:de54cf5, Apr  2 2024, 10:12:12) [MSC v.1938 64 bit (AMD64)]
2026-10-07 18:08:31,637:INFO:executable: D:\AI Engineering\FastAPI\model AI\.venv\Scripts\python.exe
2026-10-07 18:08:31,638:INFO:   machine: Windows-10-10.0.26200-SP0
2026-10-07 18:08:31,638:INFO:PyCaret required dependencies:
2026-10-07 18:08:31,638:WARNING:D:\AI Engineering\FastAPI\model AI\.venv\Lib\site-packages\_distutils_hack\__init__.py:33: UserWarning: Setuptools is replacing distutils.
  warnings.warn("Setuptools is replacing distutils.")

2026-10-07 18:08:31,670:INFO:                 pip: 26.2.1
2026-10-07 18:08:31,670:INFO:          setuptools: 65.5.0
2026-10-07 18:08:31,670:INFO:             pycaret: 3.3.2
2026-10-07 18:08:31,670:INFO:             IPython: 9.17.1
2026-10-07 18:08:31,670:INFO:          ipywidgets: 8.1.9
2026-10-07 18:08:31,670:INFO:                tqdm: 4.70.1
2026-10-07 18:08:31,670:INFO:               numpy: 1.26.4
2026-10-07 18:08:31,670:INFO:              pandas: 2.1.4
2026-10-07 18:08:31,670:INFO:              jinja2: 3.1.6
2026-10-07 18:08:31,671:INFO:               scipy: 1.11.4
2026-10-07 18:08:31,671:INFO:              joblib: 1.3.2
2026-10-07 18:08:31,671:INFO:             sklearn: 1.4.2
2026-10-07 18:08:31,671:INFO:                pyod: 3.4.0
2026-10-07 18:08:31,671:INFO:            imblearn: 0.14.2
2026-10-07 18:08:31,671:INFO:   category_encoders: 2.7.0
2026-10-07 18:08:31,671:INFO:            lightgbm: 4.7.0
2026-10-07 18:08:31,671:INFO:               numba: 0.68.0
2026-10-07 18:08:31,671:INFO:            requests: 2.34.2
2026-10-07 18:08:31,671:INFO:          matplotlib: 3.7.5
2026-10-07 18:08:31,671:INFO:          scikitplot: 0.3.7
2026-10-07 18:08:31,671:INFO:         yellowbrick: 1.5
2026-10-07 18:08:31,671:INFO:              plotly: 6.9.0
2026-10-07 18:08:31,671:INFO:    plotly-resampler: Not installed
2026-10-07 18:08:31,671:INFO:             kaleido: 1.5.0
2026-10-07 18:08:31,671:INFO:           schemdraw: 0.15
2026-10-07 18:08:31,671:INFO:         statsmodels: 0.15.0
2026-10-07 18:08:31,671:INFO:              sktime: 0.26.0
2026-10-07 18:08:31,671:INFO:               tbats: 1.1.3
2026-10-07 18:08:31,671:INFO:            pmdarima: 2.0.4
2026-10-07 18:08:31,671:INFO:              psutil: 7.2.2
2026-10-07 18:08:31,671:INFO:          markupsafe: 3.0.4
2026-10-07 18:08:31,671:INFO:             pickle5: Not installed
2026-10-07 18:08:31,671:INFO:         cloudpickle: 3.1.2
2026-10-07 18:08:31,671:INFO:         deprecation: 2.1.0
2026-10-07 18:08:31,671:INFO:              xxhash: 4.0.1
2026-10-07 18:08:31,671:INFO:           wurlitzer: Not installed
2026-10-07 18:08:31,671:INFO:PyCaret optional dependencies:
2026-10-07 18:08:31,677:INFO:                shap: Not installed
2026-10-07 18:08:31,677:INFO:           interpret: Not installed
2026-10-07 18:08:31,677:INFO:                umap: Not installed
2026-10-07 18:08:31,677:INFO:     ydata_profiling: Not installed
2026-10-07 18:08:31,677:INFO:  explainerdashboard: Not installed
2026-10-07 18:08:31,677:INFO:             autoviz: Not installed
2026-10-07 18:08:31,677:INFO:           fairlearn: Not installed
2026-10-07 18:08:31,677:INFO:          deepchecks: Not installed
2026-10-07 18:08:31,677:INFO:             xgboost: Not installed
2026-10-07 18:08:31,677:INFO:            catboost: Not installed
2026-10-07 18:08:31,677:INFO:              kmodes: Not installed
2026-10-07 18:08:31,677:INFO:             mlxtend: Not installed
2026-10-07 18:08:31,677:INFO:       statsforecast: Not installed
2026-10-07 18:08:31,678:INFO:        tune_sklearn: Not installed
2026-10-07 18:08:31,678:INFO:                 ray: Not installed
2026-10-07 18:08:31,678:INFO:            hyperopt: Not installed
2026-10-07 18:08:31,678:INFO:              optuna: Not installed
2026-10-07 18:08:31,678:INFO:               skopt: Not installed
2026-10-07 18:08:31,678:INFO:              mlflow: Not installed
2026-10-07 18:08:31,678:INFO:              gradio: Not installed
2026-10-07 18:08:31,678:INFO:             fastapi: Not installed
2026-10-07 18:08:31,678:INFO:             uvicorn: Not installed
2026-10-07 18:08:31,678:INFO:              m2cgen: Not installed
2026-10-07 18:08:31,678:INFO:           evidently: Not installed
2026-10-07 18:08:31,678:INFO:               fugue: Not installed
2026-10-07 18:08:31,678:INFO:           streamlit: Not installed
2026-10-07 18:08:31,678:INFO:             prophet: Not installed
2026-10-07 18:08:31,678:INFO:None
2026-10-07 18:08:31,678:INFO:Set up data.
2026-10-07 18:08:31,692:INFO:Set up folding strategy.
2026-10-07 18:08:31,692:INFO:Set up train/test split.
2026-10-07 18:08:31,702:INFO:Set up index.
2026-10-07 18:08:31,703:INFO:Assigning column types.
2026-10-07 18:08:31,706:INFO:Engine successfully changes for model 'lr' to 'sklearn'.
2026-10-07 18:08:31,738:INFO:Engine for model 'knn' has not been set explicitly, hence returning None.
2026-10-07 18:08:31,741:INFO:Engine for model 'rbfsvm' has not been set explicitly, hence returning None.
2026-10-07 18:08:31,778:WARNING:
'xgboost' is a soft dependency and not included in the pycaret installation. Please run: `pip install xgboost` to install.
Alternately, you can install this by running `pip install pycaret[models]`
2026-10-07 18:08:31,778:WARNING:
'catboost' is a soft dependency and not included in the pycaret installation. Please run: `pip install catboost` to install.
Alternately, you can install this by running `pip install pycaret[models]`
2026-10-07 18:08:31,812:INFO:Engine for model 'knn' has not been set explicitly, hence returning None.
2026-10-07 18:08:31,812:INFO:Engine for model 'rbfsvm' has not been set explicitly, hence returning None.
2026-10-07 18:08:31,834:WARNING:
'xgboost' is a soft dependency and not included in the pycaret installation. Please run: `pip install xgboost` to install.
Alternately, you can install this by running `pip install pycaret[models]`
2026-10-07 18:08:31,835:WARNING:
'catboost' is a soft dependency and not included in the pycaret installation. Please run: `pip install catboost` to install.
Alternately, you can install this by running `pip install pycaret[models]`
2026-10-07 18:08:31,835:INFO:Engine successfully changes for model 'knn' to 'sklearn'.
2026-10-07 18:08:31,874:INFO:Engine for model 'rbfsvm' has not been set explicitly, hence returning None.
2026-10-07 18:08:31,894:WARNING:
'xgboost' is a soft dependency and not included in the pycaret installation. Please run: `pip install xgboost` to install.
Alternately, you can install this by running `pip install pycaret[models]`
2026-10-07 18:08:31,894:WARNING:
'catboost' is a soft dependency and not included in the pycaret installation. Please run: `pip install catboost` to install.
Alternately, you can install this by running `pip install pycaret[models]`
2026-10-07 18:08:31,932:INFO:Engine for model 'rbfsvm' has not been set explicitly, hence returning None.
2026-10-07 18:08:31,953:WARNING:
'xgboost' is a soft dependency and not included in the pycaret installation. Please run: `pip install xgboost` to install.
Alternately, you can install this by running `pip install pycaret[models]`
2026-10-07 18:08:31,953:WARNING:
'catboost' is a soft dependency and not included in the pycaret installation. Please run: `pip install catboost` to install.
Alternately, you can install this by running `pip install pycaret[models]`
2026-10-07 18:08:31,954:INFO:Engine successfully changes for model 'rbfsvm' to 'sklearn'.
2026-10-07 18:08:32,019:WARNING:
'xgboost' is a soft dependency and not included in the pycaret installation. Please run: `pip install xgboost` to install.
Alternately, you can install this by running `pip install pycaret[models]`
2026-10-07 18:08:32,019:WARNING:
'catboost' is a soft dependency and not included in the pycaret installation. Please run: `pip install catboost` to install.
Alternately, you can install this by running `pip install pycaret[models]`
2026-10-07 18:08:32,086:WARNING:
'xgboost' is a soft dependency and not included in the pycaret installation. Please run: `pip install xgboost` to install.
Alternately, you can install this by running `pip install pycaret[models]`
2026-10-07 18:08:32,086:WARNING:
'catboost' is a soft dependency and not included in the pycaret installation. Please run: `pip install catboost` to install.
Alternately, you can install this by running `pip install pycaret[models]`
2026-10-07 18:08:32,088:INFO:Preparing preprocessing pipeline...
2026-10-07 18:08:32,097:INFO:Set up simple imputation.
2026-10-07 18:08:32,105:INFO:Set up encoding of ordinal features.
2026-10-07 18:08:32,120:INFO:Set up encoding of categorical features.
2026-10-07 18:08:32,231:INFO:Finished creating preprocessing pipeline.
2026-10-07 18:08:32,316:INFO:Pipeline: Pipeline(memory=FastMemory(location=C:\Users\CM\AppData\Local\Temp\joblib),
         steps=[('numerical_imputer',
                 TransformerWrapper(exclude=None,
                                    include=['Age', 'StudyTimeWeekly',
                                             'Absences'],
                                    transformer=SimpleImputer(add_indicator=False,
                                                              copy=True,
                                                              fill_value=None,
                                                              keep_empty_features=False,
                                                              missing_values=nan,
                                                              strategy='mean'))),
                ('categorical_imputer',
                 Transformer...
                                                               return_df=True,
                                                               verbose=0))),
                ('onehot_encoding',
                 TransformerWrapper(exclude=None,
                                    include=['Ethnicity', 'ParentalEducation',
                                             'ParentalSupport'],
                                    transformer=OneHotEncoder(cols=['Ethnicity',
                                                                    'ParentalEducation',
                                                                    'ParentalSupport'],
                                                              drop_invariant=False,
                                                              handle_missing='return_nan',
                                                              handle_unknown='value',
                                                              return_df=True,
                                                              use_cat_names=True,
                                                              verbose=0)))],
         verbose=False)
2026-10-07 18:08:32,316:INFO:Creating final display dataframe.
2026-10-07 18:08:32,421:INFO:Setup _display_container:                     Description             Value
0                    Session id               123
1                        Target        GradeClass
2                   Target type        Multiclass
3           Original data shape        (2392, 15)
4        Transformed data shape        (2392, 24)
5   Transformed train set shape        (1674, 24)
6    Transformed test set shape         (718, 24)
7               Ignore features                 2
8              Numeric features                 3
9          Categorical features                 9
10                   Preprocess              True
11              Imputation type            simple
12           Numeric imputation              mean
13       Categorical imputation              mode
14     Maximum one-hot encoding                25
15              Encoding method              None
16               Fold Generator   StratifiedKFold
17                  Fold Number                10
18                     CPU Jobs                -1
19                      Use GPU             False
20               Log Experiment             False
21              Experiment Name  clf-default-name
22                          USI              0f9e
2026-10-07 18:08:32,509:WARNING:
'xgboost' is a soft dependency and not included in the pycaret installation. Please run: `pip install xgboost` to install.
Alternately, you can install this by running `pip install pycaret[models]`
2026-10-07 18:08:32,510:WARNING:
'catboost' is a soft dependency and not included in the pycaret installation. Please run: `pip install catboost` to install.
Alternately, you can install this by running `pip install pycaret[models]`
2026-10-07 18:08:32,573:WARNING:
'xgboost' is a soft dependency and not included in the pycaret installation. Please run: `pip install xgboost` to install.
Alternately, you can install this by running `pip install pycaret[models]`
2026-10-07 18:08:32,574:WARNING:
'catboost' is a soft dependency and not included in the pycaret installation. Please run: `pip install catboost` to install.
Alternately, you can install this by running `pip install pycaret[models]`
2026-10-07 18:08:32,575:INFO:setup() successfully completed in 0.96s...............
2026-10-07 18:08:32,575:INFO:Initializing compare_models()
2026-10-07 18:08:32,575:INFO:compare_models(self=<pycaret.classification.oop.ClassificationExperiment object at 0x000001A89952AF90>, include=None, exclude=None, fold=None, round=4, cross_validation=True, sort=Accuracy, n_select=1, budget_time=None, turbo=True, errors=ignore, fit_kwargs=None, groups=None, experiment_custom_tags=None, probability_threshold=None, verbose=True, parallel=None, caller_params={'self': <pycaret.classification.oop.ClassificationExperiment object at 0x000001A89952AF90>, 'include': None, 'exclude': None, 'fold': None, 'round': 4, 'cross_validation': True, 'sort': 'Accuracy', 'n_select': 1, 'budget_time': None, 'turbo': True, 'errors': 'ignore', 'fit_kwargs': None, 'groups': None, 'experiment_custom_tags': None, 'probability_threshold': None, 'engine': None, 'verbose': True, 'parallel': None, '__class__': <class 'pycaret.classification.oop.ClassificationExperiment'>})
2026-10-07 18:08:32,575:INFO:Checking exceptions
2026-10-07 18:08:32,579:INFO:Preparing display monitor
2026-10-07 18:08:32,584:INFO:Initializing Logistic Regression
2026-10-07 18:08:32,585:INFO:Total runtime is 1.6927719116210938e-05 minutes
2026-10-07 18:08:32,585:INFO:SubProcess create_model() called ==================================
2026-10-07 18:08:32,585:INFO:Initializing create_model()
2026-10-07 18:08:32,585:INFO:create_model(self=<pycaret.classification.oop.ClassificationExperiment object at 0x000001A89952AF90>, estimator=lr, fold=StratifiedKFold(n_splits=10, random_state=None, shuffle=False), round=4, cross_validation=True, predict=True, fit_kwargs={}, groups=None, refit=False, probability_threshold=None, experiment_custom_tags=None, verbose=False, system=False, add_to_model_list=True, metrics=None, display=<pycaret.internal.display.display.CommonDisplay object at 0x000001A89FD06710>, model_only=True, return_train_score=False, error_score=0.0, kwargs={})
2026-10-07 18:08:32,585:INFO:Checking exceptions
2026-10-07 18:08:32,585:INFO:Importing libraries
2026-10-07 18:08:32,585:INFO:Copying training dataset
2026-10-07 18:08:32,590:INFO:Defining folds
2026-10-07 18:08:32,590:INFO:Declaring metric variables
2026-10-07 18:08:32,590:INFO:Importing untrained model
2026-10-07 18:08:32,590:INFO:Logistic Regression Imported successfully
2026-10-07 18:08:32,590:INFO:Starting cross validation
2026-10-07 18:08:32,592:INFO:Cross validating with StratifiedKFold(n_splits=10, random_state=None, shuffle=False), n_jobs=-1
2026-10-07 18:08:40,821:WARNING:D:\AI Engineering\FastAPI\model AI\.venv\Lib\site-packages\_distutils_hack\__init__.py:33: UserWarning: Setuptools is replacing distutils.
  warnings.warn("Setuptools is replacing distutils.")

2026-10-07 18:08:41,108:WARNING:D:\AI Engineering\FastAPI\model AI\.venv\Lib\site-packages\_distutils_hack\__init__.py:33: UserWarning: Setuptools is replacing distutils.
  warnings.warn("Setuptools is replacing distutils.")

2026-10-07 18:08:41,193:WARNING:D:\AI Engineering\FastAPI\model AI\.venv\Lib\site-packages\_distutils_hack\__init__.py:33: UserWarning: Setuptools is replacing distutils.
  warnings.warn("Setuptools is replacing distutils.")

2026-10-07 18:08:41,311:WARNING:D:\AI Engineering\FastAPI\model AI\.venv\Lib\site-packages\_distutils_hack\__init__.py:33: UserWarning: Setuptools is replacing distutils.
  warnings.warn("Setuptools is replacing distutils.")

2026-10-07 18:08:41,343:WARNING:D:\AI Engineering\FastAPI\model AI\.venv\Lib\site-packages\_distutils_hack\__init__.py:33: UserWarning: Setuptools is replacing distutils.
  warnings.warn("Setuptools is replacing distutils.")

2026-10-07 18:08:41,378:WARNING:D:\AI Engineering\FastAPI\model AI\.venv\Lib\site-packages\_distutils_hack\__init__.py:33: UserWarning: Setuptools is replacing distutils.
  warnings.warn("Setuptools is replacing distutils.")

2026-10-07 18:08:41,390:WARNING:D:\AI Engineering\FastAPI\model AI\.venv\Lib\site-packages\_distutils_hack\__init__.py:33: UserWarning: Setuptools is replacing distutils.
  warnings.warn("Setuptools is replacing distutils.")

2026-10-07 18:08:41,408:WARNING:D:\AI Engineering\FastAPI\model AI\.venv\Lib\site-packages\_distutils_hack\__init__.py:33: UserWarning: Setuptools is replacing distutils.
  warnings.warn("Setuptools is replacing distutils.")

2026-10-07 18:08:41,437:WARNING:D:\AI Engineering\FastAPI\model AI\.venv\Lib\site-packages\_distutils_hack\__init__.py:33: UserWarning: Setuptools is replacing distutils.
  warnings.warn("Setuptools is replacing distutils.")

2026-10-07 18:08:41,757:WARNING:D:\AI Engineering\FastAPI\model AI\.venv\Lib\site-packages\_distutils_hack\__init__.py:33: UserWarning: Setuptools is replacing distutils.
  warnings.warn("Setuptools is replacing distutils.")

2026-10-07 18:08:42,085:WARNING:D:\AI Engineering\FastAPI\model AI\.venv\Lib\site-packages\pycaret\internal\metrics.py:204: FitFailedWarning: Metric 'make_scorer(roc_auc_score, response_method=('decision_function', 'predict_proba'), average=weighted, multi_class=ovr)' failed and error score 0.0 has been returned instead. If this is a custom metric, this usually means that the error is in the metric code. Full exception below:
Traceback (most recent call last):
  File "D:\AI Engineering\FastAPI\model AI\.venv\Lib\site-packages\pycaret\internal\metrics.py", line 196, in _score
    return super()._score(
           ^^^^^^^^^^^^^^^
  File "D:\AI Engineering\FastAPI\model AI\.venv\Lib\site-packages\sklearn\metrics\_scorer.py", line 350, in _score
    return self._sign * self._score_func(y_true, y_pred, **scoring_kwargs)
                        ^^^^^^^^^^^^^^^^^^^^^^^^^^^^^^^^^^^^^^^^^^^^^^^^^^
  File "D:\AI Engineering\FastAPI\model AI\.venv\Lib\site-packages\pycaret\internal\metrics.py", line 144, in __call__
    return self.score_func(y_true, y_pred, **kwargs)
           ^^^^^^^^^^^^^^^^^^^^^^^^^^^^^^^^^^^^^^^^^
  File "D:\AI Engineering\FastAPI\model AI\.venv\Lib\site-packages\sklearn\utils\_param_validation.py", line 213, in wrapper
    return func(*args, **kwargs)
           ^^^^^^^^^^^^^^^^^^^^^
  File "D:\AI Engineering\FastAPI\model AI\.venv\Lib\site-packages\sklearn\metrics\_ranking.py", line 634, in roc_auc_score
    return _multiclass_roc_auc_score(
           ^^^^^^^^^^^^^^^^^^^^^^^^^^
  File "D:\AI Engineering\FastAPI\model AI\.venv\Lib\site-packages\sklearn\metrics\_ranking.py", line 707, in _multiclass_roc_auc_score
    raise ValueError(
ValueError: Target scores need to be probabilities for multiclass roc_auc, i.e. they should sum up to 1.0 over classes

  warnings.warn(

2026-10-07 18:08:42,424:WARNING:D:\AI Engineering\FastAPI\model AI\.venv\Lib\site-packages\pycaret\internal\metrics.py:204: FitFailedWarning: Metric 'make_scorer(roc_auc_score, response_method=('decision_function', 'predict_proba'), average=weighted, multi_class=ovr)' failed and error score 0.0 has been returned instead. If this is a custom metric, this usually means that the error is in the metric code. Full exception below:
Traceback (most recent call last):
  File "D:\AI Engineering\FastAPI\model AI\.venv\Lib\site-packages\pycaret\internal\metrics.py", line 196, in _score
    return super()._score(
           ^^^^^^^^^^^^^^^
  File "D:\AI Engineering\FastAPI\model AI\.venv\Lib\site-packages\sklearn\metrics\_scorer.py", line 350, in _score
    return self._sign * self._score_func(y_true, y_pred, **scoring_kwargs)
                        ^^^^^^^^^^^^^^^^^^^^^^^^^^^^^^^^^^^^^^^^^^^^^^^^^^
  File "D:\AI Engineering\FastAPI\model AI\.venv\Lib\site-packages\pycaret\internal\metrics.py", line 144, in __call__
    return self.score_func(y_true, y_pred, **kwargs)
           ^^^^^^^^^^^^^^^^^^^^^^^^^^^^^^^^^^^^^^^^^
  File "D:\AI Engineering\FastAPI\model AI\.venv\Lib\site-packages\sklearn\utils\_param_validation.py", line 213, in wrapper
    return func(*args, **kwargs)
           ^^^^^^^^^^^^^^^^^^^^^
  File "D:\AI Engineering\FastAPI\model AI\.venv\Lib\site-packages\sklearn\metrics\_ranking.py", line 634, in roc_auc_score
    return _multiclass_roc_auc_score(
           ^^^^^^^^^^^^^^^^^^^^^^^^^^
  File "D:\AI Engineering\FastAPI\model AI\.venv\Lib\site-packages\sklearn\metrics\_ranking.py", line 707, in _multiclass_roc_auc_score
    raise ValueError(
ValueError: Target scores need to be probabilities for multiclass roc_auc, i.e. they should sum up to 1.0 over classes

  warnings.warn(

2026-10-07 18:08:42,461:WARNING:D:\AI Engineering\FastAPI\model AI\.venv\Lib\site-packages\sklearn\linear_model\_logistic.py:469: ConvergenceWarning: lbfgs failed to converge (status=1):
STOP: TOTAL NO. of ITERATIONS REACHED LIMIT.

Increase the number of iterations (max_iter) or scale the data as shown in:
    https://scikit-learn.org/stable/modules/preprocessing.html
Please also refer to the documentation for alternative solver options:
    https://scikit-learn.org/stable/modules/linear_model.html#logistic-regression
  n_iter_i = _check_optimize_result(

2026-10-07 18:08:42,474:WARNING:D:\AI Engineering\FastAPI\model AI\.venv\Lib\site-packages\sklearn\linear_model\_logistic.py:469: ConvergenceWarning: lbfgs failed to converge (status=1):
STOP: TOTAL NO. of ITERATIONS REACHED LIMIT.

Increase the number of iterations (max_iter) or scale the data as shown in:
    https://scikit-learn.org/stable/modules/preprocessing.html
Please also refer to the documentation for alternative solver options:
    https://scikit-learn.org/stable/modules/linear_model.html#logistic-regression
  n_iter_i = _check_optimize_result(

2026-10-07 18:08:42,512:WARNING:D:\AI Engineering\FastAPI\model AI\.venv\Lib\site-packages\sklearn\linear_model\_logistic.py:469: ConvergenceWarning: lbfgs failed to converge (status=1):
STOP: TOTAL NO. of ITERATIONS REACHED LIMIT.

Increase the number of iterations (max_iter) or scale the data as shown in:
    https://scikit-learn.org/stable/modules/preprocessing.html
Please also refer to the documentation for alternative solver options:
    https://scikit-learn.org/stable/modules/linear_model.html#logistic-regression
  n_iter_i = _check_optimize_result(

2026-10-07 18:08:42,552:WARNING:D:\AI Engineering\FastAPI\model AI\.venv\Lib\site-packages\pycaret\internal\metrics.py:204: FitFailedWarning: Metric 'make_scorer(roc_auc_score, response_method=('decision_function', 'predict_proba'), average=weighted, multi_class=ovr)' failed and error score 0.0 has been returned instead. If this is a custom metric, this usually means that the error is in the metric code. Full exception below:
Traceback (most recent call last):
  File "D:\AI Engineering\FastAPI\model AI\.venv\Lib\site-packages\pycaret\internal\metrics.py", line 196, in _score
    return super()._score(
           ^^^^^^^^^^^^^^^
  File "D:\AI Engineering\FastAPI\model AI\.venv\Lib\site-packages\sklearn\metrics\_scorer.py", line 350, in _score
    return self._sign * self._score_func(y_true, y_pred, **scoring_kwargs)
                        ^^^^^^^^^^^^^^^^^^^^^^^^^^^^^^^^^^^^^^^^^^^^^^^^^^
  File "D:\AI Engineering\FastAPI\model AI\.venv\Lib\site-packages\pycaret\internal\metrics.py", line 144, in __call__
    return self.score_func(y_true, y_pred, **kwargs)
           ^^^^^^^^^^^^^^^^^^^^^^^^^^^^^^^^^^^^^^^^^
  File "D:\AI Engineering\FastAPI\model AI\.venv\Lib\site-packages\sklearn\utils\_param_validation.py", line 213, in wrapper
    return func(*args, **kwargs)
           ^^^^^^^^^^^^^^^^^^^^^
  File "D:\AI Engineering\FastAPI\model AI\.venv\Lib\site-packages\sklearn\metrics\_ranking.py", line 634, in roc_auc_score
    return _multiclass_roc_auc_score(
           ^^^^^^^^^^^^^^^^^^^^^^^^^^
  File "D:\AI Engineering\FastAPI\model AI\.venv\Lib\site-packages\sklearn\metrics\_ranking.py", line 707, in _multiclass_roc_auc_score
    raise ValueError(
ValueError: Target scores need to be probabilities for multiclass roc_auc, i.e. they should sum up to 1.0 over classes

  warnings.warn(

2026-10-07 18:08:42,566:WARNING:D:\AI Engineering\FastAPI\model AI\.venv\Lib\site-packages\pycaret\internal\metrics.py:204: FitFailedWarning: Metric 'make_scorer(roc_auc_score, response_method=('decision_function', 'predict_proba'), average=weighted, multi_class=ovr)' failed and error score 0.0 has been returned instead. If this is a custom metric, this usually means that the error is in the metric code. Full exception below:
Traceback (most recent call last):
  File "D:\AI Engineering\FastAPI\model AI\.venv\Lib\site-packages\pycaret\internal\metrics.py", line 196, in _score
    return super()._score(
           ^^^^^^^^^^^^^^^
  File "D:\AI Engineering\FastAPI\model AI\.venv\Lib\site-packages\sklearn\metrics\_scorer.py", line 350, in _score
    return self._sign * self._score_func(y_true, y_pred, **scoring_kwargs)
                        ^^^^^^^^^^^^^^^^^^^^^^^^^^^^^^^^^^^^^^^^^^^^^^^^^^
  File "D:\AI Engineering\FastAPI\model AI\.venv\Lib\site-packages\pycaret\internal\metrics.py", line 144, in __call__
    return self.score_func(y_true, y_pred, **kwargs)
           ^^^^^^^^^^^^^^^^^^^^^^^^^^^^^^^^^^^^^^^^^
  File "D:\AI Engineering\FastAPI\model AI\.venv\Lib\site-packages\sklearn\utils\_param_validation.py", line 213, in wrapper
    return func(*args, **kwargs)
           ^^^^^^^^^^^^^^^^^^^^^
  File "D:\AI Engineering\FastAPI\model AI\.venv\Lib\site-packages\sklearn\metrics\_ranking.py", line 634, in roc_auc_score
    return _multiclass_roc_auc_score(
           ^^^^^^^^^^^^^^^^^^^^^^^^^^
  File "D:\AI Engineering\FastAPI\model AI\.venv\Lib\site-packages\sklearn\metrics\_ranking.py", line 707, in _multiclass_roc_auc_score
    raise ValueError(
ValueError: Target scores need to be probabilities for multiclass roc_auc, i.e. they should sum up to 1.0 over classes

  warnings.warn(

2026-10-07 18:08:42,597:WARNING:D:\AI Engineering\FastAPI\model AI\.venv\Lib\site-packages\sklearn\linear_model\_logistic.py:469: ConvergenceWarning: lbfgs failed to converge (status=1):
STOP: TOTAL NO. of ITERATIONS REACHED LIMIT.

Increase the number of iterations (max_iter) or scale the data as shown in:
    https://scikit-learn.org/stable/modules/preprocessing.html
Please also refer to the documentation for alternative solver options:
    https://scikit-learn.org/stable/modules/linear_model.html#logistic-regression
  n_iter_i = _check_optimize_result(

2026-10-07 18:08:42,597:WARNING:D:\AI Engineering\FastAPI\model AI\.venv\Lib\site-packages\pycaret\internal\metrics.py:204: FitFailedWarning: Metric 'make_scorer(roc_auc_score, response_method=('decision_function', 'predict_proba'), average=weighted, multi_class=ovr)' failed and error score 0.0 has been returned instead. If this is a custom metric, this usually means that the error is in the metric code. Full exception below:
Traceback (most recent call last):
  File "D:\AI Engineering\FastAPI\model AI\.venv\Lib\site-packages\pycaret\internal\metrics.py", line 196, in _score
    return super()._score(
           ^^^^^^^^^^^^^^^
  File "D:\AI Engineering\FastAPI\model AI\.venv\Lib\site-packages\sklearn\metrics\_scorer.py", line 350, in _score
    return self._sign * self._score_func(y_true, y_pred, **scoring_kwargs)
                        ^^^^^^^^^^^^^^^^^^^^^^^^^^^^^^^^^^^^^^^^^^^^^^^^^^
  File "D:\AI Engineering\FastAPI\model AI\.venv\Lib\site-packages\pycaret\internal\metrics.py", line 144, in __call__
    return self.score_func(y_true, y_pred, **kwargs)
           ^^^^^^^^^^^^^^^^^^^^^^^^^^^^^^^^^^^^^^^^^
  File "D:\AI Engineering\FastAPI\model AI\.venv\Lib\site-packages\sklearn\utils\_param_validation.py", line 213, in wrapper
    return func(*args, **kwargs)
           ^^^^^^^^^^^^^^^^^^^^^
  File "D:\AI Engineering\FastAPI\model AI\.venv\Lib\site-packages\sklearn\metrics\_ranking.py", line 634, in roc_auc_score
    return _multiclass_roc_auc_score(
           ^^^^^^^^^^^^^^^^^^^^^^^^^^
  File "D:\AI Engineering\FastAPI\model AI\.venv\Lib\site-packages\sklearn\metrics\_ranking.py", line 707, in _multiclass_roc_auc_score
    raise ValueError(
ValueError: Target scores need to be probabilities for multiclass roc_auc, i.e. they should sum up to 1.0 over classes

  warnings.warn(

2026-10-07 18:08:42,672:WARNING:D:\AI Engineering\FastAPI\model AI\.venv\Lib\site-packages\pycaret\internal\metrics.py:204: FitFailedWarning: Metric 'make_scorer(roc_auc_score, response_method=('decision_function', 'predict_proba'), average=weighted, multi_class=ovr)' failed and error score 0.0 has been returned instead. If this is a custom metric, this usually means that the error is in the metric code. Full exception below:
Traceback (most recent call last):
  File "D:\AI Engineering\FastAPI\model AI\.venv\Lib\site-packages\pycaret\internal\metrics.py", line 196, in _score
    return super()._score(
           ^^^^^^^^^^^^^^^
  File "D:\AI Engineering\FastAPI\model AI\.venv\Lib\site-packages\sklearn\metrics\_scorer.py", line 350, in _score
    return self._sign * self._score_func(y_true, y_pred, **scoring_kwargs)
                        ^^^^^^^^^^^^^^^^^^^^^^^^^^^^^^^^^^^^^^^^^^^^^^^^^^
  File "D:\AI Engineering\FastAPI\model AI\.venv\Lib\site-packages\pycaret\internal\metrics.py", line 144, in __call__
    return self.score_func(y_true, y_pred, **kwargs)
           ^^^^^^^^^^^^^^^^^^^^^^^^^^^^^^^^^^^^^^^^^
  File "D:\AI Engineering\FastAPI\model AI\.venv\Lib\site-packages\sklearn\utils\_param_validation.py", line 213, in wrapper
    return func(*args, **kwargs)
           ^^^^^^^^^^^^^^^^^^^^^
  File "D:\AI Engineering\FastAPI\model AI\.venv\Lib\site-packages\sklearn\metrics\_ranking.py", line 634, in roc_auc_score
    return _multiclass_roc_auc_score(
           ^^^^^^^^^^^^^^^^^^^^^^^^^^
  File "D:\AI Engineering\FastAPI\model AI\.venv\Lib\site-packages\sklearn\metrics\_ranking.py", line 707, in _multiclass_roc_auc_score
    raise ValueError(
ValueError: Target scores need to be probabilities for multiclass roc_auc, i.e. they should sum up to 1.0 over classes

  warnings.warn(

2026-10-07 18:08:42,676:WARNING:D:\AI Engineering\FastAPI\model AI\.venv\Lib\site-packages\sklearn\linear_model\_logistic.py:469: ConvergenceWarning: lbfgs failed to converge (status=1):
STOP: TOTAL NO. of ITERATIONS REACHED LIMIT.

Increase the number of iterations (max_iter) or scale the data as shown in:
    https://scikit-learn.org/stable/modules/preprocessing.html
Please also refer to the documentation for alternative solver options:
    https://scikit-learn.org/stable/modules/linear_model.html#logistic-regression
  n_iter_i = _check_optimize_result(

2026-10-07 18:08:42,686:WARNING:D:\AI Engineering\FastAPI\model AI\.venv\Lib\site-packages\pycaret\internal\metrics.py:204: FitFailedWarning: Metric 'make_scorer(roc_auc_score, response_method=('decision_function', 'predict_proba'), average=weighted, multi_class=ovr)' failed and error score 0.0 has been returned instead. If this is a custom metric, this usually means that the error is in the metric code. Full exception below:
Traceback (most recent call last):
  File "D:\AI Engineering\FastAPI\model AI\.venv\Lib\site-packages\pycaret\internal\metrics.py", line 196, in _score
    return super()._score(
           ^^^^^^^^^^^^^^^
  File "D:\AI Engineering\FastAPI\model AI\.venv\Lib\site-packages\sklearn\metrics\_scorer.py", line 350, in _score
    return self._sign * self._score_func(y_true, y_pred, **scoring_kwargs)
                        ^^^^^^^^^^^^^^^^^^^^^^^^^^^^^^^^^^^^^^^^^^^^^^^^^^
  File "D:\AI Engineering\FastAPI\model AI\.venv\Lib\site-packages\pycaret\internal\metrics.py", line 144, in __call__
    return self.score_func(y_true, y_pred, **kwargs)
           ^^^^^^^^^^^^^^^^^^^^^^^^^^^^^^^^^^^^^^^^^
  File "D:\AI Engineering\FastAPI\model AI\.venv\Lib\site-packages\sklearn\utils\_param_validation.py", line 213, in wrapper
    return func(*args, **kwargs)
           ^^^^^^^^^^^^^^^^^^^^^
  File "D:\AI Engineering\FastAPI\model AI\.venv\Lib\site-packages\sklearn\metrics\_ranking.py", line 634, in roc_auc_score
    return _multiclass_roc_auc_score(
           ^^^^^^^^^^^^^^^^^^^^^^^^^^
  File "D:\AI Engineering\FastAPI\model AI\.venv\Lib\site-packages\sklearn\metrics\_ranking.py", line 707, in _multiclass_roc_auc_score
    raise ValueError(
ValueError: Target scores need to be probabilities for multiclass roc_auc, i.e. they should sum up to 1.0 over classes

  warnings.warn(

2026-10-07 18:08:42,712:WARNING:D:\AI Engineering\FastAPI\model AI\.venv\Lib\site-packages\pycaret\internal\metrics.py:204: FitFailedWarning: Metric 'make_scorer(roc_auc_score, response_method=('decision_function', 'predict_proba'), average=weighted, multi_class=ovr)' failed and error score 0.0 has been returned instead. If this is a custom metric, this usually means that the error is in the metric code. Full exception below:
Traceback (most recent call last):
  File "D:\AI Engineering\FastAPI\model AI\.venv\Lib\site-packages\pycaret\internal\metrics.py", line 196, in _score
    return super()._score(
           ^^^^^^^^^^^^^^^
  File "D:\AI Engineering\FastAPI\model AI\.venv\Lib\site-packages\sklearn\metrics\_scorer.py", line 350, in _score
    return self._sign * self._score_func(y_true, y_pred, **scoring_kwargs)
                        ^^^^^^^^^^^^^^^^^^^^^^^^^^^^^^^^^^^^^^^^^^^^^^^^^^
  File "D:\AI Engineering\FastAPI\model AI\.venv\Lib\site-packages\pycaret\internal\metrics.py", line 144, in __call__
    return self.score_func(y_true, y_pred, **kwargs)
           ^^^^^^^^^^^^^^^^^^^^^^^^^^^^^^^^^^^^^^^^^
  File "D:\AI Engineering\FastAPI\model AI\.venv\Lib\site-packages\sklearn\utils\_param_validation.py", line 213, in wrapper
    return func(*args, **kwargs)
           ^^^^^^^^^^^^^^^^^^^^^
  File "D:\AI Engineering\FastAPI\model AI\.venv\Lib\site-packages\sklearn\metrics\_ranking.py", line 634, in roc_auc_score
    return _multiclass_roc_auc_score(
           ^^^^^^^^^^^^^^^^^^^^^^^^^^
  File "D:\AI Engineering\FastAPI\model AI\.venv\Lib\site-packages\sklearn\metrics\_ranking.py", line 707, in _multiclass_roc_auc_score
    raise ValueError(
ValueError: Target scores need to be probabilities for multiclass roc_auc, i.e. they should sum up to 1.0 over classes

  warnings.warn(

2026-10-07 18:08:42,762:WARNING:D:\AI Engineering\FastAPI\model AI\.venv\Lib\site-packages\pycaret\internal\metrics.py:204: FitFailedWarning: Metric 'make_scorer(roc_auc_score, response_method=('decision_function', 'predict_proba'), average=weighted, multi_class=ovr)' failed and error score 0.0 has been returned instead. If this is a custom metric, this usually means that the error is in the metric code. Full exception below:
Traceback (most recent call last):
  File "D:\AI Engineering\FastAPI\model AI\.venv\Lib\site-packages\pycaret\internal\metrics.py", line 196, in _score
    return super()._score(
           ^^^^^^^^^^^^^^^
  File "D:\AI Engineering\FastAPI\model AI\.venv\Lib\site-packages\sklearn\metrics\_scorer.py", line 350, in _score
    return self._sign * self._score_func(y_true, y_pred, **scoring_kwargs)
                        ^^^^^^^^^^^^^^^^^^^^^^^^^^^^^^^^^^^^^^^^^^^^^^^^^^
  File "D:\AI Engineering\FastAPI\model AI\.venv\Lib\site-packages\pycaret\internal\metrics.py", line 144, in __call__
    return self.score_func(y_true, y_pred, **kwargs)
           ^^^^^^^^^^^^^^^^^^^^^^^^^^^^^^^^^^^^^^^^^
  File "D:\AI Engineering\FastAPI\model AI\.venv\Lib\site-packages\sklearn\utils\_param_validation.py", line 213, in wrapper
    return func(*args, **kwargs)
           ^^^^^^^^^^^^^^^^^^^^^
  File "D:\AI Engineering\FastAPI\model AI\.venv\Lib\site-packages\sklearn\metrics\_ranking.py", line 634, in roc_auc_score
    return _multiclass_roc_auc_score(
           ^^^^^^^^^^^^^^^^^^^^^^^^^^
  File "D:\AI Engineering\FastAPI\model AI\.venv\Lib\site-packages\sklearn\metrics\_ranking.py", line 707, in _multiclass_roc_auc_score
    raise ValueError(
ValueError: Target scores need to be probabilities for multiclass roc_auc, i.e. they should sum up to 1.0 over classes

  warnings.warn(

2026-10-07 18:08:42,887:WARNING:D:\AI Engineering\FastAPI\model AI\.venv\Lib\site-packages\pycaret\internal\metrics.py:204: FitFailedWarning: Metric 'make_scorer(roc_auc_score, response_method=('decision_function', 'predict_proba'), average=weighted, multi_class=ovr)' failed and error score 0.0 has been returned instead. If this is a custom metric, this usually means that the error is in the metric code. Full exception below:
Traceback (most recent call last):
  File "D:\AI Engineering\FastAPI\model AI\.venv\Lib\site-packages\pycaret\internal\metrics.py", line 196, in _score
    return super()._score(
           ^^^^^^^^^^^^^^^
  File "D:\AI Engineering\FastAPI\model AI\.venv\Lib\site-packages\sklearn\metrics\_scorer.py", line 350, in _score
    return self._sign * self._score_func(y_true, y_pred, **scoring_kwargs)
                        ^^^^^^^^^^^^^^^^^^^^^^^^^^^^^^^^^^^^^^^^^^^^^^^^^^
  File "D:\AI Engineering\FastAPI\model AI\.venv\Lib\site-packages\pycaret\internal\metrics.py", line 144, in __call__
    return self.score_func(y_true, y_pred, **kwargs)
           ^^^^^^^^^^^^^^^^^^^^^^^^^^^^^^^^^^^^^^^^^
  File "D:\AI Engineering\FastAPI\model AI\.venv\Lib\site-packages\sklearn\utils\_param_validation.py", line 213, in wrapper
    return func(*args, **kwargs)
           ^^^^^^^^^^^^^^^^^^^^^
  File "D:\AI Engineering\FastAPI\model AI\.venv\Lib\site-packages\sklearn\metrics\_ranking.py", line 634, in roc_auc_score
    return _multiclass_roc_auc_score(
           ^^^^^^^^^^^^^^^^^^^^^^^^^^
  File "D:\AI Engineering\FastAPI\model AI\.venv\Lib\site-packages\sklearn\metrics\_ranking.py", line 707, in _multiclass_roc_auc_score
    raise ValueError(
ValueError: Target scores need to be probabilities for multiclass roc_auc, i.e. they should sum up to 1.0 over classes

  warnings.warn(

2026-10-07 18:08:42,917:INFO:Calculating mean and std
2026-10-07 18:08:42,926:INFO:Creating metrics dataframe
2026-10-07 18:08:42,949:INFO:Uploading results into container
2026-10-07 18:08:42,951:INFO:Uploading model into container now
2026-10-07 18:08:42,955:INFO:_master_model_container: 1
2026-10-07 18:08:42,956:INFO:_display_container: 2
2026-10-07 18:08:42,959:INFO:LogisticRegression(C=1.0, class_weight=None, dual=False, fit_intercept=True,
                   intercept_scaling=1, l1_ratio=None, max_iter=1000,
                   multi_class='auto', n_jobs=None, penalty='l2',
                   random_state=123, solver='lbfgs', tol=0.0001, verbose=0,
                   warm_start=False)
2026-10-07 18:08:42,959:INFO:create_model() successfully completed......................................
2026-10-07 18:08:43,286:INFO:SubProcess create_model() end ==================================
2026-10-07 18:08:43,286:INFO:Creating metrics dataframe
2026-10-07 18:08:43,290:INFO:Initializing K Neighbors Classifier
2026-10-07 18:08:43,290:INFO:Total runtime is 0.1784364422162374 minutes
2026-10-07 18:08:43,290:INFO:SubProcess create_model() called ==================================
2026-10-07 18:08:43,290:INFO:Initializing create_model()
2026-10-07 18:08:43,290:INFO:create_model(self=<pycaret.classification.oop.ClassificationExperiment object at 0x000001A89952AF90>, estimator=knn, fold=StratifiedKFold(n_splits=10, random_state=None, shuffle=False), round=4, cross_validation=True, predict=True, fit_kwargs={}, groups=None, refit=False, probability_threshold=None, experiment_custom_tags=None, verbose=False, system=False, add_to_model_list=True, metrics=None, display=<pycaret.internal.display.display.CommonDisplay object at 0x000001A89FD06710>, model_only=True, return_train_score=False, error_score=0.0, kwargs={})
2026-10-07 18:08:43,291:INFO:Checking exceptions
2026-10-07 18:08:43,291:INFO:Importing libraries
2026-10-07 18:08:43,292:INFO:Copying training dataset
2026-10-07 18:08:43,302:INFO:Defining folds
2026-10-07 18:08:43,302:INFO:Declaring metric variables
2026-10-07 18:08:43,302:INFO:Importing untrained model
2026-10-07 18:08:43,303:INFO:K Neighbors Classifier Imported successfully
2026-10-07 18:08:43,304:INFO:Starting cross validation
2026-10-07 18:08:43,306:INFO:Cross validating with StratifiedKFold(n_splits=10, random_state=None, shuffle=False), n_jobs=-1
2026-10-07 18:08:50,451:WARNING:D:\AI Engineering\FastAPI\model AI\.venv\Lib\site-packages\_distutils_hack\__init__.py:33: UserWarning: Setuptools is replacing distutils.
  warnings.warn("Setuptools is replacing distutils.")

2026-10-07 18:08:50,458:WARNING:D:\AI Engineering\FastAPI\model AI\.venv\Lib\site-packages\_distutils_hack\__init__.py:33: UserWarning: Setuptools is replacing distutils.
  warnings.warn("Setuptools is replacing distutils.")

2026-10-07 18:08:50,715:INFO:Calculating mean and std
2026-10-07 18:08:50,717:INFO:Creating metrics dataframe
2026-10-07 18:08:50,720:INFO:Uploading results into container
2026-10-07 18:08:50,721:INFO:Uploading model into container now
2026-10-07 18:08:50,721:INFO:_master_model_container: 2
2026-10-07 18:08:50,721:INFO:_display_container: 2
2026-10-07 18:08:50,722:INFO:KNeighborsClassifier(algorithm='auto', leaf_size=30, metric='minkowski',
                     metric_params=None, n_jobs=-1, n_neighbors=5, p=2,
                     weights='uniform')
2026-10-07 18:08:50,722:INFO:create_model() successfully completed......................................
2026-10-07 18:08:50,821:INFO:SubProcess create_model() end ==================================
2026-10-07 18:08:50,821:INFO:Creating metrics dataframe
2026-10-07 18:08:50,826:INFO:Initializing Naive Bayes
2026-10-07 18:08:50,827:INFO:Total runtime is 0.30403159459431967 minutes
2026-10-07 18:08:50,827:INFO:SubProcess create_model() called ==================================
2026-10-07 18:08:50,827:INFO:Initializing create_model()
2026-10-07 18:08:50,827:INFO:create_model(self=<pycaret.classification.oop.ClassificationExperiment object at 0x000001A89952AF90>, estimator=nb, fold=StratifiedKFold(n_splits=10, random_state=None, shuffle=False), round=4, cross_validation=True, predict=True, fit_kwargs={}, groups=None, refit=False, probability_threshold=None, experiment_custom_tags=None, verbose=False, system=False, add_to_model_list=True, metrics=None, display=<pycaret.internal.display.display.CommonDisplay object at 0x000001A89FD06710>, model_only=True, return_train_score=False, error_score=0.0, kwargs={})
2026-10-07 18:08:50,827:INFO:Checking exceptions
2026-10-07 18:08:50,827:INFO:Importing libraries
2026-10-07 18:08:50,827:INFO:Copying training dataset
2026-10-07 18:08:50,832:INFO:Defining folds
2026-10-07 18:08:50,832:INFO:Declaring metric variables
2026-10-07 18:08:50,832:INFO:Importing untrained model
2026-10-07 18:08:50,833:INFO:Naive Bayes Imported successfully
2026-10-07 18:08:50,833:INFO:Starting cross validation
2026-10-07 18:08:50,836:INFO:Cross validating with StratifiedKFold(n_splits=10, random_state=None, shuffle=False), n_jobs=-1
2026-10-07 18:08:51,107:WARNING:D:\AI Engineering\FastAPI\model AI\.venv\Lib\site-packages\sklearn\metrics\_classification.py:1509: UndefinedMetricWarning: Precision is ill-defined and being set to 0.0 in labels with no predicted samples. Use `zero_division` parameter to control this behavior.
  _warn_prf(average, modifier, f"{metric.capitalize()} is", len(result))

2026-10-07 18:08:51,108:WARNING:D:\AI Engineering\FastAPI\model AI\.venv\Lib\site-packages\sklearn\metrics\_classification.py:1509: UndefinedMetricWarning: Precision is ill-defined and being set to 0.0 in labels with no predicted samples. Use `zero_division` parameter to control this behavior.
  _warn_prf(average, modifier, f"{metric.capitalize()} is", len(result))

2026-10-07 18:08:51,108:WARNING:D:\AI Engineering\FastAPI\model AI\.venv\Lib\site-packages\sklearn\metrics\_classification.py:1509: UndefinedMetricWarning: Precision is ill-defined and being set to 0.0 in labels with no predicted samples. Use `zero_division` parameter to control this behavior.
  _warn_prf(average, modifier, f"{metric.capitalize()} is", len(result))

2026-10-07 18:08:51,110:WARNING:D:\AI Engineering\FastAPI\model AI\.venv\Lib\site-packages\sklearn\metrics\_classification.py:1509: UndefinedMetricWarning: Precision is ill-defined and being set to 0.0 in labels with no predicted samples. Use `zero_division` parameter to control this behavior.
  _warn_prf(average, modifier, f"{metric.capitalize()} is", len(result))

2026-10-07 18:08:51,118:WARNING:D:\AI Engineering\FastAPI\model AI\.venv\Lib\site-packages\sklearn\metrics\_classification.py:1509: UndefinedMetricWarning: Precision is ill-defined and being set to 0.0 in labels with no predicted samples. Use `zero_division` parameter to control this behavior.
  _warn_prf(average, modifier, f"{metric.capitalize()} is", len(result))

2026-10-07 18:08:51,122:WARNING:D:\AI Engineering\FastAPI\model AI\.venv\Lib\site-packages\sklearn\metrics\_classification.py:1509: UndefinedMetricWarning: Precision is ill-defined and being set to 0.0 in labels with no predicted samples. Use `zero_division` parameter to control this behavior.
  _warn_prf(average, modifier, f"{metric.capitalize()} is", len(result))

2026-10-07 18:08:51,123:WARNING:D:\AI Engineering\FastAPI\model AI\.venv\Lib\site-packages\sklearn\metrics\_classification.py:1509: UndefinedMetricWarning: Precision is ill-defined and being set to 0.0 in labels with no predicted samples. Use `zero_division` parameter to control this behavior.
  _warn_prf(average, modifier, f"{metric.capitalize()} is", len(result))

2026-10-07 18:08:51,129:WARNING:D:\AI Engineering\FastAPI\model AI\.venv\Lib\site-packages\sklearn\metrics\_classification.py:1509: UndefinedMetricWarning: Precision is ill-defined and being set to 0.0 in labels with no predicted samples. Use `zero_division` parameter to control this behavior.
  _warn_prf(average, modifier, f"{metric.capitalize()} is", len(result))

2026-10-07 18:08:51,130:WARNING:D:\AI Engineering\FastAPI\model AI\.venv\Lib\site-packages\sklearn\metrics\_classification.py:1509: UndefinedMetricWarning: Precision is ill-defined and being set to 0.0 in labels with no predicted samples. Use `zero_division` parameter to control this behavior.
  _warn_prf(average, modifier, f"{metric.capitalize()} is", len(result))

2026-10-07 18:08:51,132:WARNING:D:\AI Engineering\FastAPI\model AI\.venv\Lib\site-packages\sklearn\metrics\_classification.py:1509: UndefinedMetricWarning: Precision is ill-defined and being set to 0.0 in labels with no predicted samples. Use `zero_division` parameter to control this behavior.
  _warn_prf(average, modifier, f"{metric.capitalize()} is", len(result))

2026-10-07 18:08:51,138:INFO:Calculating mean and std
2026-10-07 18:08:51,139:INFO:Creating metrics dataframe
2026-10-07 18:08:51,140:INFO:Uploading results into container
2026-10-07 18:08:51,141:INFO:Uploading model into container now
2026-10-07 18:08:51,141:INFO:_master_model_container: 3
2026-10-07 18:08:51,141:INFO:_display_container: 2
2026-10-07 18:08:51,141:INFO:GaussianNB(priors=None, var_smoothing=1e-09)
2026-10-07 18:08:51,141:INFO:create_model() successfully completed......................................
2026-10-07 18:08:51,221:INFO:SubProcess create_model() end ==================================
2026-10-07 18:08:51,221:INFO:Creating metrics dataframe
2026-10-07 18:08:51,226:INFO:Initializing Decision Tree Classifier
2026-10-07 18:08:51,226:INFO:Total runtime is 0.3106964349746704 minutes
2026-10-07 18:08:51,227:INFO:SubProcess create_model() called ==================================
2026-10-07 18:08:51,227:INFO:Initializing create_model()
2026-10-07 18:08:51,227:INFO:create_model(self=<pycaret.classification.oop.ClassificationExperiment object at 0x000001A89952AF90>, estimator=dt, fold=StratifiedKFold(n_splits=10, random_state=None, shuffle=False), round=4, cross_validation=True, predict=True, fit_kwargs={}, groups=None, refit=False, probability_threshold=None, experiment_custom_tags=None, verbose=False, system=False, add_to_model_list=True, metrics=None, display=<pycaret.internal.display.display.CommonDisplay object at 0x000001A89FD06710>, model_only=True, return_train_score=False, error_score=0.0, kwargs={})
2026-10-07 18:08:51,227:INFO:Checking exceptions
2026-10-07 18:08:51,228:INFO:Importing libraries
2026-10-07 18:08:51,228:INFO:Copying training dataset
2026-10-07 18:08:51,238:INFO:Defining folds
2026-10-07 18:08:51,238:INFO:Declaring metric variables
2026-10-07 18:08:51,238:INFO:Importing untrained model
2026-10-07 18:08:51,238:INFO:Decision Tree Classifier Imported successfully
2026-10-07 18:08:51,239:INFO:Starting cross validation
2026-10-07 18:08:51,241:INFO:Cross validating with StratifiedKFold(n_splits=10, random_state=None, shuffle=False), n_jobs=-1
2026-10-07 18:08:51,661:INFO:Calculating mean and std
2026-10-07 18:08:51,661:INFO:Creating metrics dataframe
2026-10-07 18:08:51,664:INFO:Uploading results into container
2026-10-07 18:08:51,665:INFO:Uploading model into container now
2026-10-07 18:08:51,665:INFO:_master_model_container: 4
2026-10-07 18:08:51,665:INFO:_display_container: 2
2026-10-07 18:08:51,666:INFO:DecisionTreeClassifier(ccp_alpha=0.0, class_weight=None, criterion='gini',
                       max_depth=None, max_features=None, max_leaf_nodes=None,
                       min_impurity_decrease=0.0, min_samples_leaf=1,
                       min_samples_split=2, min_weight_fraction_leaf=0.0,
                       monotonic_cst=None, random_state=123, splitter='best')
2026-10-07 18:08:51,666:INFO:create_model() successfully completed......................................
2026-10-07 18:08:51,740:INFO:SubProcess create_model() end ==================================
2026-10-07 18:08:51,741:INFO:Creating metrics dataframe
2026-10-07 18:08:51,743:INFO:Initializing SVM - Linear Kernel
2026-10-07 18:08:51,743:INFO:Total runtime is 0.3193173487981161 minutes
2026-10-07 18:08:51,743:INFO:SubProcess create_model() called ==================================
2026-10-07 18:08:51,743:INFO:Initializing create_model()
2026-10-07 18:08:51,743:INFO:create_model(self=<pycaret.classification.oop.ClassificationExperiment object at 0x000001A89952AF90>, estimator=svm, fold=StratifiedKFold(n_splits=10, random_state=None, shuffle=False), round=4, cross_validation=True, predict=True, fit_kwargs={}, groups=None, refit=False, probability_threshold=None, experiment_custom_tags=None, verbose=False, system=False, add_to_model_list=True, metrics=None, display=<pycaret.internal.display.display.CommonDisplay object at 0x000001A89FD06710>, model_only=True, return_train_score=False, error_score=0.0, kwargs={})
2026-10-07 18:08:51,743:INFO:Checking exceptions
2026-10-07 18:08:51,743:INFO:Importing libraries
2026-10-07 18:08:51,743:INFO:Copying training dataset
2026-10-07 18:08:51,746:INFO:Defining folds
2026-10-07 18:08:51,746:INFO:Declaring metric variables
2026-10-07 18:08:51,747:INFO:Importing untrained model
2026-10-07 18:08:51,747:INFO:SVM - Linear Kernel Imported successfully
2026-10-07 18:08:51,747:INFO:Starting cross validation
2026-10-07 18:08:51,748:INFO:Cross validating with StratifiedKFold(n_splits=10, random_state=None, shuffle=False), n_jobs=-1
2026-10-07 18:08:52,058:WARNING:D:\AI Engineering\FastAPI\model AI\.venv\Lib\site-packages\pycaret\internal\metrics.py:204: FitFailedWarning: Metric 'make_scorer(roc_auc_score, response_method=('decision_function', 'predict_proba'), average=weighted, multi_class=ovr)' failed and error score 0.0 has been returned instead. If this is a custom metric, this usually means that the error is in the metric code. Full exception below:
Traceback (most recent call last):
  File "D:\AI Engineering\FastAPI\model AI\.venv\Lib\site-packages\pycaret\internal\metrics.py", line 196, in _score
    return super()._score(
           ^^^^^^^^^^^^^^^
  File "D:\AI Engineering\FastAPI\model AI\.venv\Lib\site-packages\sklearn\metrics\_scorer.py", line 350, in _score
    return self._sign * self._score_func(y_true, y_pred, **scoring_kwargs)
                        ^^^^^^^^^^^^^^^^^^^^^^^^^^^^^^^^^^^^^^^^^^^^^^^^^^
  File "D:\AI Engineering\FastAPI\model AI\.venv\Lib\site-packages\pycaret\internal\metrics.py", line 144, in __call__
    return self.score_func(y_true, y_pred, **kwargs)
           ^^^^^^^^^^^^^^^^^^^^^^^^^^^^^^^^^^^^^^^^^
  File "D:\AI Engineering\FastAPI\model AI\.venv\Lib\site-packages\sklearn\utils\_param_validation.py", line 213, in wrapper
    return func(*args, **kwargs)
           ^^^^^^^^^^^^^^^^^^^^^
  File "D:\AI Engineering\FastAPI\model AI\.venv\Lib\site-packages\sklearn\metrics\_ranking.py", line 634, in roc_auc_score
    return _multiclass_roc_auc_score(
           ^^^^^^^^^^^^^^^^^^^^^^^^^^
  File "D:\AI Engineering\FastAPI\model AI\.venv\Lib\site-packages\sklearn\metrics\_ranking.py", line 707, in _multiclass_roc_auc_score
    raise ValueError(
ValueError: Target scores need to be probabilities for multiclass roc_auc, i.e. they should sum up to 1.0 over classes

  warnings.warn(

2026-10-07 18:08:52,067:WARNING:D:\AI Engineering\FastAPI\model AI\.venv\Lib\site-packages\sklearn\metrics\_classification.py:1509: UndefinedMetricWarning: Precision is ill-defined and being set to 0.0 in labels with no predicted samples. Use `zero_division` parameter to control this behavior.
  _warn_prf(average, modifier, f"{metric.capitalize()} is", len(result))

2026-10-07 18:08:52,083:WARNING:D:\AI Engineering\FastAPI\model AI\.venv\Lib\site-packages\pycaret\internal\metrics.py:204: FitFailedWarning: Metric 'make_scorer(roc_auc_score, response_method=('decision_function', 'predict_proba'), average=weighted, multi_class=ovr)' failed and error score 0.0 has been returned instead. If this is a custom metric, this usually means that the error is in the metric code. Full exception below:
Traceback (most recent call last):
  File "D:\AI Engineering\FastAPI\model AI\.venv\Lib\site-packages\pycaret\internal\metrics.py", line 196, in _score
    return super()._score(
           ^^^^^^^^^^^^^^^
  File "D:\AI Engineering\FastAPI\model AI\.venv\Lib\site-packages\sklearn\metrics\_scorer.py", line 350, in _score
    return self._sign * self._score_func(y_true, y_pred, **scoring_kwargs)
                        ^^^^^^^^^^^^^^^^^^^^^^^^^^^^^^^^^^^^^^^^^^^^^^^^^^
  File "D:\AI Engineering\FastAPI\model AI\.venv\Lib\site-packages\pycaret\internal\metrics.py", line 144, in __call__
    return self.score_func(y_true, y_pred, **kwargs)
           ^^^^^^^^^^^^^^^^^^^^^^^^^^^^^^^^^^^^^^^^^
  File "D:\AI Engineering\FastAPI\model AI\.venv\Lib\site-packages\sklearn\utils\_param_validation.py", line 213, in wrapper
    return func(*args, **kwargs)
           ^^^^^^^^^^^^^^^^^^^^^
  File "D:\AI Engineering\FastAPI\model AI\.venv\Lib\site-packages\sklearn\metrics\_ranking.py", line 634, in roc_auc_score
    return _multiclass_roc_auc_score(
           ^^^^^^^^^^^^^^^^^^^^^^^^^^
  File "D:\AI Engineering\FastAPI\model AI\.venv\Lib\site-packages\sklearn\metrics\_ranking.py", line 707, in _multiclass_roc_auc_score
    raise ValueError(
ValueError: Target scores need to be probabilities for multiclass roc_auc, i.e. they should sum up to 1.0 over classes

  warnings.warn(

2026-10-07 18:08:52,095:WARNING:D:\AI Engineering\FastAPI\model AI\.venv\Lib\site-packages\sklearn\metrics\_classification.py:1509: UndefinedMetricWarning: Precision is ill-defined and being set to 0.0 in labels with no predicted samples. Use `zero_division` parameter to control this behavior.
  _warn_prf(average, modifier, f"{metric.capitalize()} is", len(result))

2026-10-07 18:08:52,098:WARNING:D:\AI Engineering\FastAPI\model AI\.venv\Lib\site-packages\pycaret\internal\metrics.py:204: FitFailedWarning: Metric 'make_scorer(roc_auc_score, response_method=('decision_function', 'predict_proba'), average=weighted, multi_class=ovr)' failed and error score 0.0 has been returned instead. If this is a custom metric, this usually means that the error is in the metric code. Full exception below:
Traceback (most recent call last):
  File "D:\AI Engineering\FastAPI\model AI\.venv\Lib\site-packages\pycaret\internal\metrics.py", line 196, in _score
    return super()._score(
           ^^^^^^^^^^^^^^^
  File "D:\AI Engineering\FastAPI\model AI\.venv\Lib\site-packages\sklearn\metrics\_scorer.py", line 350, in _score
    return self._sign * self._score_func(y_true, y_pred, **scoring_kwargs)
                        ^^^^^^^^^^^^^^^^^^^^^^^^^^^^^^^^^^^^^^^^^^^^^^^^^^
  File "D:\AI Engineering\FastAPI\model AI\.venv\Lib\site-packages\pycaret\internal\metrics.py", line 144, in __call__
    return self.score_func(y_true, y_pred, **kwargs)
           ^^^^^^^^^^^^^^^^^^^^^^^^^^^^^^^^^^^^^^^^^
  File "D:\AI Engineering\FastAPI\model AI\.venv\Lib\site-packages\sklearn\utils\_param_validation.py", line 213, in wrapper
    return func(*args, **kwargs)
           ^^^^^^^^^^^^^^^^^^^^^
  File "D:\AI Engineering\FastAPI\model AI\.venv\Lib\site-packages\sklearn\metrics\_ranking.py", line 634, in roc_auc_score
    return _multiclass_roc_auc_score(
           ^^^^^^^^^^^^^^^^^^^^^^^^^^
  File "D:\AI Engineering\FastAPI\model AI\.venv\Lib\site-packages\sklearn\metrics\_ranking.py", line 707, in _multiclass_roc_auc_score
    raise ValueError(
ValueError: Target scores need to be probabilities for multiclass roc_auc, i.e. they should sum up to 1.0 over classes

  warnings.warn(

2026-10-07 18:08:52,106:WARNING:D:\AI Engineering\FastAPI\model AI\.venv\Lib\site-packages\sklearn\metrics\_classification.py:1509: UndefinedMetricWarning: Precision is ill-defined and being set to 0.0 in labels with no predicted samples. Use `zero_division` parameter to control this behavior.
  _warn_prf(average, modifier, f"{metric.capitalize()} is", len(result))

2026-10-07 18:08:52,113:WARNING:D:\AI Engineering\FastAPI\model AI\.venv\Lib\site-packages\pycaret\internal\metrics.py:204: FitFailedWarning: Metric 'make_scorer(roc_auc_score, response_method=('decision_function', 'predict_proba'), average=weighted, multi_class=ovr)' failed and error score 0.0 has been returned instead. If this is a custom metric, this usually means that the error is in the metric code. Full exception below:
Traceback (most recent call last):
  File "D:\AI Engineering\FastAPI\model AI\.venv\Lib\site-packages\pycaret\internal\metrics.py", line 196, in _score
    return super()._score(
           ^^^^^^^^^^^^^^^
  File "D:\AI Engineering\FastAPI\model AI\.venv\Lib\site-packages\sklearn\metrics\_scorer.py", line 350, in _score
    return self._sign * self._score_func(y_true, y_pred, **scoring_kwargs)
                        ^^^^^^^^^^^^^^^^^^^^^^^^^^^^^^^^^^^^^^^^^^^^^^^^^^
  File "D:\AI Engineering\FastAPI\model AI\.venv\Lib\site-packages\pycaret\internal\metrics.py", line 144, in __call__
    return self.score_func(y_true, y_pred, **kwargs)
           ^^^^^^^^^^^^^^^^^^^^^^^^^^^^^^^^^^^^^^^^^
  File "D:\AI Engineering\FastAPI\model AI\.venv\Lib\site-packages\sklearn\utils\_param_validation.py", line 213, in wrapper
    return func(*args, **kwargs)
           ^^^^^^^^^^^^^^^^^^^^^
  File "D:\AI Engineering\FastAPI\model AI\.venv\Lib\site-packages\sklearn\metrics\_ranking.py", line 634, in roc_auc_score
    return _multiclass_roc_auc_score(
           ^^^^^^^^^^^^^^^^^^^^^^^^^^
  File "D:\AI Engineering\FastAPI\model AI\.venv\Lib\site-packages\sklearn\metrics\_ranking.py", line 707, in _multiclass_roc_auc_score
    raise ValueError(
ValueError: Target scores need to be probabilities for multiclass roc_auc, i.e. they should sum up to 1.0 over classes

  warnings.warn(

2026-10-07 18:08:52,115:WARNING:D:\AI Engineering\FastAPI\model AI\.venv\Lib\site-packages\pycaret\internal\metrics.py:204: FitFailedWarning: Metric 'make_scorer(roc_auc_score, response_method=('decision_function', 'predict_proba'), average=weighted, multi_class=ovr)' failed and error score 0.0 has been returned instead. If this is a custom metric, this usually means that the error is in the metric code. Full exception below:
Traceback (most recent call last):
  File "D:\AI Engineering\FastAPI\model AI\.venv\Lib\site-packages\pycaret\internal\metrics.py", line 196, in _score
    return super()._score(
           ^^^^^^^^^^^^^^^
  File "D:\AI Engineering\FastAPI\model AI\.venv\Lib\site-packages\sklearn\metrics\_scorer.py", line 350, in _score
    return self._sign * self._score_func(y_true, y_pred, **scoring_kwargs)
                        ^^^^^^^^^^^^^^^^^^^^^^^^^^^^^^^^^^^^^^^^^^^^^^^^^^
  File "D:\AI Engineering\FastAPI\model AI\.venv\Lib\site-packages\pycaret\internal\metrics.py", line 144, in __call__
    return self.score_func(y_true, y_pred, **kwargs)
           ^^^^^^^^^^^^^^^^^^^^^^^^^^^^^^^^^^^^^^^^^
  File "D:\AI Engineering\FastAPI\model AI\.venv\Lib\site-packages\sklearn\utils\_param_validation.py", line 213, in wrapper
    return func(*args, **kwargs)
           ^^^^^^^^^^^^^^^^^^^^^
  File "D:\AI Engineering\FastAPI\model AI\.venv\Lib\site-packages\sklearn\metrics\_ranking.py", line 634, in roc_auc_score
    return _multiclass_roc_auc_score(
           ^^^^^^^^^^^^^^^^^^^^^^^^^^
  File "D:\AI Engineering\FastAPI\model AI\.venv\Lib\site-packages\sklearn\metrics\_ranking.py", line 707, in _multiclass_roc_auc_score
    raise ValueError(
ValueError: Target scores need to be probabilities for multiclass roc_auc, i.e. they should sum up to 1.0 over classes

  warnings.warn(

2026-10-07 18:08:52,117:WARNING:D:\AI Engineering\FastAPI\model AI\.venv\Lib\site-packages\pycaret\internal\metrics.py:204: FitFailedWarning: Metric 'make_scorer(roc_auc_score, response_method=('decision_function', 'predict_proba'), average=weighted, multi_class=ovr)' failed and error score 0.0 has been returned instead. If this is a custom metric, this usually means that the error is in the metric code. Full exception below:
Traceback (most recent call last):
  File "D:\AI Engineering\FastAPI\model AI\.venv\Lib\site-packages\pycaret\internal\metrics.py", line 196, in _score
    return super()._score(
           ^^^^^^^^^^^^^^^
  File "D:\AI Engineering\FastAPI\model AI\.venv\Lib\site-packages\sklearn\metrics\_scorer.py", line 350, in _score
    return self._sign * self._score_func(y_true, y_pred, **scoring_kwargs)
                        ^^^^^^^^^^^^^^^^^^^^^^^^^^^^^^^^^^^^^^^^^^^^^^^^^^
  File "D:\AI Engineering\FastAPI\model AI\.venv\Lib\site-packages\pycaret\internal\metrics.py", line 144, in __call__
    return self.score_func(y_true, y_pred, **kwargs)
           ^^^^^^^^^^^^^^^^^^^^^^^^^^^^^^^^^^^^^^^^^
  File "D:\AI Engineering\FastAPI\model AI\.venv\Lib\site-packages\sklearn\utils\_param_validation.py", line 213, in wrapper
    return func(*args, **kwargs)
           ^^^^^^^^^^^^^^^^^^^^^
  File "D:\AI Engineering\FastAPI\model AI\.venv\Lib\site-packages\sklearn\metrics\_ranking.py", line 634, in roc_auc_score
    return _multiclass_roc_auc_score(
           ^^^^^^^^^^^^^^^^^^^^^^^^^^
  File "D:\AI Engineering\FastAPI\model AI\.venv\Lib\site-packages\sklearn\metrics\_ranking.py", line 707, in _multiclass_roc_auc_score
    raise ValueError(
ValueError: Target scores need to be probabilities for multiclass roc_auc, i.e. they should sum up to 1.0 over classes

  warnings.warn(

2026-10-07 18:08:52,124:WARNING:D:\AI Engineering\FastAPI\model AI\.venv\Lib\site-packages\sklearn\metrics\_classification.py:1509: UndefinedMetricWarning: Precision is ill-defined and being set to 0.0 in labels with no predicted samples. Use `zero_division` parameter to control this behavior.
  _warn_prf(average, modifier, f"{metric.capitalize()} is", len(result))

2026-10-07 18:08:52,125:WARNING:D:\AI Engineering\FastAPI\model AI\.venv\Lib\site-packages\sklearn\metrics\_classification.py:1509: UndefinedMetricWarning: Precision is ill-defined and being set to 0.0 in labels with no predicted samples. Use `zero_division` parameter to control this behavior.
  _warn_prf(average, modifier, f"{metric.capitalize()} is", len(result))

2026-10-07 18:08:52,129:WARNING:D:\AI Engineering\FastAPI\model AI\.venv\Lib\site-packages\pycaret\internal\metrics.py:204: FitFailedWarning: Metric 'make_scorer(roc_auc_score, response_method=('decision_function', 'predict_proba'), average=weighted, multi_class=ovr)' failed and error score 0.0 has been returned instead. If this is a custom metric, this usually means that the error is in the metric code. Full exception below:
Traceback (most recent call last):
  File "D:\AI Engineering\FastAPI\model AI\.venv\Lib\site-packages\pycaret\internal\metrics.py", line 196, in _score
    return super()._score(
           ^^^^^^^^^^^^^^^
  File "D:\AI Engineering\FastAPI\model AI\.venv\Lib\site-packages\sklearn\metrics\_scorer.py", line 350, in _score
    return self._sign * self._score_func(y_true, y_pred, **scoring_kwargs)
                        ^^^^^^^^^^^^^^^^^^^^^^^^^^^^^^^^^^^^^^^^^^^^^^^^^^
  File "D:\AI Engineering\FastAPI\model AI\.venv\Lib\site-packages\pycaret\internal\metrics.py", line 144, in __call__
    return self.score_func(y_true, y_pred, **kwargs)
           ^^^^^^^^^^^^^^^^^^^^^^^^^^^^^^^^^^^^^^^^^
  File "D:\AI Engineering\FastAPI\model AI\.venv\Lib\site-packages\sklearn\utils\_param_validation.py", line 213, in wrapper
    return func(*args, **kwargs)
           ^^^^^^^^^^^^^^^^^^^^^
  File "D:\AI Engineering\FastAPI\model AI\.venv\Lib\site-packages\sklearn\metrics\_ranking.py", line 634, in roc_auc_score
    return _multiclass_roc_auc_score(
           ^^^^^^^^^^^^^^^^^^^^^^^^^^
  File "D:\AI Engineering\FastAPI\model AI\.venv\Lib\site-packages\sklearn\metrics\_ranking.py", line 707, in _multiclass_roc_auc_score
    raise ValueError(
ValueError: Target scores need to be probabilities for multiclass roc_auc, i.e. they should sum up to 1.0 over classes

  warnings.warn(

2026-10-07 18:08:52,136:WARNING:D:\AI Engineering\FastAPI\model AI\.venv\Lib\site-packages\sklearn\metrics\_classification.py:1509: UndefinedMetricWarning: Precision is ill-defined and being set to 0.0 in labels with no predicted samples. Use `zero_division` parameter to control this behavior.
  _warn_prf(average, modifier, f"{metric.capitalize()} is", len(result))

2026-10-07 18:08:52,149:WARNING:D:\AI Engineering\FastAPI\model AI\.venv\Lib\site-packages\pycaret\internal\metrics.py:204: FitFailedWarning: Metric 'make_scorer(roc_auc_score, response_method=('decision_function', 'predict_proba'), average=weighted, multi_class=ovr)' failed and error score 0.0 has been returned instead. If this is a custom metric, this usually means that the error is in the metric code. Full exception below:
Traceback (most recent call last):
  File "D:\AI Engineering\FastAPI\model AI\.venv\Lib\site-packages\pycaret\internal\metrics.py", line 196, in _score
    return super()._score(
           ^^^^^^^^^^^^^^^
  File "D:\AI Engineering\FastAPI\model AI\.venv\Lib\site-packages\sklearn\metrics\_scorer.py", line 350, in _score
    return self._sign * self._score_func(y_true, y_pred, **scoring_kwargs)
                        ^^^^^^^^^^^^^^^^^^^^^^^^^^^^^^^^^^^^^^^^^^^^^^^^^^
  File "D:\AI Engineering\FastAPI\model AI\.venv\Lib\site-packages\pycaret\internal\metrics.py", line 144, in __call__
    return self.score_func(y_true, y_pred, **kwargs)
           ^^^^^^^^^^^^^^^^^^^^^^^^^^^^^^^^^^^^^^^^^
  File "D:\AI Engineering\FastAPI\model AI\.venv\Lib\site-packages\sklearn\utils\_param_validation.py", line 213, in wrapper
    return func(*args, **kwargs)
           ^^^^^^^^^^^^^^^^^^^^^
  File "D:\AI Engineering\FastAPI\model AI\.venv\Lib\site-packages\sklearn\metrics\_ranking.py", line 634, in roc_auc_score
    return _multiclass_roc_auc_score(
           ^^^^^^^^^^^^^^^^^^^^^^^^^^
  File "D:\AI Engineering\FastAPI\model AI\.venv\Lib\site-packages\sklearn\metrics\_ranking.py", line 707, in _multiclass_roc_auc_score
    raise ValueError(
ValueError: Target scores need to be probabilities for multiclass roc_auc, i.e. they should sum up to 1.0 over classes

  warnings.warn(

2026-10-07 18:08:52,149:WARNING:D:\AI Engineering\FastAPI\model AI\.venv\Lib\site-packages\pycaret\internal\metrics.py:204: FitFailedWarning: Metric 'make_scorer(roc_auc_score, response_method=('decision_function', 'predict_proba'), average=weighted, multi_class=ovr)' failed and error score 0.0 has been returned instead. If this is a custom metric, this usually means that the error is in the metric code. Full exception below:
Traceback (most recent call last):
  File "D:\AI Engineering\FastAPI\model AI\.venv\Lib\site-packages\pycaret\internal\metrics.py", line 196, in _score
    return super()._score(
           ^^^^^^^^^^^^^^^
  File "D:\AI Engineering\FastAPI\model AI\.venv\Lib\site-packages\sklearn\metrics\_scorer.py", line 350, in _score
    return self._sign * self._score_func(y_true, y_pred, **scoring_kwargs)
                        ^^^^^^^^^^^^^^^^^^^^^^^^^^^^^^^^^^^^^^^^^^^^^^^^^^
  File "D:\AI Engineering\FastAPI\model AI\.venv\Lib\site-packages\pycaret\internal\metrics.py", line 144, in __call__
    return self.score_func(y_true, y_pred, **kwargs)
           ^^^^^^^^^^^^^^^^^^^^^^^^^^^^^^^^^^^^^^^^^
  File "D:\AI Engineering\FastAPI\model AI\.venv\Lib\site-packages\sklearn\utils\_param_validation.py", line 213, in wrapper
    return func(*args, **kwargs)
           ^^^^^^^^^^^^^^^^^^^^^
  File "D:\AI Engineering\FastAPI\model AI\.venv\Lib\site-packages\sklearn\metrics\_ranking.py", line 634, in roc_auc_score
    return _multiclass_roc_auc_score(
           ^^^^^^^^^^^^^^^^^^^^^^^^^^
  File "D:\AI Engineering\FastAPI\model AI\.venv\Lib\site-packages\sklearn\metrics\_ranking.py", line 707, in _multiclass_roc_auc_score
    raise ValueError(
ValueError: Target scores need to be probabilities for multiclass roc_auc, i.e. they should sum up to 1.0 over classes

  warnings.warn(

2026-10-07 18:08:52,153:WARNING:D:\AI Engineering\FastAPI\model AI\.venv\Lib\site-packages\sklearn\metrics\_classification.py:1509: UndefinedMetricWarning: Precision is ill-defined and being set to 0.0 in labels with no predicted samples. Use `zero_division` parameter to control this behavior.
  _warn_prf(average, modifier, f"{metric.capitalize()} is", len(result))

2026-10-07 18:08:52,153:WARNING:D:\AI Engineering\FastAPI\model AI\.venv\Lib\site-packages\sklearn\metrics\_classification.py:1509: UndefinedMetricWarning: Precision is ill-defined and being set to 0.0 in labels with no predicted samples. Use `zero_division` parameter to control this behavior.
  _warn_prf(average, modifier, f"{metric.capitalize()} is", len(result))

2026-10-07 18:08:52,163:INFO:Calculating mean and std
2026-10-07 18:08:52,163:INFO:Creating metrics dataframe
2026-10-07 18:08:52,166:INFO:Uploading results into container
2026-10-07 18:08:52,166:INFO:Uploading model into container now
2026-10-07 18:08:52,167:INFO:_master_model_container: 5
2026-10-07 18:08:52,167:INFO:_display_container: 2
2026-10-07 18:08:52,168:INFO:SGDClassifier(alpha=0.0001, average=False, class_weight=None,
              early_stopping=False, epsilon=0.1, eta0=0.001, fit_intercept=True,
              l1_ratio=0.15, learning_rate='optimal', loss='hinge',
              max_iter=1000, n_iter_no_change=5, n_jobs=-1, penalty='l2',
              power_t=0.5, random_state=123, shuffle=True, tol=0.001,
              validation_fraction=0.1, verbose=0, warm_start=False)
2026-10-07 18:08:52,168:INFO:create_model() successfully completed......................................
2026-10-07 18:08:52,253:INFO:SubProcess create_model() end ==================================
2026-10-07 18:08:52,253:INFO:Creating metrics dataframe
2026-10-07 18:08:52,255:INFO:Initializing Ridge Classifier
2026-10-07 18:08:52,255:INFO:Total runtime is 0.32785426378250127 minutes
2026-10-07 18:08:52,256:INFO:SubProcess create_model() called ==================================
2026-10-07 18:08:52,256:INFO:Initializing create_model()
2026-10-07 18:08:52,256:INFO:create_model(self=<pycaret.classification.oop.ClassificationExperiment object at 0x000001A89952AF90>, estimator=ridge, fold=StratifiedKFold(n_splits=10, random_state=None, shuffle=False), round=4, cross_validation=True, predict=True, fit_kwargs={}, groups=None, refit=False, probability_threshold=None, experiment_custom_tags=None, verbose=False, system=False, add_to_model_list=True, metrics=None, display=<pycaret.internal.display.display.CommonDisplay object at 0x000001A89FD06710>, model_only=True, return_train_score=False, error_score=0.0, kwargs={})
2026-10-07 18:08:52,256:INFO:Checking exceptions
2026-10-07 18:08:52,256:INFO:Importing libraries
2026-10-07 18:08:52,256:INFO:Copying training dataset
2026-10-07 18:08:52,262:INFO:Defining folds
2026-10-07 18:08:52,262:INFO:Declaring metric variables
2026-10-07 18:08:52,263:INFO:Importing untrained model
2026-10-07 18:08:52,263:INFO:Ridge Classifier Imported successfully
2026-10-07 18:08:52,263:INFO:Starting cross validation
2026-10-07 18:08:52,264:INFO:Cross validating with StratifiedKFold(n_splits=10, random_state=None, shuffle=False), n_jobs=-1
2026-10-07 18:08:52,531:WARNING:D:\AI Engineering\FastAPI\model AI\.venv\Lib\site-packages\pycaret\internal\metrics.py:204: FitFailedWarning: Metric 'make_scorer(roc_auc_score, response_method=('decision_function', 'predict_proba'), average=weighted, multi_class=ovr)' failed and error score 0.0 has been returned instead. If this is a custom metric, this usually means that the error is in the metric code. Full exception below:
Traceback (most recent call last):
  File "D:\AI Engineering\FastAPI\model AI\.venv\Lib\site-packages\pycaret\internal\metrics.py", line 196, in _score
    return super()._score(
           ^^^^^^^^^^^^^^^
  File "D:\AI Engineering\FastAPI\model AI\.venv\Lib\site-packages\sklearn\metrics\_scorer.py", line 350, in _score
    return self._sign * self._score_func(y_true, y_pred, **scoring_kwargs)
                        ^^^^^^^^^^^^^^^^^^^^^^^^^^^^^^^^^^^^^^^^^^^^^^^^^^
  File "D:\AI Engineering\FastAPI\model AI\.venv\Lib\site-packages\pycaret\internal\metrics.py", line 144, in __call__
    return self.score_func(y_true, y_pred, **kwargs)
           ^^^^^^^^^^^^^^^^^^^^^^^^^^^^^^^^^^^^^^^^^
  File "D:\AI Engineering\FastAPI\model AI\.venv\Lib\site-packages\sklearn\utils\_param_validation.py", line 213, in wrapper
    return func(*args, **kwargs)
           ^^^^^^^^^^^^^^^^^^^^^
  File "D:\AI Engineering\FastAPI\model AI\.venv\Lib\site-packages\sklearn\metrics\_ranking.py", line 634, in roc_auc_score
    return _multiclass_roc_auc_score(
           ^^^^^^^^^^^^^^^^^^^^^^^^^^
  File "D:\AI Engineering\FastAPI\model AI\.venv\Lib\site-packages\sklearn\metrics\_ranking.py", line 707, in _multiclass_roc_auc_score
    raise ValueError(
ValueError: Target scores need to be probabilities for multiclass roc_auc, i.e. they should sum up to 1.0 over classes

  warnings.warn(

2026-10-07 18:08:52,532:WARNING:D:\AI Engineering\FastAPI\model AI\.venv\Lib\site-packages\pycaret\internal\metrics.py:204: FitFailedWarning: Metric 'make_scorer(roc_auc_score, response_method=('decision_function', 'predict_proba'), average=weighted, multi_class=ovr)' failed and error score 0.0 has been returned instead. If this is a custom metric, this usually means that the error is in the metric code. Full exception below:
Traceback (most recent call last):
  File "D:\AI Engineering\FastAPI\model AI\.venv\Lib\site-packages\pycaret\internal\metrics.py", line 196, in _score
    return super()._score(
           ^^^^^^^^^^^^^^^
  File "D:\AI Engineering\FastAPI\model AI\.venv\Lib\site-packages\sklearn\metrics\_scorer.py", line 350, in _score
    return self._sign * self._score_func(y_true, y_pred, **scoring_kwargs)
                        ^^^^^^^^^^^^^^^^^^^^^^^^^^^^^^^^^^^^^^^^^^^^^^^^^^
  File "D:\AI Engineering\FastAPI\model AI\.venv\Lib\site-packages\pycaret\internal\metrics.py", line 144, in __call__
    return self.score_func(y_true, y_pred, **kwargs)
           ^^^^^^^^^^^^^^^^^^^^^^^^^^^^^^^^^^^^^^^^^
  File "D:\AI Engineering\FastAPI\model AI\.venv\Lib\site-packages\sklearn\utils\_param_validation.py", line 213, in wrapper
    return func(*args, **kwargs)
           ^^^^^^^^^^^^^^^^^^^^^
  File "D:\AI Engineering\FastAPI\model AI\.venv\Lib\site-packages\sklearn\metrics\_ranking.py", line 634, in roc_auc_score
    return _multiclass_roc_auc_score(
           ^^^^^^^^^^^^^^^^^^^^^^^^^^
  File "D:\AI Engineering\FastAPI\model AI\.venv\Lib\site-packages\sklearn\metrics\_ranking.py", line 707, in _multiclass_roc_auc_score
    raise ValueError(
ValueError: Target scores need to be probabilities for multiclass roc_auc, i.e. they should sum up to 1.0 over classes

  warnings.warn(

2026-10-07 18:08:52,535:WARNING:D:\AI Engineering\FastAPI\model AI\.venv\Lib\site-packages\pycaret\internal\metrics.py:204: FitFailedWarning: Metric 'make_scorer(roc_auc_score, response_method=('decision_function', 'predict_proba'), average=weighted, multi_class=ovr)' failed and error score 0.0 has been returned instead. If this is a custom metric, this usually means that the error is in the metric code. Full exception below:
Traceback (most recent call last):
  File "D:\AI Engineering\FastAPI\model AI\.venv\Lib\site-packages\pycaret\internal\metrics.py", line 196, in _score
    return super()._score(
           ^^^^^^^^^^^^^^^
  File "D:\AI Engineering\FastAPI\model AI\.venv\Lib\site-packages\sklearn\metrics\_scorer.py", line 350, in _score
    return self._sign * self._score_func(y_true, y_pred, **scoring_kwargs)
                        ^^^^^^^^^^^^^^^^^^^^^^^^^^^^^^^^^^^^^^^^^^^^^^^^^^
  File "D:\AI Engineering\FastAPI\model AI\.venv\Lib\site-packages\pycaret\internal\metrics.py", line 144, in __call__
    return self.score_func(y_true, y_pred, **kwargs)
           ^^^^^^^^^^^^^^^^^^^^^^^^^^^^^^^^^^^^^^^^^
  File "D:\AI Engineering\FastAPI\model AI\.venv\Lib\site-packages\sklearn\utils\_param_validation.py", line 213, in wrapper
    return func(*args, **kwargs)
           ^^^^^^^^^^^^^^^^^^^^^
  File "D:\AI Engineering\FastAPI\model AI\.venv\Lib\site-packages\sklearn\metrics\_ranking.py", line 634, in roc_auc_score
    return _multiclass_roc_auc_score(
           ^^^^^^^^^^^^^^^^^^^^^^^^^^
  File "D:\AI Engineering\FastAPI\model AI\.venv\Lib\site-packages\sklearn\metrics\_ranking.py", line 707, in _multiclass_roc_auc_score
    raise ValueError(
ValueError: Target scores need to be probabilities for multiclass roc_auc, i.e. they should sum up to 1.0 over classes

  warnings.warn(

2026-10-07 18:08:52,539:WARNING:D:\AI Engineering\FastAPI\model AI\.venv\Lib\site-packages\sklearn\metrics\_classification.py:1509: UndefinedMetricWarning: Precision is ill-defined and being set to 0.0 in labels with no predicted samples. Use `zero_division` parameter to control this behavior.
  _warn_prf(average, modifier, f"{metric.capitalize()} is", len(result))

2026-10-07 18:08:52,539:WARNING:D:\AI Engineering\FastAPI\model AI\.venv\Lib\site-packages\sklearn\metrics\_classification.py:1509: UndefinedMetricWarning: Precision is ill-defined and being set to 0.0 in labels with no predicted samples. Use `zero_division` parameter to control this behavior.
  _warn_prf(average, modifier, f"{metric.capitalize()} is", len(result))

2026-10-07 18:08:52,541:WARNING:D:\AI Engineering\FastAPI\model AI\.venv\Lib\site-packages\pycaret\internal\metrics.py:204: FitFailedWarning: Metric 'make_scorer(roc_auc_score, response_method=('decision_function', 'predict_proba'), average=weighted, multi_class=ovr)' failed and error score 0.0 has been returned instead. If this is a custom metric, this usually means that the error is in the metric code. Full exception below:
Traceback (most recent call last):
  File "D:\AI Engineering\FastAPI\model AI\.venv\Lib\site-packages\pycaret\internal\metrics.py", line 196, in _score
    return super()._score(
           ^^^^^^^^^^^^^^^
  File "D:\AI Engineering\FastAPI\model AI\.venv\Lib\site-packages\sklearn\metrics\_scorer.py", line 350, in _score
    return self._sign * self._score_func(y_true, y_pred, **scoring_kwargs)
                        ^^^^^^^^^^^^^^^^^^^^^^^^^^^^^^^^^^^^^^^^^^^^^^^^^^
  File "D:\AI Engineering\FastAPI\model AI\.venv\Lib\site-packages\pycaret\internal\metrics.py", line 144, in __call__
    return self.score_func(y_true, y_pred, **kwargs)
           ^^^^^^^^^^^^^^^^^^^^^^^^^^^^^^^^^^^^^^^^^
  File "D:\AI Engineering\FastAPI\model AI\.venv\Lib\site-packages\sklearn\utils\_param_validation.py", line 213, in wrapper
    return func(*args, **kwargs)
           ^^^^^^^^^^^^^^^^^^^^^
  File "D:\AI Engineering\FastAPI\model AI\.venv\Lib\site-packages\sklearn\metrics\_ranking.py", line 634, in roc_auc_score
    return _multiclass_roc_auc_score(
           ^^^^^^^^^^^^^^^^^^^^^^^^^^
  File "D:\AI Engineering\FastAPI\model AI\.venv\Lib\site-packages\sklearn\metrics\_ranking.py", line 707, in _multiclass_roc_auc_score
    raise ValueError(
ValueError: Target scores need to be probabilities for multiclass roc_auc, i.e. they should sum up to 1.0 over classes

  warnings.warn(

2026-10-07 18:08:52,543:WARNING:D:\AI Engineering\FastAPI\model AI\.venv\Lib\site-packages\sklearn\metrics\_classification.py:1509: UndefinedMetricWarning: Precision is ill-defined and being set to 0.0 in labels with no predicted samples. Use `zero_division` parameter to control this behavior.
  _warn_prf(average, modifier, f"{metric.capitalize()} is", len(result))

2026-10-07 18:08:52,546:WARNING:D:\AI Engineering\FastAPI\model AI\.venv\Lib\site-packages\pycaret\internal\metrics.py:204: FitFailedWarning: Metric 'make_scorer(roc_auc_score, response_method=('decision_function', 'predict_proba'), average=weighted, multi_class=ovr)' failed and error score 0.0 has been returned instead. If this is a custom metric, this usually means that the error is in the metric code. Full exception below:
Traceback (most recent call last):
  File "D:\AI Engineering\FastAPI\model AI\.venv\Lib\site-packages\pycaret\internal\metrics.py", line 196, in _score
    return super()._score(
           ^^^^^^^^^^^^^^^
  File "D:\AI Engineering\FastAPI\model AI\.venv\Lib\site-packages\sklearn\metrics\_scorer.py", line 350, in _score
    return self._sign * self._score_func(y_true, y_pred, **scoring_kwargs)
                        ^^^^^^^^^^^^^^^^^^^^^^^^^^^^^^^^^^^^^^^^^^^^^^^^^^
  File "D:\AI Engineering\FastAPI\model AI\.venv\Lib\site-packages\pycaret\internal\metrics.py", line 144, in __call__
    return self.score_func(y_true, y_pred, **kwargs)
           ^^^^^^^^^^^^^^^^^^^^^^^^^^^^^^^^^^^^^^^^^
  File "D:\AI Engineering\FastAPI\model AI\.venv\Lib\site-packages\sklearn\utils\_param_validation.py", line 213, in wrapper
    return func(*args, **kwargs)
           ^^^^^^^^^^^^^^^^^^^^^
  File "D:\AI Engineering\FastAPI\model AI\.venv\Lib\site-packages\sklearn\metrics\_ranking.py", line 634, in roc_auc_score
    return _multiclass_roc_auc_score(
           ^^^^^^^^^^^^^^^^^^^^^^^^^^
  File "D:\AI Engineering\FastAPI\model AI\.venv\Lib\site-packages\sklearn\metrics\_ranking.py", line 707, in _multiclass_roc_auc_score
    raise ValueError(
ValueError: Target scores need to be probabilities for multiclass roc_auc, i.e. they should sum up to 1.0 over classes

  warnings.warn(

2026-10-07 18:08:52,549:WARNING:D:\AI Engineering\FastAPI\model AI\.venv\Lib\site-packages\sklearn\metrics\_classification.py:1509: UndefinedMetricWarning: Precision is ill-defined and being set to 0.0 in labels with no predicted samples. Use `zero_division` parameter to control this behavior.
  _warn_prf(average, modifier, f"{metric.capitalize()} is", len(result))

2026-10-07 18:08:52,553:WARNING:D:\AI Engineering\FastAPI\model AI\.venv\Lib\site-packages\pycaret\internal\metrics.py:204: FitFailedWarning: Metric 'make_scorer(roc_auc_score, response_method=('decision_function', 'predict_proba'), average=weighted, multi_class=ovr)' failed and error score 0.0 has been returned instead. If this is a custom metric, this usually means that the error is in the metric code. Full exception below:
Traceback (most recent call last):
  File "D:\AI Engineering\FastAPI\model AI\.venv\Lib\site-packages\pycaret\internal\metrics.py", line 196, in _score
    return super()._score(
           ^^^^^^^^^^^^^^^
  File "D:\AI Engineering\FastAPI\model AI\.venv\Lib\site-packages\sklearn\metrics\_scorer.py", line 350, in _score
    return self._sign * self._score_func(y_true, y_pred, **scoring_kwargs)
                        ^^^^^^^^^^^^^^^^^^^^^^^^^^^^^^^^^^^^^^^^^^^^^^^^^^
  File "D:\AI Engineering\FastAPI\model AI\.venv\Lib\site-packages\pycaret\internal\metrics.py", line 144, in __call__
    return self.score_func(y_true, y_pred, **kwargs)
           ^^^^^^^^^^^^^^^^^^^^^^^^^^^^^^^^^^^^^^^^^
  File "D:\AI Engineering\FastAPI\model AI\.venv\Lib\site-packages\sklearn\utils\_param_validation.py", line 213, in wrapper
    return func(*args, **kwargs)
           ^^^^^^^^^^^^^^^^^^^^^
  File "D:\AI Engineering\FastAPI\model AI\.venv\Lib\site-packages\sklearn\metrics\_ranking.py", line 634, in roc_auc_score
    return _multiclass_roc_auc_score(
           ^^^^^^^^^^^^^^^^^^^^^^^^^^
  File "D:\AI Engineering\FastAPI\model AI\.venv\Lib\site-packages\sklearn\metrics\_ranking.py", line 707, in _multiclass_roc_auc_score
    raise ValueError(
ValueError: Target scores need to be probabilities for multiclass roc_auc, i.e. they should sum up to 1.0 over classes

  warnings.warn(

2026-10-07 18:08:52,555:WARNING:D:\AI Engineering\FastAPI\model AI\.venv\Lib\site-packages\sklearn\metrics\_classification.py:1509: UndefinedMetricWarning: Precision is ill-defined and being set to 0.0 in labels with no predicted samples. Use `zero_division` parameter to control this behavior.
  _warn_prf(average, modifier, f"{metric.capitalize()} is", len(result))

2026-10-07 18:08:52,556:WARNING:D:\AI Engineering\FastAPI\model AI\.venv\Lib\site-packages\pycaret\internal\metrics.py:204: FitFailedWarning: Metric 'make_scorer(roc_auc_score, response_method=('decision_function', 'predict_proba'), average=weighted, multi_class=ovr)' failed and error score 0.0 has been returned instead. If this is a custom metric, this usually means that the error is in the metric code. Full exception below:
Traceback (most recent call last):
  File "D:\AI Engineering\FastAPI\model AI\.venv\Lib\site-packages\pycaret\internal\metrics.py", line 196, in _score
    return super()._score(
           ^^^^^^^^^^^^^^^
  File "D:\AI Engineering\FastAPI\model AI\.venv\Lib\site-packages\sklearn\metrics\_scorer.py", line 350, in _score
    return self._sign * self._score_func(y_true, y_pred, **scoring_kwargs)
                        ^^^^^^^^^^^^^^^^^^^^^^^^^^^^^^^^^^^^^^^^^^^^^^^^^^
  File "D:\AI Engineering\FastAPI\model AI\.venv\Lib\site-packages\pycaret\internal\metrics.py", line 144, in __call__
    return self.score_func(y_true, y_pred, **kwargs)
           ^^^^^^^^^^^^^^^^^^^^^^^^^^^^^^^^^^^^^^^^^
  File "D:\AI Engineering\FastAPI\model AI\.venv\Lib\site-packages\sklearn\utils\_param_validation.py", line 213, in wrapper
    return func(*args, **kwargs)
           ^^^^^^^^^^^^^^^^^^^^^
  File "D:\AI Engineering\FastAPI\model AI\.venv\Lib\site-packages\sklearn\metrics\_ranking.py", line 634, in roc_auc_score
    return _multiclass_roc_auc_score(
           ^^^^^^^^^^^^^^^^^^^^^^^^^^
  File "D:\AI Engineering\FastAPI\model AI\.venv\Lib\site-packages\sklearn\metrics\_ranking.py", line 707, in _multiclass_roc_auc_score
    raise ValueError(
ValueError: Target scores need to be probabilities for multiclass roc_auc, i.e. they should sum up to 1.0 over classes

  warnings.warn(

2026-10-07 18:08:52,561:WARNING:D:\AI Engineering\FastAPI\model AI\.venv\Lib\site-packages\sklearn\metrics\_classification.py:1509: UndefinedMetricWarning: Precision is ill-defined and being set to 0.0 in labels with no predicted samples. Use `zero_division` parameter to control this behavior.
  _warn_prf(average, modifier, f"{metric.capitalize()} is", len(result))

2026-10-07 18:08:52,564:WARNING:D:\AI Engineering\FastAPI\model AI\.venv\Lib\site-packages\sklearn\metrics\_classification.py:1509: UndefinedMetricWarning: Precision is ill-defined and being set to 0.0 in labels with no predicted samples. Use `zero_division` parameter to control this behavior.
  _warn_prf(average, modifier, f"{metric.capitalize()} is", len(result))

2026-10-07 18:08:52,574:WARNING:D:\AI Engineering\FastAPI\model AI\.venv\Lib\site-packages\pycaret\internal\metrics.py:204: FitFailedWarning: Metric 'make_scorer(roc_auc_score, response_method=('decision_function', 'predict_proba'), average=weighted, multi_class=ovr)' failed and error score 0.0 has been returned instead. If this is a custom metric, this usually means that the error is in the metric code. Full exception below:
Traceback (most recent call last):
  File "D:\AI Engineering\FastAPI\model AI\.venv\Lib\site-packages\pycaret\internal\metrics.py", line 196, in _score
    return super()._score(
           ^^^^^^^^^^^^^^^
  File "D:\AI Engineering\FastAPI\model AI\.venv\Lib\site-packages\sklearn\metrics\_scorer.py", line 350, in _score
    return self._sign * self._score_func(y_true, y_pred, **scoring_kwargs)
                        ^^^^^^^^^^^^^^^^^^^^^^^^^^^^^^^^^^^^^^^^^^^^^^^^^^
  File "D:\AI Engineering\FastAPI\model AI\.venv\Lib\site-packages\pycaret\internal\metrics.py", line 144, in __call__
    return self.score_func(y_true, y_pred, **kwargs)
           ^^^^^^^^^^^^^^^^^^^^^^^^^^^^^^^^^^^^^^^^^
  File "D:\AI Engineering\FastAPI\model AI\.venv\Lib\site-packages\sklearn\utils\_param_validation.py", line 213, in wrapper
    return func(*args, **kwargs)
           ^^^^^^^^^^^^^^^^^^^^^
  File "D:\AI Engineering\FastAPI\model AI\.venv\Lib\site-packages\sklearn\metrics\_ranking.py", line 634, in roc_auc_score
    return _multiclass_roc_auc_score(
           ^^^^^^^^^^^^^^^^^^^^^^^^^^
  File "D:\AI Engineering\FastAPI\model AI\.venv\Lib\site-packages\sklearn\metrics\_ranking.py", line 707, in _multiclass_roc_auc_score
    raise ValueError(
ValueError: Target scores need to be probabilities for multiclass roc_auc, i.e. they should sum up to 1.0 over classes

  warnings.warn(

2026-10-07 18:08:52,574:WARNING:D:\AI Engineering\FastAPI\model AI\.venv\Lib\site-packages\pycaret\internal\metrics.py:204: FitFailedWarning: Metric 'make_scorer(roc_auc_score, response_method=('decision_function', 'predict_proba'), average=weighted, multi_class=ovr)' failed and error score 0.0 has been returned instead. If this is a custom metric, this usually means that the error is in the metric code. Full exception below:
Traceback (most recent call last):
  File "D:\AI Engineering\FastAPI\model AI\.venv\Lib\site-packages\pycaret\internal\metrics.py", line 196, in _score
    return super()._score(
           ^^^^^^^^^^^^^^^
  File "D:\AI Engineering\FastAPI\model AI\.venv\Lib\site-packages\sklearn\metrics\_scorer.py", line 350, in _score
    return self._sign * self._score_func(y_true, y_pred, **scoring_kwargs)
                        ^^^^^^^^^^^^^^^^^^^^^^^^^^^^^^^^^^^^^^^^^^^^^^^^^^
  File "D:\AI Engineering\FastAPI\model AI\.venv\Lib\site-packages\pycaret\internal\metrics.py", line 144, in __call__
    return self.score_func(y_true, y_pred, **kwargs)
           ^^^^^^^^^^^^^^^^^^^^^^^^^^^^^^^^^^^^^^^^^
  File "D:\AI Engineering\FastAPI\model AI\.venv\Lib\site-packages\sklearn\utils\_param_validation.py", line 213, in wrapper
    return func(*args, **kwargs)
           ^^^^^^^^^^^^^^^^^^^^^
  File "D:\AI Engineering\FastAPI\model AI\.venv\Lib\site-packages\sklearn\metrics\_ranking.py", line 634, in roc_auc_score
    return _multiclass_roc_auc_score(
           ^^^^^^^^^^^^^^^^^^^^^^^^^^
  File "D:\AI Engineering\FastAPI\model AI\.venv\Lib\site-packages\sklearn\metrics\_ranking.py", line 707, in _multiclass_roc_auc_score
    raise ValueError(
ValueError: Target scores need to be probabilities for multiclass roc_auc, i.e. they should sum up to 1.0 over classes

  warnings.warn(

2026-10-07 18:08:52,578:WARNING:D:\AI Engineering\FastAPI\model AI\.venv\Lib\site-packages\pycaret\internal\metrics.py:204: FitFailedWarning: Metric 'make_scorer(roc_auc_score, response_method=('decision_function', 'predict_proba'), average=weighted, multi_class=ovr)' failed and error score 0.0 has been returned instead. If this is a custom metric, this usually means that the error is in the metric code. Full exception below:
Traceback (most recent call last):
  File "D:\AI Engineering\FastAPI\model AI\.venv\Lib\site-packages\pycaret\internal\metrics.py", line 196, in _score
    return super()._score(
           ^^^^^^^^^^^^^^^
  File "D:\AI Engineering\FastAPI\model AI\.venv\Lib\site-packages\sklearn\metrics\_scorer.py", line 350, in _score
    return self._sign * self._score_func(y_true, y_pred, **scoring_kwargs)
                        ^^^^^^^^^^^^^^^^^^^^^^^^^^^^^^^^^^^^^^^^^^^^^^^^^^
  File "D:\AI Engineering\FastAPI\model AI\.venv\Lib\site-packages\pycaret\internal\metrics.py", line 144, in __call__
    return self.score_func(y_true, y_pred, **kwargs)
           ^^^^^^^^^^^^^^^^^^^^^^^^^^^^^^^^^^^^^^^^^
  File "D:\AI Engineering\FastAPI\model AI\.venv\Lib\site-packages\sklearn\utils\_param_validation.py", line 213, in wrapper
    return func(*args, **kwargs)
           ^^^^^^^^^^^^^^^^^^^^^
  File "D:\AI Engineering\FastAPI\model AI\.venv\Lib\site-packages\sklearn\metrics\_ranking.py", line 634, in roc_auc_score
    return _multiclass_roc_auc_score(
           ^^^^^^^^^^^^^^^^^^^^^^^^^^
  File "D:\AI Engineering\FastAPI\model AI\.venv\Lib\site-packages\sklearn\metrics\_ranking.py", line 707, in _multiclass_roc_auc_score
    raise ValueError(
ValueError: Target scores need to be probabilities for multiclass roc_auc, i.e. they should sum up to 1.0 over classes

  warnings.warn(

2026-10-07 18:08:52,579:WARNING:D:\AI Engineering\FastAPI\model AI\.venv\Lib\site-packages\sklearn\metrics\_classification.py:1509: UndefinedMetricWarning: Precision is ill-defined and being set to 0.0 in labels with no predicted samples. Use `zero_division` parameter to control this behavior.
  _warn_prf(average, modifier, f"{metric.capitalize()} is", len(result))

2026-10-07 18:08:52,579:WARNING:D:\AI Engineering\FastAPI\model AI\.venv\Lib\site-packages\sklearn\metrics\_classification.py:1509: UndefinedMetricWarning: Precision is ill-defined and being set to 0.0 in labels with no predicted samples. Use `zero_division` parameter to control this behavior.
  _warn_prf(average, modifier, f"{metric.capitalize()} is", len(result))

2026-10-07 18:08:52,582:WARNING:D:\AI Engineering\FastAPI\model AI\.venv\Lib\site-packages\sklearn\metrics\_classification.py:1509: UndefinedMetricWarning: Precision is ill-defined and being set to 0.0 in labels with no predicted samples. Use `zero_division` parameter to control this behavior.
  _warn_prf(average, modifier, f"{metric.capitalize()} is", len(result))

2026-10-07 18:08:52,591:INFO:Calculating mean and std
2026-10-07 18:08:52,592:INFO:Creating metrics dataframe
2026-10-07 18:08:52,594:INFO:Uploading results into container
2026-10-07 18:08:52,595:INFO:Uploading model into container now
2026-10-07 18:08:52,595:INFO:_master_model_container: 6
2026-10-07 18:08:52,595:INFO:_display_container: 2
2026-10-07 18:08:52,595:INFO:RidgeClassifier(alpha=1.0, class_weight=None, copy_X=True, fit_intercept=True,
                max_iter=None, positive=False, random_state=123, solver='auto',
                tol=0.0001)
2026-10-07 18:08:52,596:INFO:create_model() successfully completed......................................
2026-10-07 18:08:52,681:INFO:SubProcess create_model() end ==================================
2026-10-07 18:08:52,682:INFO:Creating metrics dataframe
2026-10-07 18:08:52,685:INFO:Initializing Random Forest Classifier
2026-10-07 18:08:52,685:INFO:Total runtime is 0.33501027425130214 minutes
2026-10-07 18:08:52,685:INFO:SubProcess create_model() called ==================================
2026-10-07 18:08:52,685:INFO:Initializing create_model()
2026-10-07 18:08:52,685:INFO:create_model(self=<pycaret.classification.oop.ClassificationExperiment object at 0x000001A89952AF90>, estimator=rf, fold=StratifiedKFold(n_splits=10, random_state=None, shuffle=False), round=4, cross_validation=True, predict=True, fit_kwargs={}, groups=None, refit=False, probability_threshold=None, experiment_custom_tags=None, verbose=False, system=False, add_to_model_list=True, metrics=None, display=<pycaret.internal.display.display.CommonDisplay object at 0x000001A89FD06710>, model_only=True, return_train_score=False, error_score=0.0, kwargs={})
2026-10-07 18:08:52,685:INFO:Checking exceptions
2026-10-07 18:08:52,685:INFO:Importing libraries
2026-10-07 18:08:52,685:INFO:Copying training dataset
2026-10-07 18:08:52,689:INFO:Defining folds
2026-10-07 18:08:52,689:INFO:Declaring metric variables
2026-10-07 18:08:52,689:INFO:Importing untrained model
2026-10-07 18:08:52,690:INFO:Random Forest Classifier Imported successfully
2026-10-07 18:08:52,690:INFO:Starting cross validation
2026-10-07 18:08:52,691:INFO:Cross validating with StratifiedKFold(n_splits=10, random_state=None, shuffle=False), n_jobs=-1
2026-10-07 18:08:53,813:INFO:Calculating mean and std
2026-10-07 18:08:53,815:INFO:Creating metrics dataframe
2026-10-07 18:08:53,817:INFO:Uploading results into container
2026-10-07 18:08:53,818:INFO:Uploading model into container now
2026-10-07 18:08:53,818:INFO:_master_model_container: 7
2026-10-07 18:08:53,819:INFO:_display_container: 2
2026-10-07 18:08:53,819:INFO:RandomForestClassifier(bootstrap=True, ccp_alpha=0.0, class_weight=None,
                       criterion='gini', max_depth=None, max_features='sqrt',
                       max_leaf_nodes=None, max_samples=None,
                       min_impurity_decrease=0.0, min_samples_leaf=1,
                       min_samples_split=2, min_weight_fraction_leaf=0.0,
                       monotonic_cst=None, n_estimators=100, n_jobs=-1,
                       oob_score=False, random_state=123, verbose=0,
                       warm_start=False)
2026-10-07 18:08:53,819:INFO:create_model() successfully completed......................................
2026-10-07 18:08:53,906:INFO:SubProcess create_model() end ==================================
2026-10-07 18:08:53,907:INFO:Creating metrics dataframe
2026-10-07 18:08:53,909:INFO:Initializing Quadratic Discriminant Analysis
2026-10-07 18:08:53,909:INFO:Total runtime is 0.3554105917612712 minutes
2026-10-07 18:08:53,909:INFO:SubProcess create_model() called ==================================
2026-10-07 18:08:53,910:INFO:Initializing create_model()
2026-10-07 18:08:53,910:INFO:create_model(self=<pycaret.classification.oop.ClassificationExperiment object at 0x000001A89952AF90>, estimator=qda, fold=StratifiedKFold(n_splits=10, random_state=None, shuffle=False), round=4, cross_validation=True, predict=True, fit_kwargs={}, groups=None, refit=False, probability_threshold=None, experiment_custom_tags=None, verbose=False, system=False, add_to_model_list=True, metrics=None, display=<pycaret.internal.display.display.CommonDisplay object at 0x000001A89FD06710>, model_only=True, return_train_score=False, error_score=0.0, kwargs={})
2026-10-07 18:08:53,910:INFO:Checking exceptions
2026-10-07 18:08:53,910:INFO:Importing libraries
2026-10-07 18:08:53,910:INFO:Copying training dataset
2026-10-07 18:08:53,914:INFO:Defining folds
2026-10-07 18:08:53,914:INFO:Declaring metric variables
2026-10-07 18:08:53,914:INFO:Importing untrained model
2026-10-07 18:08:53,914:INFO:Quadratic Discriminant Analysis Imported successfully
2026-10-07 18:08:53,915:INFO:Starting cross validation
2026-10-07 18:08:53,917:INFO:Cross validating with StratifiedKFold(n_splits=10, random_state=None, shuffle=False), n_jobs=-1
2026-10-07 18:08:54,108:WARNING:D:\AI Engineering\FastAPI\model AI\.venv\Lib\site-packages\sklearn\discriminant_analysis.py:935: UserWarning: Variables are collinear
  warnings.warn("Variables are collinear")

2026-10-07 18:08:54,108:WARNING:D:\AI Engineering\FastAPI\model AI\.venv\Lib\site-packages\sklearn\discriminant_analysis.py:935: UserWarning: Variables are collinear
  warnings.warn("Variables are collinear")

2026-10-07 18:08:54,108:WARNING:D:\AI Engineering\FastAPI\model AI\.venv\Lib\site-packages\sklearn\discriminant_analysis.py:935: UserWarning: Variables are collinear
  warnings.warn("Variables are collinear")

2026-10-07 18:08:54,111:WARNING:D:\AI Engineering\FastAPI\model AI\.venv\Lib\site-packages\sklearn\discriminant_analysis.py:935: UserWarning: Variables are collinear
  warnings.warn("Variables are collinear")

2026-10-07 18:08:54,113:WARNING:D:\AI Engineering\FastAPI\model AI\.venv\Lib\site-packages\sklearn\discriminant_analysis.py:935: UserWarning: Variables are collinear
  warnings.warn("Variables are collinear")

2026-10-07 18:08:54,118:WARNING:D:\AI Engineering\FastAPI\model AI\.venv\Lib\site-packages\sklearn\discriminant_analysis.py:935: UserWarning: Variables are collinear
  warnings.warn("Variables are collinear")

2026-10-07 18:08:54,121:WARNING:D:\AI Engineering\FastAPI\model AI\.venv\Lib\site-packages\sklearn\discriminant_analysis.py:935: UserWarning: Variables are collinear
  warnings.warn("Variables are collinear")

2026-10-07 18:08:54,128:WARNING:D:\AI Engineering\FastAPI\model AI\.venv\Lib\site-packages\sklearn\discriminant_analysis.py:935: UserWarning: Variables are collinear
  warnings.warn("Variables are collinear")

2026-10-07 18:08:54,128:WARNING:D:\AI Engineering\FastAPI\model AI\.venv\Lib\site-packages\sklearn\discriminant_analysis.py:935: UserWarning: Variables are collinear
  warnings.warn("Variables are collinear")

2026-10-07 18:08:54,130:WARNING:D:\AI Engineering\FastAPI\model AI\.venv\Lib\site-packages\sklearn\discriminant_analysis.py:935: UserWarning: Variables are collinear
  warnings.warn("Variables are collinear")

2026-10-07 18:08:54,174:WARNING:D:\AI Engineering\FastAPI\model AI\.venv\Lib\site-packages\pycaret\internal\metrics.py:204: FitFailedWarning: Metric 'make_scorer(roc_auc_score, response_method=('decision_function', 'predict_proba'), average=weighted, multi_class=ovr)' failed and error score 0.0 has been returned instead. If this is a custom metric, this usually means that the error is in the metric code. Full exception below:
Traceback (most recent call last):
  File "D:\AI Engineering\FastAPI\model AI\.venv\Lib\site-packages\pycaret\internal\metrics.py", line 196, in _score
    return super()._score(
           ^^^^^^^^^^^^^^^
  File "D:\AI Engineering\FastAPI\model AI\.venv\Lib\site-packages\sklearn\metrics\_scorer.py", line 350, in _score
    return self._sign * self._score_func(y_true, y_pred, **scoring_kwargs)
                        ^^^^^^^^^^^^^^^^^^^^^^^^^^^^^^^^^^^^^^^^^^^^^^^^^^
  File "D:\AI Engineering\FastAPI\model AI\.venv\Lib\site-packages\pycaret\internal\metrics.py", line 144, in __call__
    return self.score_func(y_true, y_pred, **kwargs)
           ^^^^^^^^^^^^^^^^^^^^^^^^^^^^^^^^^^^^^^^^^
  File "D:\AI Engineering\FastAPI\model AI\.venv\Lib\site-packages\sklearn\utils\_param_validation.py", line 213, in wrapper
    return func(*args, **kwargs)
           ^^^^^^^^^^^^^^^^^^^^^
  File "D:\AI Engineering\FastAPI\model AI\.venv\Lib\site-packages\sklearn\metrics\_ranking.py", line 634, in roc_auc_score
    return _multiclass_roc_auc_score(
           ^^^^^^^^^^^^^^^^^^^^^^^^^^
  File "D:\AI Engineering\FastAPI\model AI\.venv\Lib\site-packages\sklearn\metrics\_ranking.py", line 707, in _multiclass_roc_auc_score
    raise ValueError(
ValueError: Target scores need to be probabilities for multiclass roc_auc, i.e. they should sum up to 1.0 over classes

  warnings.warn(

2026-10-07 18:08:54,182:WARNING:D:\AI Engineering\FastAPI\model AI\.venv\Lib\site-packages\pycaret\internal\metrics.py:204: FitFailedWarning: Metric 'make_scorer(roc_auc_score, response_method=('decision_function', 'predict_proba'), average=weighted, multi_class=ovr)' failed and error score 0.0 has been returned instead. If this is a custom metric, this usually means that the error is in the metric code. Full exception below:
Traceback (most recent call last):
  File "D:\AI Engineering\FastAPI\model AI\.venv\Lib\site-packages\pycaret\internal\metrics.py", line 196, in _score
    return super()._score(
           ^^^^^^^^^^^^^^^
  File "D:\AI Engineering\FastAPI\model AI\.venv\Lib\site-packages\sklearn\metrics\_scorer.py", line 350, in _score
    return self._sign * self._score_func(y_true, y_pred, **scoring_kwargs)
                        ^^^^^^^^^^^^^^^^^^^^^^^^^^^^^^^^^^^^^^^^^^^^^^^^^^
  File "D:\AI Engineering\FastAPI\model AI\.venv\Lib\site-packages\pycaret\internal\metrics.py", line 144, in __call__
    return self.score_func(y_true, y_pred, **kwargs)
           ^^^^^^^^^^^^^^^^^^^^^^^^^^^^^^^^^^^^^^^^^
  File "D:\AI Engineering\FastAPI\model AI\.venv\Lib\site-packages\sklearn\utils\_param_validation.py", line 213, in wrapper
    return func(*args, **kwargs)
           ^^^^^^^^^^^^^^^^^^^^^
  File "D:\AI Engineering\FastAPI\model AI\.venv\Lib\site-packages\sklearn\metrics\_ranking.py", line 634, in roc_auc_score
    return _multiclass_roc_auc_score(
           ^^^^^^^^^^^^^^^^^^^^^^^^^^
  File "D:\AI Engineering\FastAPI\model AI\.venv\Lib\site-packages\sklearn\metrics\_ranking.py", line 707, in _multiclass_roc_auc_score
    raise ValueError(
ValueError: Target scores need to be probabilities for multiclass roc_auc, i.e. they should sum up to 1.0 over classes

  warnings.warn(

2026-10-07 18:08:54,182:WARNING:D:\AI Engineering\FastAPI\model AI\.venv\Lib\site-packages\pycaret\internal\metrics.py:204: FitFailedWarning: Metric 'make_scorer(roc_auc_score, response_method=('decision_function', 'predict_proba'), average=weighted, multi_class=ovr)' failed and error score 0.0 has been returned instead. If this is a custom metric, this usually means that the error is in the metric code. Full exception below:
Traceback (most recent call last):
  File "D:\AI Engineering\FastAPI\model AI\.venv\Lib\site-packages\pycaret\internal\metrics.py", line 196, in _score
    return super()._score(
           ^^^^^^^^^^^^^^^
  File "D:\AI Engineering\FastAPI\model AI\.venv\Lib\site-packages\sklearn\metrics\_scorer.py", line 350, in _score
    return self._sign * self._score_func(y_true, y_pred, **scoring_kwargs)
                        ^^^^^^^^^^^^^^^^^^^^^^^^^^^^^^^^^^^^^^^^^^^^^^^^^^
  File "D:\AI Engineering\FastAPI\model AI\.venv\Lib\site-packages\pycaret\internal\metrics.py", line 144, in __call__
    return self.score_func(y_true, y_pred, **kwargs)
           ^^^^^^^^^^^^^^^^^^^^^^^^^^^^^^^^^^^^^^^^^
  File "D:\AI Engineering\FastAPI\model AI\.venv\Lib\site-packages\sklearn\utils\_param_validation.py", line 213, in wrapper
    return func(*args, **kwargs)
           ^^^^^^^^^^^^^^^^^^^^^
  File "D:\AI Engineering\FastAPI\model AI\.venv\Lib\site-packages\sklearn\metrics\_ranking.py", line 634, in roc_auc_score
    return _multiclass_roc_auc_score(
           ^^^^^^^^^^^^^^^^^^^^^^^^^^
  File "D:\AI Engineering\FastAPI\model AI\.venv\Lib\site-packages\sklearn\metrics\_ranking.py", line 707, in _multiclass_roc_auc_score
    raise ValueError(
ValueError: Target scores need to be probabilities for multiclass roc_auc, i.e. they should sum up to 1.0 over classes

  warnings.warn(

2026-10-07 18:08:54,187:WARNING:D:\AI Engineering\FastAPI\model AI\.venv\Lib\site-packages\pycaret\internal\metrics.py:204: FitFailedWarning: Metric 'make_scorer(roc_auc_score, response_method=('decision_function', 'predict_proba'), average=weighted, multi_class=ovr)' failed and error score 0.0 has been returned instead. If this is a custom metric, this usually means that the error is in the metric code. Full exception below:
Traceback (most recent call last):
  File "D:\AI Engineering\FastAPI\model AI\.venv\Lib\site-packages\pycaret\internal\metrics.py", line 196, in _score
    return super()._score(
           ^^^^^^^^^^^^^^^
  File "D:\AI Engineering\FastAPI\model AI\.venv\Lib\site-packages\sklearn\metrics\_scorer.py", line 350, in _score
    return self._sign * self._score_func(y_true, y_pred, **scoring_kwargs)
                        ^^^^^^^^^^^^^^^^^^^^^^^^^^^^^^^^^^^^^^^^^^^^^^^^^^
  File "D:\AI Engineering\FastAPI\model AI\.venv\Lib\site-packages\pycaret\internal\metrics.py", line 144, in __call__
    return self.score_func(y_true, y_pred, **kwargs)
           ^^^^^^^^^^^^^^^^^^^^^^^^^^^^^^^^^^^^^^^^^
  File "D:\AI Engineering\FastAPI\model AI\.venv\Lib\site-packages\sklearn\utils\_param_validation.py", line 213, in wrapper
    return func(*args, **kwargs)
           ^^^^^^^^^^^^^^^^^^^^^
  File "D:\AI Engineering\FastAPI\model AI\.venv\Lib\site-packages\sklearn\metrics\_ranking.py", line 634, in roc_auc_score
    return _multiclass_roc_auc_score(
           ^^^^^^^^^^^^^^^^^^^^^^^^^^
  File "D:\AI Engineering\FastAPI\model AI\.venv\Lib\site-packages\sklearn\metrics\_ranking.py", line 707, in _multiclass_roc_auc_score
    raise ValueError(
ValueError: Target scores need to be probabilities for multiclass roc_auc, i.e. they should sum up to 1.0 over classes

  warnings.warn(

2026-10-07 18:08:54,190:WARNING:D:\AI Engineering\FastAPI\model AI\.venv\Lib\site-packages\pycaret\internal\metrics.py:204: FitFailedWarning: Metric 'make_scorer(roc_auc_score, response_method=('decision_function', 'predict_proba'), average=weighted, multi_class=ovr)' failed and error score 0.0 has been returned instead. If this is a custom metric, this usually means that the error is in the metric code. Full exception below:
Traceback (most recent call last):
  File "D:\AI Engineering\FastAPI\model AI\.venv\Lib\site-packages\pycaret\internal\metrics.py", line 196, in _score
    return super()._score(
           ^^^^^^^^^^^^^^^
  File "D:\AI Engineering\FastAPI\model AI\.venv\Lib\site-packages\sklearn\metrics\_scorer.py", line 350, in _score
    return self._sign * self._score_func(y_true, y_pred, **scoring_kwargs)
                        ^^^^^^^^^^^^^^^^^^^^^^^^^^^^^^^^^^^^^^^^^^^^^^^^^^
  File "D:\AI Engineering\FastAPI\model AI\.venv\Lib\site-packages\pycaret\internal\metrics.py", line 144, in __call__
    return self.score_func(y_true, y_pred, **kwargs)
           ^^^^^^^^^^^^^^^^^^^^^^^^^^^^^^^^^^^^^^^^^
  File "D:\AI Engineering\FastAPI\model AI\.venv\Lib\site-packages\sklearn\utils\_param_validation.py", line 213, in wrapper
    return func(*args, **kwargs)
           ^^^^^^^^^^^^^^^^^^^^^
  File "D:\AI Engineering\FastAPI\model AI\.venv\Lib\site-packages\sklearn\metrics\_ranking.py", line 634, in roc_auc_score
    return _multiclass_roc_auc_score(
           ^^^^^^^^^^^^^^^^^^^^^^^^^^
  File "D:\AI Engineering\FastAPI\model AI\.venv\Lib\site-packages\sklearn\metrics\_ranking.py", line 707, in _multiclass_roc_auc_score
    raise ValueError(
ValueError: Target scores need to be probabilities for multiclass roc_auc, i.e. they should sum up to 1.0 over classes

  warnings.warn(

2026-10-07 18:08:54,191:WARNING:D:\AI Engineering\FastAPI\model AI\.venv\Lib\site-packages\pycaret\internal\metrics.py:204: FitFailedWarning: Metric 'make_scorer(roc_auc_score, response_method=('decision_function', 'predict_proba'), average=weighted, multi_class=ovr)' failed and error score 0.0 has been returned instead. If this is a custom metric, this usually means that the error is in the metric code. Full exception below:
Traceback (most recent call last):
  File "D:\AI Engineering\FastAPI\model AI\.venv\Lib\site-packages\pycaret\internal\metrics.py", line 196, in _score
    return super()._score(
           ^^^^^^^^^^^^^^^
  File "D:\AI Engineering\FastAPI\model AI\.venv\Lib\site-packages\sklearn\metrics\_scorer.py", line 350, in _score
    return self._sign * self._score_func(y_true, y_pred, **scoring_kwargs)
                        ^^^^^^^^^^^^^^^^^^^^^^^^^^^^^^^^^^^^^^^^^^^^^^^^^^
  File "D:\AI Engineering\FastAPI\model AI\.venv\Lib\site-packages\pycaret\internal\metrics.py", line 144, in __call__
    return self.score_func(y_true, y_pred, **kwargs)
           ^^^^^^^^^^^^^^^^^^^^^^^^^^^^^^^^^^^^^^^^^
  File "D:\AI Engineering\FastAPI\model AI\.venv\Lib\site-packages\sklearn\utils\_param_validation.py", line 213, in wrapper
    return func(*args, **kwargs)
           ^^^^^^^^^^^^^^^^^^^^^
  File "D:\AI Engineering\FastAPI\model AI\.venv\Lib\site-packages\sklearn\metrics\_ranking.py", line 634, in roc_auc_score
    return _multiclass_roc_auc_score(
           ^^^^^^^^^^^^^^^^^^^^^^^^^^
  File "D:\AI Engineering\FastAPI\model AI\.venv\Lib\site-packages\sklearn\metrics\_ranking.py", line 707, in _multiclass_roc_auc_score
    raise ValueError(
ValueError: Target scores need to be probabilities for multiclass roc_auc, i.e. they should sum up to 1.0 over classes

  warnings.warn(

2026-10-07 18:08:54,193:WARNING:D:\AI Engineering\FastAPI\model AI\.venv\Lib\site-packages\pycaret\internal\metrics.py:204: FitFailedWarning: Metric 'make_scorer(roc_auc_score, response_method=('decision_function', 'predict_proba'), average=weighted, multi_class=ovr)' failed and error score 0.0 has been returned instead. If this is a custom metric, this usually means that the error is in the metric code. Full exception below:
Traceback (most recent call last):
  File "D:\AI Engineering\FastAPI\model AI\.venv\Lib\site-packages\pycaret\internal\metrics.py", line 196, in _score
    return super()._score(
           ^^^^^^^^^^^^^^^
  File "D:\AI Engineering\FastAPI\model AI\.venv\Lib\site-packages\sklearn\metrics\_scorer.py", line 350, in _score
    return self._sign * self._score_func(y_true, y_pred, **scoring_kwargs)
                        ^^^^^^^^^^^^^^^^^^^^^^^^^^^^^^^^^^^^^^^^^^^^^^^^^^
  File "D:\AI Engineering\FastAPI\model AI\.venv\Lib\site-packages\pycaret\internal\metrics.py", line 144, in __call__
    return self.score_func(y_true, y_pred, **kwargs)
           ^^^^^^^^^^^^^^^^^^^^^^^^^^^^^^^^^^^^^^^^^
  File "D:\AI Engineering\FastAPI\model AI\.venv\Lib\site-packages\sklearn\utils\_param_validation.py", line 213, in wrapper
    return func(*args, **kwargs)
           ^^^^^^^^^^^^^^^^^^^^^
  File "D:\AI Engineering\FastAPI\model AI\.venv\Lib\site-packages\sklearn\metrics\_ranking.py", line 634, in roc_auc_score
    return _multiclass_roc_auc_score(
           ^^^^^^^^^^^^^^^^^^^^^^^^^^
  File "D:\AI Engineering\FastAPI\model AI\.venv\Lib\site-packages\sklearn\metrics\_ranking.py", line 707, in _multiclass_roc_auc_score
    raise ValueError(
ValueError: Target scores need to be probabilities for multiclass roc_auc, i.e. they should sum up to 1.0 over classes

  warnings.warn(

2026-10-07 18:08:54,196:WARNING:D:\AI Engineering\FastAPI\model AI\.venv\Lib\site-packages\pycaret\internal\metrics.py:204: FitFailedWarning: Metric 'make_scorer(roc_auc_score, response_method=('decision_function', 'predict_proba'), average=weighted, multi_class=ovr)' failed and error score 0.0 has been returned instead. If this is a custom metric, this usually means that the error is in the metric code. Full exception below:
Traceback (most recent call last):
  File "D:\AI Engineering\FastAPI\model AI\.venv\Lib\site-packages\pycaret\internal\metrics.py", line 196, in _score
    return super()._score(
           ^^^^^^^^^^^^^^^
  File "D:\AI Engineering\FastAPI\model AI\.venv\Lib\site-packages\sklearn\metrics\_scorer.py", line 350, in _score
    return self._sign * self._score_func(y_true, y_pred, **scoring_kwargs)
                        ^^^^^^^^^^^^^^^^^^^^^^^^^^^^^^^^^^^^^^^^^^^^^^^^^^
  File "D:\AI Engineering\FastAPI\model AI\.venv\Lib\site-packages\pycaret\internal\metrics.py", line 144, in __call__
    return self.score_func(y_true, y_pred, **kwargs)
           ^^^^^^^^^^^^^^^^^^^^^^^^^^^^^^^^^^^^^^^^^
  File "D:\AI Engineering\FastAPI\model AI\.venv\Lib\site-packages\sklearn\utils\_param_validation.py", line 213, in wrapper
    return func(*args, **kwargs)
           ^^^^^^^^^^^^^^^^^^^^^
  File "D:\AI Engineering\FastAPI\model AI\.venv\Lib\site-packages\sklearn\metrics\_ranking.py", line 634, in roc_auc_score
    return _multiclass_roc_auc_score(
           ^^^^^^^^^^^^^^^^^^^^^^^^^^
  File "D:\AI Engineering\FastAPI\model AI\.venv\Lib\site-packages\sklearn\metrics\_ranking.py", line 707, in _multiclass_roc_auc_score
    raise ValueError(
ValueError: Target scores need to be probabilities for multiclass roc_auc, i.e. they should sum up to 1.0 over classes

  warnings.warn(

2026-10-07 18:08:54,203:WARNING:D:\AI Engineering\FastAPI\model AI\.venv\Lib\site-packages\sklearn\metrics\_classification.py:1509: UndefinedMetricWarning: Precision is ill-defined and being set to 0.0 in labels with no predicted samples. Use `zero_division` parameter to control this behavior.
  _warn_prf(average, modifier, f"{metric.capitalize()} is", len(result))

2026-10-07 18:08:54,203:WARNING:D:\AI Engineering\FastAPI\model AI\.venv\Lib\site-packages\pycaret\internal\metrics.py:204: FitFailedWarning: Metric 'make_scorer(roc_auc_score, response_method=('decision_function', 'predict_proba'), average=weighted, multi_class=ovr)' failed and error score 0.0 has been returned instead. If this is a custom metric, this usually means that the error is in the metric code. Full exception below:
Traceback (most recent call last):
  File "D:\AI Engineering\FastAPI\model AI\.venv\Lib\site-packages\pycaret\internal\metrics.py", line 196, in _score
    return super()._score(
           ^^^^^^^^^^^^^^^
  File "D:\AI Engineering\FastAPI\model AI\.venv\Lib\site-packages\sklearn\metrics\_scorer.py", line 350, in _score
    return self._sign * self._score_func(y_true, y_pred, **scoring_kwargs)
                        ^^^^^^^^^^^^^^^^^^^^^^^^^^^^^^^^^^^^^^^^^^^^^^^^^^
  File "D:\AI Engineering\FastAPI\model AI\.venv\Lib\site-packages\pycaret\internal\metrics.py", line 144, in __call__
    return self.score_func(y_true, y_pred, **kwargs)
           ^^^^^^^^^^^^^^^^^^^^^^^^^^^^^^^^^^^^^^^^^
  File "D:\AI Engineering\FastAPI\model AI\.venv\Lib\site-packages\sklearn\utils\_param_validation.py", line 213, in wrapper
    return func(*args, **kwargs)
           ^^^^^^^^^^^^^^^^^^^^^
  File "D:\AI Engineering\FastAPI\model AI\.venv\Lib\site-packages\sklearn\metrics\_ranking.py", line 634, in roc_auc_score
    return _multiclass_roc_auc_score(
           ^^^^^^^^^^^^^^^^^^^^^^^^^^
  File "D:\AI Engineering\FastAPI\model AI\.venv\Lib\site-packages\sklearn\metrics\_ranking.py", line 707, in _multiclass_roc_auc_score
    raise ValueError(
ValueError: Target scores need to be probabilities for multiclass roc_auc, i.e. they should sum up to 1.0 over classes

  warnings.warn(

2026-10-07 18:08:54,204:WARNING:D:\AI Engineering\FastAPI\model AI\.venv\Lib\site-packages\pycaret\internal\metrics.py:204: FitFailedWarning: Metric 'make_scorer(roc_auc_score, response_method=('decision_function', 'predict_proba'), average=weighted, multi_class=ovr)' failed and error score 0.0 has been returned instead. If this is a custom metric, this usually means that the error is in the metric code. Full exception below:
Traceback (most recent call last):
  File "D:\AI Engineering\FastAPI\model AI\.venv\Lib\site-packages\pycaret\internal\metrics.py", line 196, in _score
    return super()._score(
           ^^^^^^^^^^^^^^^
  File "D:\AI Engineering\FastAPI\model AI\.venv\Lib\site-packages\sklearn\metrics\_scorer.py", line 350, in _score
    return self._sign * self._score_func(y_true, y_pred, **scoring_kwargs)
                        ^^^^^^^^^^^^^^^^^^^^^^^^^^^^^^^^^^^^^^^^^^^^^^^^^^
  File "D:\AI Engineering\FastAPI\model AI\.venv\Lib\site-packages\pycaret\internal\metrics.py", line 144, in __call__
    return self.score_func(y_true, y_pred, **kwargs)
           ^^^^^^^^^^^^^^^^^^^^^^^^^^^^^^^^^^^^^^^^^
  File "D:\AI Engineering\FastAPI\model AI\.venv\Lib\site-packages\sklearn\utils\_param_validation.py", line 213, in wrapper
    return func(*args, **kwargs)
           ^^^^^^^^^^^^^^^^^^^^^
  File "D:\AI Engineering\FastAPI\model AI\.venv\Lib\site-packages\sklearn\metrics\_ranking.py", line 634, in roc_auc_score
    return _multiclass_roc_auc_score(
           ^^^^^^^^^^^^^^^^^^^^^^^^^^
  File "D:\AI Engineering\FastAPI\model AI\.venv\Lib\site-packages\sklearn\metrics\_ranking.py", line 707, in _multiclass_roc_auc_score
    raise ValueError(
ValueError: Target scores need to be probabilities for multiclass roc_auc, i.e. they should sum up to 1.0 over classes

  warnings.warn(

2026-10-07 18:08:54,219:INFO:Calculating mean and std
2026-10-07 18:08:54,220:INFO:Creating metrics dataframe
2026-10-07 18:08:54,222:INFO:Uploading results into container
2026-10-07 18:08:54,222:INFO:Uploading model into container now
2026-10-07 18:08:54,223:INFO:_master_model_container: 8
2026-10-07 18:08:54,223:INFO:_display_container: 2
2026-10-07 18:08:54,223:INFO:QuadraticDiscriminantAnalysis(priors=None, reg_param=0.0,
                              store_covariance=False, tol=0.0001)
2026-10-07 18:08:54,223:INFO:create_model() successfully completed......................................
2026-10-07 18:08:54,303:INFO:SubProcess create_model() end ==================================
2026-10-07 18:08:54,304:INFO:Creating metrics dataframe
2026-10-07 18:08:54,307:INFO:Initializing Ada Boost Classifier
2026-10-07 18:08:54,307:INFO:Total runtime is 0.36205581426620487 minutes
2026-10-07 18:08:54,307:INFO:SubProcess create_model() called ==================================
2026-10-07 18:08:54,308:INFO:Initializing create_model()
2026-10-07 18:08:54,308:INFO:create_model(self=<pycaret.classification.oop.ClassificationExperiment object at 0x000001A89952AF90>, estimator=ada, fold=StratifiedKFold(n_splits=10, random_state=None, shuffle=False), round=4, cross_validation=True, predict=True, fit_kwargs={}, groups=None, refit=False, probability_threshold=None, experiment_custom_tags=None, verbose=False, system=False, add_to_model_list=True, metrics=None, display=<pycaret.internal.display.display.CommonDisplay object at 0x000001A89FD06710>, model_only=True, return_train_score=False, error_score=0.0, kwargs={})
2026-10-07 18:08:54,308:INFO:Checking exceptions
2026-10-07 18:08:54,308:INFO:Importing libraries
2026-10-07 18:08:54,308:INFO:Copying training dataset
2026-10-07 18:08:54,316:INFO:Defining folds
2026-10-07 18:08:54,316:INFO:Declaring metric variables
2026-10-07 18:08:54,316:INFO:Importing untrained model
2026-10-07 18:08:54,316:INFO:Ada Boost Classifier Imported successfully
2026-10-07 18:08:54,317:INFO:Starting cross validation
2026-10-07 18:08:54,320:INFO:Cross validating with StratifiedKFold(n_splits=10, random_state=None, shuffle=False), n_jobs=-1
2026-10-07 18:08:54,559:WARNING:D:\AI Engineering\FastAPI\model AI\.venv\Lib\site-packages\sklearn\ensemble\_weight_boosting.py:519: FutureWarning: The SAMME.R algorithm (the default) is deprecated and will be removed in 1.6. Use the SAMME algorithm to circumvent this warning.
  warnings.warn(

2026-10-07 18:08:54,562:WARNING:D:\AI Engineering\FastAPI\model AI\.venv\Lib\site-packages\sklearn\ensemble\_weight_boosting.py:519: FutureWarning: The SAMME.R algorithm (the default) is deprecated and will be removed in 1.6. Use the SAMME algorithm to circumvent this warning.
  warnings.warn(

2026-10-07 18:08:54,568:WARNING:D:\AI Engineering\FastAPI\model AI\.venv\Lib\site-packages\sklearn\ensemble\_weight_boosting.py:519: FutureWarning: The SAMME.R algorithm (the default) is deprecated and will be removed in 1.6. Use the SAMME algorithm to circumvent this warning.
  warnings.warn(

2026-10-07 18:08:54,570:WARNING:D:\AI Engineering\FastAPI\model AI\.venv\Lib\site-packages\sklearn\ensemble\_weight_boosting.py:519: FutureWarning: The SAMME.R algorithm (the default) is deprecated and will be removed in 1.6. Use the SAMME algorithm to circumvent this warning.
  warnings.warn(

2026-10-07 18:08:54,572:WARNING:D:\AI Engineering\FastAPI\model AI\.venv\Lib\site-packages\sklearn\ensemble\_weight_boosting.py:519: FutureWarning: The SAMME.R algorithm (the default) is deprecated and will be removed in 1.6. Use the SAMME algorithm to circumvent this warning.
  warnings.warn(

2026-10-07 18:08:54,594:WARNING:D:\AI Engineering\FastAPI\model AI\.venv\Lib\site-packages\sklearn\ensemble\_weight_boosting.py:519: FutureWarning: The SAMME.R algorithm (the default) is deprecated and will be removed in 1.6. Use the SAMME algorithm to circumvent this warning.
  warnings.warn(

2026-10-07 18:08:54,603:WARNING:D:\AI Engineering\FastAPI\model AI\.venv\Lib\site-packages\sklearn\ensemble\_weight_boosting.py:519: FutureWarning: The SAMME.R algorithm (the default) is deprecated and will be removed in 1.6. Use the SAMME algorithm to circumvent this warning.
  warnings.warn(

2026-10-07 18:08:54,613:WARNING:D:\AI Engineering\FastAPI\model AI\.venv\Lib\site-packages\sklearn\ensemble\_weight_boosting.py:519: FutureWarning: The SAMME.R algorithm (the default) is deprecated and will be removed in 1.6. Use the SAMME algorithm to circumvent this warning.
  warnings.warn(

2026-10-07 18:08:54,617:WARNING:D:\AI Engineering\FastAPI\model AI\.venv\Lib\site-packages\sklearn\ensemble\_weight_boosting.py:519: FutureWarning: The SAMME.R algorithm (the default) is deprecated and will be removed in 1.6. Use the SAMME algorithm to circumvent this warning.
  warnings.warn(

2026-10-07 18:08:54,647:WARNING:D:\AI Engineering\FastAPI\model AI\.venv\Lib\site-packages\sklearn\ensemble\_weight_boosting.py:519: FutureWarning: The SAMME.R algorithm (the default) is deprecated and will be removed in 1.6. Use the SAMME algorithm to circumvent this warning.
  warnings.warn(

2026-10-07 18:08:54,960:WARNING:D:\AI Engineering\FastAPI\model AI\.venv\Lib\site-packages\pycaret\internal\metrics.py:204: FitFailedWarning: Metric 'make_scorer(roc_auc_score, response_method=('decision_function', 'predict_proba'), average=weighted, multi_class=ovr)' failed and error score 0.0 has been returned instead. If this is a custom metric, this usually means that the error is in the metric code. Full exception below:
Traceback (most recent call last):
  File "D:\AI Engineering\FastAPI\model AI\.venv\Lib\site-packages\pycaret\internal\metrics.py", line 196, in _score
    return super()._score(
           ^^^^^^^^^^^^^^^
  File "D:\AI Engineering\FastAPI\model AI\.venv\Lib\site-packages\sklearn\metrics\_scorer.py", line 350, in _score
    return self._sign * self._score_func(y_true, y_pred, **scoring_kwargs)
                        ^^^^^^^^^^^^^^^^^^^^^^^^^^^^^^^^^^^^^^^^^^^^^^^^^^
  File "D:\AI Engineering\FastAPI\model AI\.venv\Lib\site-packages\pycaret\internal\metrics.py", line 144, in __call__
    return self.score_func(y_true, y_pred, **kwargs)
           ^^^^^^^^^^^^^^^^^^^^^^^^^^^^^^^^^^^^^^^^^
  File "D:\AI Engineering\FastAPI\model AI\.venv\Lib\site-packages\sklearn\utils\_param_validation.py", line 213, in wrapper
    return func(*args, **kwargs)
           ^^^^^^^^^^^^^^^^^^^^^
  File "D:\AI Engineering\FastAPI\model AI\.venv\Lib\site-packages\sklearn\metrics\_ranking.py", line 634, in roc_auc_score
    return _multiclass_roc_auc_score(
           ^^^^^^^^^^^^^^^^^^^^^^^^^^
  File "D:\AI Engineering\FastAPI\model AI\.venv\Lib\site-packages\sklearn\metrics\_ranking.py", line 707, in _multiclass_roc_auc_score
    raise ValueError(
ValueError: Target scores need to be probabilities for multiclass roc_auc, i.e. they should sum up to 1.0 over classes

  warnings.warn(

2026-10-07 18:08:54,962:WARNING:D:\AI Engineering\FastAPI\model AI\.venv\Lib\site-packages\pycaret\internal\metrics.py:204: FitFailedWarning: Metric 'make_scorer(roc_auc_score, response_method=('decision_function', 'predict_proba'), average=weighted, multi_class=ovr)' failed and error score 0.0 has been returned instead. If this is a custom metric, this usually means that the error is in the metric code. Full exception below:
Traceback (most recent call last):
  File "D:\AI Engineering\FastAPI\model AI\.venv\Lib\site-packages\pycaret\internal\metrics.py", line 196, in _score
    return super()._score(
           ^^^^^^^^^^^^^^^
  File "D:\AI Engineering\FastAPI\model AI\.venv\Lib\site-packages\sklearn\metrics\_scorer.py", line 350, in _score
    return self._sign * self._score_func(y_true, y_pred, **scoring_kwargs)
                        ^^^^^^^^^^^^^^^^^^^^^^^^^^^^^^^^^^^^^^^^^^^^^^^^^^
  File "D:\AI Engineering\FastAPI\model AI\.venv\Lib\site-packages\pycaret\internal\metrics.py", line 144, in __call__
    return self.score_func(y_true, y_pred, **kwargs)
           ^^^^^^^^^^^^^^^^^^^^^^^^^^^^^^^^^^^^^^^^^
  File "D:\AI Engineering\FastAPI\model AI\.venv\Lib\site-packages\sklearn\utils\_param_validation.py", line 213, in wrapper
    return func(*args, **kwargs)
           ^^^^^^^^^^^^^^^^^^^^^
  File "D:\AI Engineering\FastAPI\model AI\.venv\Lib\site-packages\sklearn\metrics\_ranking.py", line 634, in roc_auc_score
    return _multiclass_roc_auc_score(
           ^^^^^^^^^^^^^^^^^^^^^^^^^^
  File "D:\AI Engineering\FastAPI\model AI\.venv\Lib\site-packages\sklearn\metrics\_ranking.py", line 707, in _multiclass_roc_auc_score
    raise ValueError(
ValueError: Target scores need to be probabilities for multiclass roc_auc, i.e. they should sum up to 1.0 over classes

  warnings.warn(

2026-10-07 18:08:54,977:WARNING:D:\AI Engineering\FastAPI\model AI\.venv\Lib\site-packages\pycaret\internal\metrics.py:204: FitFailedWarning: Metric 'make_scorer(roc_auc_score, response_method=('decision_function', 'predict_proba'), average=weighted, multi_class=ovr)' failed and error score 0.0 has been returned instead. If this is a custom metric, this usually means that the error is in the metric code. Full exception below:
Traceback (most recent call last):
  File "D:\AI Engineering\FastAPI\model AI\.venv\Lib\site-packages\pycaret\internal\metrics.py", line 196, in _score
    return super()._score(
           ^^^^^^^^^^^^^^^
  File "D:\AI Engineering\FastAPI\model AI\.venv\Lib\site-packages\sklearn\metrics\_scorer.py", line 350, in _score
    return self._sign * self._score_func(y_true, y_pred, **scoring_kwargs)
                        ^^^^^^^^^^^^^^^^^^^^^^^^^^^^^^^^^^^^^^^^^^^^^^^^^^
  File "D:\AI Engineering\FastAPI\model AI\.venv\Lib\site-packages\pycaret\internal\metrics.py", line 144, in __call__
    return self.score_func(y_true, y_pred, **kwargs)
           ^^^^^^^^^^^^^^^^^^^^^^^^^^^^^^^^^^^^^^^^^
  File "D:\AI Engineering\FastAPI\model AI\.venv\Lib\site-packages\sklearn\utils\_param_validation.py", line 213, in wrapper
    return func(*args, **kwargs)
           ^^^^^^^^^^^^^^^^^^^^^
  File "D:\AI Engineering\FastAPI\model AI\.venv\Lib\site-packages\sklearn\metrics\_ranking.py", line 634, in roc_auc_score
    return _multiclass_roc_auc_score(
           ^^^^^^^^^^^^^^^^^^^^^^^^^^
  File "D:\AI Engineering\FastAPI\model AI\.venv\Lib\site-packages\sklearn\metrics\_ranking.py", line 707, in _multiclass_roc_auc_score
    raise ValueError(
ValueError: Target scores need to be probabilities for multiclass roc_auc, i.e. they should sum up to 1.0 over classes

  warnings.warn(

2026-10-07 18:08:54,983:WARNING:D:\AI Engineering\FastAPI\model AI\.venv\Lib\site-packages\pycaret\internal\metrics.py:204: FitFailedWarning: Metric 'make_scorer(roc_auc_score, response_method=('decision_function', 'predict_proba'), average=weighted, multi_class=ovr)' failed and error score 0.0 has been returned instead. If this is a custom metric, this usually means that the error is in the metric code. Full exception below:
Traceback (most recent call last):
  File "D:\AI Engineering\FastAPI\model AI\.venv\Lib\site-packages\pycaret\internal\metrics.py", line 196, in _score
    return super()._score(
           ^^^^^^^^^^^^^^^
  File "D:\AI Engineering\FastAPI\model AI\.venv\Lib\site-packages\sklearn\metrics\_scorer.py", line 350, in _score
    return self._sign * self._score_func(y_true, y_pred, **scoring_kwargs)
                        ^^^^^^^^^^^^^^^^^^^^^^^^^^^^^^^^^^^^^^^^^^^^^^^^^^
  File "D:\AI Engineering\FastAPI\model AI\.venv\Lib\site-packages\pycaret\internal\metrics.py", line 144, in __call__
    return self.score_func(y_true, y_pred, **kwargs)
           ^^^^^^^^^^^^^^^^^^^^^^^^^^^^^^^^^^^^^^^^^
  File "D:\AI Engineering\FastAPI\model AI\.venv\Lib\site-packages\sklearn\utils\_param_validation.py", line 213, in wrapper
    return func(*args, **kwargs)
           ^^^^^^^^^^^^^^^^^^^^^
  File "D:\AI Engineering\FastAPI\model AI\.venv\Lib\site-packages\sklearn\metrics\_ranking.py", line 634, in roc_auc_score
    return _multiclass_roc_auc_score(
           ^^^^^^^^^^^^^^^^^^^^^^^^^^
  File "D:\AI Engineering\FastAPI\model AI\.venv\Lib\site-packages\sklearn\metrics\_ranking.py", line 707, in _multiclass_roc_auc_score
    raise ValueError(
ValueError: Target scores need to be probabilities for multiclass roc_auc, i.e. they should sum up to 1.0 over classes

  warnings.warn(

2026-10-07 18:08:54,996:WARNING:D:\AI Engineering\FastAPI\model AI\.venv\Lib\site-packages\pycaret\internal\metrics.py:204: FitFailedWarning: Metric 'make_scorer(roc_auc_score, response_method=('decision_function', 'predict_proba'), average=weighted, multi_class=ovr)' failed and error score 0.0 has been returned instead. If this is a custom metric, this usually means that the error is in the metric code. Full exception below:
Traceback (most recent call last):
  File "D:\AI Engineering\FastAPI\model AI\.venv\Lib\site-packages\pycaret\internal\metrics.py", line 196, in _score
    return super()._score(
           ^^^^^^^^^^^^^^^
  File "D:\AI Engineering\FastAPI\model AI\.venv\Lib\site-packages\sklearn\metrics\_scorer.py", line 350, in _score
    return self._sign * self._score_func(y_true, y_pred, **scoring_kwargs)
                        ^^^^^^^^^^^^^^^^^^^^^^^^^^^^^^^^^^^^^^^^^^^^^^^^^^
  File "D:\AI Engineering\FastAPI\model AI\.venv\Lib\site-packages\pycaret\internal\metrics.py", line 144, in __call__
    return self.score_func(y_true, y_pred, **kwargs)
           ^^^^^^^^^^^^^^^^^^^^^^^^^^^^^^^^^^^^^^^^^
  File "D:\AI Engineering\FastAPI\model AI\.venv\Lib\site-packages\sklearn\utils\_param_validation.py", line 213, in wrapper
    return func(*args, **kwargs)
           ^^^^^^^^^^^^^^^^^^^^^
  File "D:\AI Engineering\FastAPI\model AI\.venv\Lib\site-packages\sklearn\metrics\_ranking.py", line 634, in roc_auc_score
    return _multiclass_roc_auc_score(
           ^^^^^^^^^^^^^^^^^^^^^^^^^^
  File "D:\AI Engineering\FastAPI\model AI\.venv\Lib\site-packages\sklearn\metrics\_ranking.py", line 707, in _multiclass_roc_auc_score
    raise ValueError(
ValueError: Target scores need to be probabilities for multiclass roc_auc, i.e. they should sum up to 1.0 over classes

  warnings.warn(

2026-10-07 18:08:55,002:WARNING:D:\AI Engineering\FastAPI\model AI\.venv\Lib\site-packages\pycaret\internal\metrics.py:204: FitFailedWarning: Metric 'make_scorer(roc_auc_score, response_method=('decision_function', 'predict_proba'), average=weighted, multi_class=ovr)' failed and error score 0.0 has been returned instead. If this is a custom metric, this usually means that the error is in the metric code. Full exception below:
Traceback (most recent call last):
  File "D:\AI Engineering\FastAPI\model AI\.venv\Lib\site-packages\pycaret\internal\metrics.py", line 196, in _score
    return super()._score(
           ^^^^^^^^^^^^^^^
  File "D:\AI Engineering\FastAPI\model AI\.venv\Lib\site-packages\sklearn\metrics\_scorer.py", line 350, in _score
    return self._sign * self._score_func(y_true, y_pred, **scoring_kwargs)
                        ^^^^^^^^^^^^^^^^^^^^^^^^^^^^^^^^^^^^^^^^^^^^^^^^^^
  File "D:\AI Engineering\FastAPI\model AI\.venv\Lib\site-packages\pycaret\internal\metrics.py", line 144, in __call__
    return self.score_func(y_true, y_pred, **kwargs)
           ^^^^^^^^^^^^^^^^^^^^^^^^^^^^^^^^^^^^^^^^^
  File "D:\AI Engineering\FastAPI\model AI\.venv\Lib\site-packages\sklearn\utils\_param_validation.py", line 213, in wrapper
    return func(*args, **kwargs)
           ^^^^^^^^^^^^^^^^^^^^^
  File "D:\AI Engineering\FastAPI\model AI\.venv\Lib\site-packages\sklearn\metrics\_ranking.py", line 634, in roc_auc_score
    return _multiclass_roc_auc_score(
           ^^^^^^^^^^^^^^^^^^^^^^^^^^
  File "D:\AI Engineering\FastAPI\model AI\.venv\Lib\site-packages\sklearn\metrics\_ranking.py", line 707, in _multiclass_roc_auc_score
    raise ValueError(
ValueError: Target scores need to be probabilities for multiclass roc_auc, i.e. they should sum up to 1.0 over classes

  warnings.warn(

2026-10-07 18:08:55,004:WARNING:D:\AI Engineering\FastAPI\model AI\.venv\Lib\site-packages\pycaret\internal\metrics.py:204: FitFailedWarning: Metric 'make_scorer(roc_auc_score, response_method=('decision_function', 'predict_proba'), average=weighted, multi_class=ovr)' failed and error score 0.0 has been returned instead. If this is a custom metric, this usually means that the error is in the metric code. Full exception below:
Traceback (most recent call last):
  File "D:\AI Engineering\FastAPI\model AI\.venv\Lib\site-packages\pycaret\internal\metrics.py", line 196, in _score
    return super()._score(
           ^^^^^^^^^^^^^^^
  File "D:\AI Engineering\FastAPI\model AI\.venv\Lib\site-packages\sklearn\metrics\_scorer.py", line 350, in _score
    return self._sign * self._score_func(y_true, y_pred, **scoring_kwargs)
                        ^^^^^^^^^^^^^^^^^^^^^^^^^^^^^^^^^^^^^^^^^^^^^^^^^^
  File "D:\AI Engineering\FastAPI\model AI\.venv\Lib\site-packages\pycaret\internal\metrics.py", line 144, in __call__
    return self.score_func(y_true, y_pred, **kwargs)
           ^^^^^^^^^^^^^^^^^^^^^^^^^^^^^^^^^^^^^^^^^
  File "D:\AI Engineering\FastAPI\model AI\.venv\Lib\site-packages\sklearn\utils\_param_validation.py", line 213, in wrapper
    return func(*args, **kwargs)
           ^^^^^^^^^^^^^^^^^^^^^
  File "D:\AI Engineering\FastAPI\model AI\.venv\Lib\site-packages\sklearn\metrics\_ranking.py", line 634, in roc_auc_score
    return _multiclass_roc_auc_score(
           ^^^^^^^^^^^^^^^^^^^^^^^^^^
  File "D:\AI Engineering\FastAPI\model AI\.venv\Lib\site-packages\sklearn\metrics\_ranking.py", line 707, in _multiclass_roc_auc_score
    raise ValueError(
ValueError: Target scores need to be probabilities for multiclass roc_auc, i.e. they should sum up to 1.0 over classes

  warnings.warn(

2026-10-07 18:08:55,012:WARNING:D:\AI Engineering\FastAPI\model AI\.venv\Lib\site-packages\pycaret\internal\metrics.py:204: FitFailedWarning: Metric 'make_scorer(roc_auc_score, response_method=('decision_function', 'predict_proba'), average=weighted, multi_class=ovr)' failed and error score 0.0 has been returned instead. If this is a custom metric, this usually means that the error is in the metric code. Full exception below:
Traceback (most recent call last):
  File "D:\AI Engineering\FastAPI\model AI\.venv\Lib\site-packages\pycaret\internal\metrics.py", line 196, in _score
    return super()._score(
           ^^^^^^^^^^^^^^^
  File "D:\AI Engineering\FastAPI\model AI\.venv\Lib\site-packages\sklearn\metrics\_scorer.py", line 350, in _score
    return self._sign * self._score_func(y_true, y_pred, **scoring_kwargs)
                        ^^^^^^^^^^^^^^^^^^^^^^^^^^^^^^^^^^^^^^^^^^^^^^^^^^
  File "D:\AI Engineering\FastAPI\model AI\.venv\Lib\site-packages\pycaret\internal\metrics.py", line 144, in __call__
    return self.score_func(y_true, y_pred, **kwargs)
           ^^^^^^^^^^^^^^^^^^^^^^^^^^^^^^^^^^^^^^^^^
  File "D:\AI Engineering\FastAPI\model AI\.venv\Lib\site-packages\sklearn\utils\_param_validation.py", line 213, in wrapper
    return func(*args, **kwargs)
           ^^^^^^^^^^^^^^^^^^^^^
  File "D:\AI Engineering\FastAPI\model AI\.venv\Lib\site-packages\sklearn\metrics\_ranking.py", line 634, in roc_auc_score
    return _multiclass_roc_auc_score(
           ^^^^^^^^^^^^^^^^^^^^^^^^^^
  File "D:\AI Engineering\FastAPI\model AI\.venv\Lib\site-packages\sklearn\metrics\_ranking.py", line 707, in _multiclass_roc_auc_score
    raise ValueError(
ValueError: Target scores need to be probabilities for multiclass roc_auc, i.e. they should sum up to 1.0 over classes

  warnings.warn(

2026-10-07 18:08:55,040:WARNING:D:\AI Engineering\FastAPI\model AI\.venv\Lib\site-packages\pycaret\internal\metrics.py:204: FitFailedWarning: Metric 'make_scorer(roc_auc_score, response_method=('decision_function', 'predict_proba'), average=weighted, multi_class=ovr)' failed and error score 0.0 has been returned instead. If this is a custom metric, this usually means that the error is in the metric code. Full exception below:
Traceback (most recent call last):
  File "D:\AI Engineering\FastAPI\model AI\.venv\Lib\site-packages\pycaret\internal\metrics.py", line 196, in _score
    return super()._score(
           ^^^^^^^^^^^^^^^
  File "D:\AI Engineering\FastAPI\model AI\.venv\Lib\site-packages\sklearn\metrics\_scorer.py", line 350, in _score
    return self._sign * self._score_func(y_true, y_pred, **scoring_kwargs)
                        ^^^^^^^^^^^^^^^^^^^^^^^^^^^^^^^^^^^^^^^^^^^^^^^^^^
  File "D:\AI Engineering\FastAPI\model AI\.venv\Lib\site-packages\pycaret\internal\metrics.py", line 144, in __call__
    return self.score_func(y_true, y_pred, **kwargs)
           ^^^^^^^^^^^^^^^^^^^^^^^^^^^^^^^^^^^^^^^^^
  File "D:\AI Engineering\FastAPI\model AI\.venv\Lib\site-packages\sklearn\utils\_param_validation.py", line 213, in wrapper
    return func(*args, **kwargs)
           ^^^^^^^^^^^^^^^^^^^^^
  File "D:\AI Engineering\FastAPI\model AI\.venv\Lib\site-packages\sklearn\metrics\_ranking.py", line 634, in roc_auc_score
    return _multiclass_roc_auc_score(
           ^^^^^^^^^^^^^^^^^^^^^^^^^^
  File "D:\AI Engineering\FastAPI\model AI\.venv\Lib\site-packages\sklearn\metrics\_ranking.py", line 707, in _multiclass_roc_auc_score
    raise ValueError(
ValueError: Target scores need to be probabilities for multiclass roc_auc, i.e. they should sum up to 1.0 over classes

  warnings.warn(

2026-10-07 18:08:55,052:INFO:Calculating mean and std
2026-10-07 18:08:55,053:INFO:Creating metrics dataframe
2026-10-07 18:08:55,055:INFO:Uploading results into container
2026-10-07 18:08:55,055:INFO:Uploading model into container now
2026-10-07 18:08:55,056:INFO:_master_model_container: 9
2026-10-07 18:08:55,056:INFO:_display_container: 2
2026-10-07 18:08:55,056:INFO:AdaBoostClassifier(algorithm='SAMME.R', estimator=None, learning_rate=1.0,
                   n_estimators=50, random_state=123)
2026-10-07 18:08:55,056:INFO:create_model() successfully completed......................................
2026-10-07 18:08:55,135:INFO:SubProcess create_model() end ==================================
2026-10-07 18:08:55,135:INFO:Creating metrics dataframe
2026-10-07 18:08:55,138:INFO:Initializing Gradient Boosting Classifier
2026-10-07 18:08:55,138:INFO:Total runtime is 0.3758979082107544 minutes
2026-10-07 18:08:55,138:INFO:SubProcess create_model() called ==================================
2026-10-07 18:08:55,138:INFO:Initializing create_model()
2026-10-07 18:08:55,138:INFO:create_model(self=<pycaret.classification.oop.ClassificationExperiment object at 0x000001A89952AF90>, estimator=gbc, fold=StratifiedKFold(n_splits=10, random_state=None, shuffle=False), round=4, cross_validation=True, predict=True, fit_kwargs={}, groups=None, refit=False, probability_threshold=None, experiment_custom_tags=None, verbose=False, system=False, add_to_model_list=True, metrics=None, display=<pycaret.internal.display.display.CommonDisplay object at 0x000001A89FD06710>, model_only=True, return_train_score=False, error_score=0.0, kwargs={})
2026-10-07 18:08:55,138:INFO:Checking exceptions
2026-10-07 18:08:55,138:INFO:Importing libraries
2026-10-07 18:08:55,138:INFO:Copying training dataset
2026-10-07 18:08:55,141:INFO:Defining folds
2026-10-07 18:08:55,141:INFO:Declaring metric variables
2026-10-07 18:08:55,141:INFO:Importing untrained model
2026-10-07 18:08:55,141:INFO:Gradient Boosting Classifier Imported successfully
2026-10-07 18:08:55,141:INFO:Starting cross validation
2026-10-07 18:08:55,143:INFO:Cross validating with StratifiedKFold(n_splits=10, random_state=None, shuffle=False), n_jobs=-1
2026-10-07 18:08:57,846:WARNING:D:\AI Engineering\FastAPI\model AI\.venv\Lib\site-packages\pycaret\internal\metrics.py:204: FitFailedWarning: Metric 'make_scorer(roc_auc_score, response_method=('decision_function', 'predict_proba'), average=weighted, multi_class=ovr)' failed and error score 0.0 has been returned instead. If this is a custom metric, this usually means that the error is in the metric code. Full exception below:
Traceback (most recent call last):
  File "D:\AI Engineering\FastAPI\model AI\.venv\Lib\site-packages\pycaret\internal\metrics.py", line 196, in _score
    return super()._score(
           ^^^^^^^^^^^^^^^
  File "D:\AI Engineering\FastAPI\model AI\.venv\Lib\site-packages\sklearn\metrics\_scorer.py", line 350, in _score
    return self._sign * self._score_func(y_true, y_pred, **scoring_kwargs)
                        ^^^^^^^^^^^^^^^^^^^^^^^^^^^^^^^^^^^^^^^^^^^^^^^^^^
  File "D:\AI Engineering\FastAPI\model AI\.venv\Lib\site-packages\pycaret\internal\metrics.py", line 144, in __call__
    return self.score_func(y_true, y_pred, **kwargs)
           ^^^^^^^^^^^^^^^^^^^^^^^^^^^^^^^^^^^^^^^^^
  File "D:\AI Engineering\FastAPI\model AI\.venv\Lib\site-packages\sklearn\utils\_param_validation.py", line 213, in wrapper
    return func(*args, **kwargs)
           ^^^^^^^^^^^^^^^^^^^^^
  File "D:\AI Engineering\FastAPI\model AI\.venv\Lib\site-packages\sklearn\metrics\_ranking.py", line 634, in roc_auc_score
    return _multiclass_roc_auc_score(
           ^^^^^^^^^^^^^^^^^^^^^^^^^^
  File "D:\AI Engineering\FastAPI\model AI\.venv\Lib\site-packages\sklearn\metrics\_ranking.py", line 707, in _multiclass_roc_auc_score
    raise ValueError(
ValueError: Target scores need to be probabilities for multiclass roc_auc, i.e. they should sum up to 1.0 over classes

  warnings.warn(

2026-10-07 18:08:57,851:WARNING:D:\AI Engineering\FastAPI\model AI\.venv\Lib\site-packages\pycaret\internal\metrics.py:204: FitFailedWarning: Metric 'make_scorer(roc_auc_score, response_method=('decision_function', 'predict_proba'), average=weighted, multi_class=ovr)' failed and error score 0.0 has been returned instead. If this is a custom metric, this usually means that the error is in the metric code. Full exception below:
Traceback (most recent call last):
  File "D:\AI Engineering\FastAPI\model AI\.venv\Lib\site-packages\pycaret\internal\metrics.py", line 196, in _score
    return super()._score(
           ^^^^^^^^^^^^^^^
  File "D:\AI Engineering\FastAPI\model AI\.venv\Lib\site-packages\sklearn\metrics\_scorer.py", line 350, in _score
    return self._sign * self._score_func(y_true, y_pred, **scoring_kwargs)
                        ^^^^^^^^^^^^^^^^^^^^^^^^^^^^^^^^^^^^^^^^^^^^^^^^^^
  File "D:\AI Engineering\FastAPI\model AI\.venv\Lib\site-packages\pycaret\internal\metrics.py", line 144, in __call__
    return self.score_func(y_true, y_pred, **kwargs)
           ^^^^^^^^^^^^^^^^^^^^^^^^^^^^^^^^^^^^^^^^^
  File "D:\AI Engineering\FastAPI\model AI\.venv\Lib\site-packages\sklearn\utils\_param_validation.py", line 213, in wrapper
    return func(*args, **kwargs)
           ^^^^^^^^^^^^^^^^^^^^^
  File "D:\AI Engineering\FastAPI\model AI\.venv\Lib\site-packages\sklearn\metrics\_ranking.py", line 634, in roc_auc_score
    return _multiclass_roc_auc_score(
           ^^^^^^^^^^^^^^^^^^^^^^^^^^
  File "D:\AI Engineering\FastAPI\model AI\.venv\Lib\site-packages\sklearn\metrics\_ranking.py", line 707, in _multiclass_roc_auc_score
    raise ValueError(
ValueError: Target scores need to be probabilities for multiclass roc_auc, i.e. they should sum up to 1.0 over classes

  warnings.warn(

2026-10-07 18:08:57,924:WARNING:D:\AI Engineering\FastAPI\model AI\.venv\Lib\site-packages\pycaret\internal\metrics.py:204: FitFailedWarning: Metric 'make_scorer(roc_auc_score, response_method=('decision_function', 'predict_proba'), average=weighted, multi_class=ovr)' failed and error score 0.0 has been returned instead. If this is a custom metric, this usually means that the error is in the metric code. Full exception below:
Traceback (most recent call last):
  File "D:\AI Engineering\FastAPI\model AI\.venv\Lib\site-packages\pycaret\internal\metrics.py", line 196, in _score
    return super()._score(
           ^^^^^^^^^^^^^^^
  File "D:\AI Engineering\FastAPI\model AI\.venv\Lib\site-packages\sklearn\metrics\_scorer.py", line 350, in _score
    return self._sign * self._score_func(y_true, y_pred, **scoring_kwargs)
                        ^^^^^^^^^^^^^^^^^^^^^^^^^^^^^^^^^^^^^^^^^^^^^^^^^^
  File "D:\AI Engineering\FastAPI\model AI\.venv\Lib\site-packages\pycaret\internal\metrics.py", line 144, in __call__
    return self.score_func(y_true, y_pred, **kwargs)
           ^^^^^^^^^^^^^^^^^^^^^^^^^^^^^^^^^^^^^^^^^
  File "D:\AI Engineering\FastAPI\model AI\.venv\Lib\site-packages\sklearn\utils\_param_validation.py", line 213, in wrapper
    return func(*args, **kwargs)
           ^^^^^^^^^^^^^^^^^^^^^
  File "D:\AI Engineering\FastAPI\model AI\.venv\Lib\site-packages\sklearn\metrics\_ranking.py", line 634, in roc_auc_score
    return _multiclass_roc_auc_score(
           ^^^^^^^^^^^^^^^^^^^^^^^^^^
  File "D:\AI Engineering\FastAPI\model AI\.venv\Lib\site-packages\sklearn\metrics\_ranking.py", line 707, in _multiclass_roc_auc_score
    raise ValueError(
ValueError: Target scores need to be probabilities for multiclass roc_auc, i.e. they should sum up to 1.0 over classes

  warnings.warn(

2026-10-07 18:08:57,930:WARNING:D:\AI Engineering\FastAPI\model AI\.venv\Lib\site-packages\pycaret\internal\metrics.py:204: FitFailedWarning: Metric 'make_scorer(roc_auc_score, response_method=('decision_function', 'predict_proba'), average=weighted, multi_class=ovr)' failed and error score 0.0 has been returned instead. If this is a custom metric, this usually means that the error is in the metric code. Full exception below:
Traceback (most recent call last):
  File "D:\AI Engineering\FastAPI\model AI\.venv\Lib\site-packages\pycaret\internal\metrics.py", line 196, in _score
    return super()._score(
           ^^^^^^^^^^^^^^^
  File "D:\AI Engineering\FastAPI\model AI\.venv\Lib\site-packages\sklearn\metrics\_scorer.py", line 350, in _score
    return self._sign * self._score_func(y_true, y_pred, **scoring_kwargs)
                        ^^^^^^^^^^^^^^^^^^^^^^^^^^^^^^^^^^^^^^^^^^^^^^^^^^
  File "D:\AI Engineering\FastAPI\model AI\.venv\Lib\site-packages\pycaret\internal\metrics.py", line 144, in __call__
    return self.score_func(y_true, y_pred, **kwargs)
           ^^^^^^^^^^^^^^^^^^^^^^^^^^^^^^^^^^^^^^^^^
  File "D:\AI Engineering\FastAPI\model AI\.venv\Lib\site-packages\sklearn\utils\_param_validation.py", line 213, in wrapper
    return func(*args, **kwargs)
           ^^^^^^^^^^^^^^^^^^^^^
  File "D:\AI Engineering\FastAPI\model AI\.venv\Lib\site-packages\sklearn\metrics\_ranking.py", line 634, in roc_auc_score
    return _multiclass_roc_auc_score(
           ^^^^^^^^^^^^^^^^^^^^^^^^^^
  File "D:\AI Engineering\FastAPI\model AI\.venv\Lib\site-packages\sklearn\metrics\_ranking.py", line 707, in _multiclass_roc_auc_score
    raise ValueError(
ValueError: Target scores need to be probabilities for multiclass roc_auc, i.e. they should sum up to 1.0 over classes

  warnings.warn(

2026-10-07 18:08:57,953:WARNING:D:\AI Engineering\FastAPI\model AI\.venv\Lib\site-packages\pycaret\internal\metrics.py:204: FitFailedWarning: Metric 'make_scorer(roc_auc_score, response_method=('decision_function', 'predict_proba'), average=weighted, multi_class=ovr)' failed and error score 0.0 has been returned instead. If this is a custom metric, this usually means that the error is in the metric code. Full exception below:
Traceback (most recent call last):
  File "D:\AI Engineering\FastAPI\model AI\.venv\Lib\site-packages\pycaret\internal\metrics.py", line 196, in _score
    return super()._score(
           ^^^^^^^^^^^^^^^
  File "D:\AI Engineering\FastAPI\model AI\.venv\Lib\site-packages\sklearn\metrics\_scorer.py", line 350, in _score
    return self._sign * self._score_func(y_true, y_pred, **scoring_kwargs)
                        ^^^^^^^^^^^^^^^^^^^^^^^^^^^^^^^^^^^^^^^^^^^^^^^^^^
  File "D:\AI Engineering\FastAPI\model AI\.venv\Lib\site-packages\pycaret\internal\metrics.py", line 144, in __call__
    return self.score_func(y_true, y_pred, **kwargs)
           ^^^^^^^^^^^^^^^^^^^^^^^^^^^^^^^^^^^^^^^^^
  File "D:\AI Engineering\FastAPI\model AI\.venv\Lib\site-packages\sklearn\utils\_param_validation.py", line 213, in wrapper
    return func(*args, **kwargs)
           ^^^^^^^^^^^^^^^^^^^^^
  File "D:\AI Engineering\FastAPI\model AI\.venv\Lib\site-packages\sklearn\metrics\_ranking.py", line 634, in roc_auc_score
    return _multiclass_roc_auc_score(
           ^^^^^^^^^^^^^^^^^^^^^^^^^^
  File "D:\AI Engineering\FastAPI\model AI\.venv\Lib\site-packages\sklearn\metrics\_ranking.py", line 707, in _multiclass_roc_auc_score
    raise ValueError(
ValueError: Target scores need to be probabilities for multiclass roc_auc, i.e. they should sum up to 1.0 over classes

  warnings.warn(

2026-10-07 18:08:57,955:WARNING:D:\AI Engineering\FastAPI\model AI\.venv\Lib\site-packages\pycaret\internal\metrics.py:204: FitFailedWarning: Metric 'make_scorer(roc_auc_score, response_method=('decision_function', 'predict_proba'), average=weighted, multi_class=ovr)' failed and error score 0.0 has been returned instead. If this is a custom metric, this usually means that the error is in the metric code. Full exception below:
Traceback (most recent call last):
  File "D:\AI Engineering\FastAPI\model AI\.venv\Lib\site-packages\pycaret\internal\metrics.py", line 196, in _score
    return super()._score(
           ^^^^^^^^^^^^^^^
  File "D:\AI Engineering\FastAPI\model AI\.venv\Lib\site-packages\sklearn\metrics\_scorer.py", line 350, in _score
    return self._sign * self._score_func(y_true, y_pred, **scoring_kwargs)
                        ^^^^^^^^^^^^^^^^^^^^^^^^^^^^^^^^^^^^^^^^^^^^^^^^^^
  File "D:\AI Engineering\FastAPI\model AI\.venv\Lib\site-packages\pycaret\internal\metrics.py", line 144, in __call__
    return self.score_func(y_true, y_pred, **kwargs)
           ^^^^^^^^^^^^^^^^^^^^^^^^^^^^^^^^^^^^^^^^^
  File "D:\AI Engineering\FastAPI\model AI\.venv\Lib\site-packages\sklearn\utils\_param_validation.py", line 213, in wrapper
    return func(*args, **kwargs)
           ^^^^^^^^^^^^^^^^^^^^^
  File "D:\AI Engineering\FastAPI\model AI\.venv\Lib\site-packages\sklearn\metrics\_ranking.py", line 634, in roc_auc_score
    return _multiclass_roc_auc_score(
           ^^^^^^^^^^^^^^^^^^^^^^^^^^
  File "D:\AI Engineering\FastAPI\model AI\.venv\Lib\site-packages\sklearn\metrics\_ranking.py", line 707, in _multiclass_roc_auc_score
    raise ValueError(
ValueError: Target scores need to be probabilities for multiclass roc_auc, i.e. they should sum up to 1.0 over classes

  warnings.warn(

2026-10-07 18:08:57,957:WARNING:D:\AI Engineering\FastAPI\model AI\.venv\Lib\site-packages\pycaret\internal\metrics.py:204: FitFailedWarning: Metric 'make_scorer(roc_auc_score, response_method=('decision_function', 'predict_proba'), average=weighted, multi_class=ovr)' failed and error score 0.0 has been returned instead. If this is a custom metric, this usually means that the error is in the metric code. Full exception below:
Traceback (most recent call last):
  File "D:\AI Engineering\FastAPI\model AI\.venv\Lib\site-packages\pycaret\internal\metrics.py", line 196, in _score
    return super()._score(
           ^^^^^^^^^^^^^^^
  File "D:\AI Engineering\FastAPI\model AI\.venv\Lib\site-packages\sklearn\metrics\_scorer.py", line 350, in _score
    return self._sign * self._score_func(y_true, y_pred, **scoring_kwargs)
                        ^^^^^^^^^^^^^^^^^^^^^^^^^^^^^^^^^^^^^^^^^^^^^^^^^^
  File "D:\AI Engineering\FastAPI\model AI\.venv\Lib\site-packages\pycaret\internal\metrics.py", line 144, in __call__
    return self.score_func(y_true, y_pred, **kwargs)
           ^^^^^^^^^^^^^^^^^^^^^^^^^^^^^^^^^^^^^^^^^
  File "D:\AI Engineering\FastAPI\model AI\.venv\Lib\site-packages\sklearn\utils\_param_validation.py", line 213, in wrapper
    return func(*args, **kwargs)
           ^^^^^^^^^^^^^^^^^^^^^
  File "D:\AI Engineering\FastAPI\model AI\.venv\Lib\site-packages\sklearn\metrics\_ranking.py", line 634, in roc_auc_score
    return _multiclass_roc_auc_score(
           ^^^^^^^^^^^^^^^^^^^^^^^^^^
  File "D:\AI Engineering\FastAPI\model AI\.venv\Lib\site-packages\sklearn\metrics\_ranking.py", line 707, in _multiclass_roc_auc_score
    raise ValueError(
ValueError: Target scores need to be probabilities for multiclass roc_auc, i.e. they should sum up to 1.0 over classes

  warnings.warn(

2026-10-07 18:08:58,004:WARNING:D:\AI Engineering\FastAPI\model AI\.venv\Lib\site-packages\pycaret\internal\metrics.py:204: FitFailedWarning: Metric 'make_scorer(roc_auc_score, response_method=('decision_function', 'predict_proba'), average=weighted, multi_class=ovr)' failed and error score 0.0 has been returned instead. If this is a custom metric, this usually means that the error is in the metric code. Full exception below:
Traceback (most recent call last):
  File "D:\AI Engineering\FastAPI\model AI\.venv\Lib\site-packages\pycaret\internal\metrics.py", line 196, in _score
    return super()._score(
           ^^^^^^^^^^^^^^^
  File "D:\AI Engineering\FastAPI\model AI\.venv\Lib\site-packages\sklearn\metrics\_scorer.py", line 350, in _score
    return self._sign * self._score_func(y_true, y_pred, **scoring_kwargs)
                        ^^^^^^^^^^^^^^^^^^^^^^^^^^^^^^^^^^^^^^^^^^^^^^^^^^
  File "D:\AI Engineering\FastAPI\model AI\.venv\Lib\site-packages\pycaret\internal\metrics.py", line 144, in __call__
    return self.score_func(y_true, y_pred, **kwargs)
           ^^^^^^^^^^^^^^^^^^^^^^^^^^^^^^^^^^^^^^^^^
  File "D:\AI Engineering\FastAPI\model AI\.venv\Lib\site-packages\sklearn\utils\_param_validation.py", line 213, in wrapper
    return func(*args, **kwargs)
           ^^^^^^^^^^^^^^^^^^^^^
  File "D:\AI Engineering\FastAPI\model AI\.venv\Lib\site-packages\sklearn\metrics\_ranking.py", line 634, in roc_auc_score
    return _multiclass_roc_auc_score(
           ^^^^^^^^^^^^^^^^^^^^^^^^^^
  File "D:\AI Engineering\FastAPI\model AI\.venv\Lib\site-packages\sklearn\metrics\_ranking.py", line 707, in _multiclass_roc_auc_score
    raise ValueError(
ValueError: Target scores need to be probabilities for multiclass roc_auc, i.e. they should sum up to 1.0 over classes

  warnings.warn(

2026-10-07 18:08:58,010:WARNING:D:\AI Engineering\FastAPI\model AI\.venv\Lib\site-packages\pycaret\internal\metrics.py:204: FitFailedWarning: Metric 'make_scorer(roc_auc_score, response_method=('decision_function', 'predict_proba'), average=weighted, multi_class=ovr)' failed and error score 0.0 has been returned instead. If this is a custom metric, this usually means that the error is in the metric code. Full exception below:
Traceback (most recent call last):
  File "D:\AI Engineering\FastAPI\model AI\.venv\Lib\site-packages\pycaret\internal\metrics.py", line 196, in _score
    return super()._score(
           ^^^^^^^^^^^^^^^
  File "D:\AI Engineering\FastAPI\model AI\.venv\Lib\site-packages\sklearn\metrics\_scorer.py", line 350, in _score
    return self._sign * self._score_func(y_true, y_pred, **scoring_kwargs)
                        ^^^^^^^^^^^^^^^^^^^^^^^^^^^^^^^^^^^^^^^^^^^^^^^^^^
  File "D:\AI Engineering\FastAPI\model AI\.venv\Lib\site-packages\pycaret\internal\metrics.py", line 144, in __call__
    return self.score_func(y_true, y_pred, **kwargs)
           ^^^^^^^^^^^^^^^^^^^^^^^^^^^^^^^^^^^^^^^^^
  File "D:\AI Engineering\FastAPI\model AI\.venv\Lib\site-packages\sklearn\utils\_param_validation.py", line 213, in wrapper
    return func(*args, **kwargs)
           ^^^^^^^^^^^^^^^^^^^^^
  File "D:\AI Engineering\FastAPI\model AI\.venv\Lib\site-packages\sklearn\metrics\_ranking.py", line 634, in roc_auc_score
    return _multiclass_roc_auc_score(
           ^^^^^^^^^^^^^^^^^^^^^^^^^^
  File "D:\AI Engineering\FastAPI\model AI\.venv\Lib\site-packages\sklearn\metrics\_ranking.py", line 707, in _multiclass_roc_auc_score
    raise ValueError(
ValueError: Target scores need to be probabilities for multiclass roc_auc, i.e. they should sum up to 1.0 over classes

  warnings.warn(

2026-10-07 18:08:58,016:WARNING:D:\AI Engineering\FastAPI\model AI\.venv\Lib\site-packages\pycaret\internal\metrics.py:204: FitFailedWarning: Metric 'make_scorer(roc_auc_score, response_method=('decision_function', 'predict_proba'), average=weighted, multi_class=ovr)' failed and error score 0.0 has been returned instead. If this is a custom metric, this usually means that the error is in the metric code. Full exception below:
Traceback (most recent call last):
  File "D:\AI Engineering\FastAPI\model AI\.venv\Lib\site-packages\pycaret\internal\metrics.py", line 196, in _score
    return super()._score(
           ^^^^^^^^^^^^^^^
  File "D:\AI Engineering\FastAPI\model AI\.venv\Lib\site-packages\sklearn\metrics\_scorer.py", line 350, in _score
    return self._sign * self._score_func(y_true, y_pred, **scoring_kwargs)
                        ^^^^^^^^^^^^^^^^^^^^^^^^^^^^^^^^^^^^^^^^^^^^^^^^^^
  File "D:\AI Engineering\FastAPI\model AI\.venv\Lib\site-packages\pycaret\internal\metrics.py", line 144, in __call__
    return self.score_func(y_true, y_pred, **kwargs)
           ^^^^^^^^^^^^^^^^^^^^^^^^^^^^^^^^^^^^^^^^^
  File "D:\AI Engineering\FastAPI\model AI\.venv\Lib\site-packages\sklearn\utils\_param_validation.py", line 213, in wrapper
    return func(*args, **kwargs)
           ^^^^^^^^^^^^^^^^^^^^^
  File "D:\AI Engineering\FastAPI\model AI\.venv\Lib\site-packages\sklearn\metrics\_ranking.py", line 634, in roc_auc_score
    return _multiclass_roc_auc_score(
           ^^^^^^^^^^^^^^^^^^^^^^^^^^
  File "D:\AI Engineering\FastAPI\model AI\.venv\Lib\site-packages\sklearn\metrics\_ranking.py", line 707, in _multiclass_roc_auc_score
    raise ValueError(
ValueError: Target scores need to be probabilities for multiclass roc_auc, i.e. they should sum up to 1.0 over classes

  warnings.warn(

2026-10-07 18:08:58,033:INFO:Calculating mean and std
2026-10-07 18:08:58,035:INFO:Creating metrics dataframe
2026-10-07 18:08:58,038:INFO:Uploading results into container
2026-10-07 18:08:58,038:INFO:Uploading model into container now
2026-10-07 18:08:58,039:INFO:_master_model_container: 10
2026-10-07 18:08:58,039:INFO:_display_container: 2
2026-10-07 18:08:58,040:INFO:GradientBoostingClassifier(ccp_alpha=0.0, criterion='friedman_mse', init=None,
                           learning_rate=0.1, loss='log_loss', max_depth=3,
                           max_features=None, max_leaf_nodes=None,
                           min_impurity_decrease=0.0, min_samples_leaf=1,
                           min_samples_split=2, min_weight_fraction_leaf=0.0,
                           n_estimators=100, n_iter_no_change=None,
                           random_state=123, subsample=1.0, tol=0.0001,
                           validation_fraction=0.1, verbose=0,
                           warm_start=False)
2026-10-07 18:08:58,040:INFO:create_model() successfully completed......................................
2026-10-07 18:08:58,132:INFO:SubProcess create_model() end ==================================
2026-10-07 18:08:58,132:INFO:Creating metrics dataframe
2026-10-07 18:08:58,134:INFO:Initializing Linear Discriminant Analysis
2026-10-07 18:08:58,134:INFO:Total runtime is 0.4258358120918274 minutes
2026-10-07 18:08:58,134:INFO:SubProcess create_model() called ==================================
2026-10-07 18:08:58,135:INFO:Initializing create_model()
2026-10-07 18:08:58,135:INFO:create_model(self=<pycaret.classification.oop.ClassificationExperiment object at 0x000001A89952AF90>, estimator=lda, fold=StratifiedKFold(n_splits=10, random_state=None, shuffle=False), round=4, cross_validation=True, predict=True, fit_kwargs={}, groups=None, refit=False, probability_threshold=None, experiment_custom_tags=None, verbose=False, system=False, add_to_model_list=True, metrics=None, display=<pycaret.internal.display.display.CommonDisplay object at 0x000001A89FD06710>, model_only=True, return_train_score=False, error_score=0.0, kwargs={})
2026-10-07 18:08:58,135:INFO:Checking exceptions
2026-10-07 18:08:58,135:INFO:Importing libraries
2026-10-07 18:08:58,135:INFO:Copying training dataset
2026-10-07 18:08:58,139:INFO:Defining folds
2026-10-07 18:08:58,139:INFO:Declaring metric variables
2026-10-07 18:08:58,139:INFO:Importing untrained model
2026-10-07 18:08:58,140:INFO:Linear Discriminant Analysis Imported successfully
2026-10-07 18:08:58,140:INFO:Starting cross validation
2026-10-07 18:08:58,141:INFO:Cross validating with StratifiedKFold(n_splits=10, random_state=None, shuffle=False), n_jobs=-1
2026-10-07 18:08:58,592:WARNING:D:\AI Engineering\FastAPI\model AI\.venv\Lib\site-packages\pycaret\internal\metrics.py:204: FitFailedWarning: Metric 'make_scorer(roc_auc_score, response_method=('decision_function', 'predict_proba'), average=weighted, multi_class=ovr)' failed and error score 0.0 has been returned instead. If this is a custom metric, this usually means that the error is in the metric code. Full exception below:
Traceback (most recent call last):
  File "D:\AI Engineering\FastAPI\model AI\.venv\Lib\site-packages\pycaret\internal\metrics.py", line 196, in _score
    return super()._score(
           ^^^^^^^^^^^^^^^
  File "D:\AI Engineering\FastAPI\model AI\.venv\Lib\site-packages\sklearn\metrics\_scorer.py", line 350, in _score
    return self._sign * self._score_func(y_true, y_pred, **scoring_kwargs)
                        ^^^^^^^^^^^^^^^^^^^^^^^^^^^^^^^^^^^^^^^^^^^^^^^^^^
  File "D:\AI Engineering\FastAPI\model AI\.venv\Lib\site-packages\pycaret\internal\metrics.py", line 144, in __call__
    return self.score_func(y_true, y_pred, **kwargs)
           ^^^^^^^^^^^^^^^^^^^^^^^^^^^^^^^^^^^^^^^^^
  File "D:\AI Engineering\FastAPI\model AI\.venv\Lib\site-packages\sklearn\utils\_param_validation.py", line 213, in wrapper
    return func(*args, **kwargs)
           ^^^^^^^^^^^^^^^^^^^^^
  File "D:\AI Engineering\FastAPI\model AI\.venv\Lib\site-packages\sklearn\metrics\_ranking.py", line 634, in roc_auc_score
    return _multiclass_roc_auc_score(
           ^^^^^^^^^^^^^^^^^^^^^^^^^^
  File "D:\AI Engineering\FastAPI\model AI\.venv\Lib\site-packages\sklearn\metrics\_ranking.py", line 707, in _multiclass_roc_auc_score
    raise ValueError(
ValueError: Target scores need to be probabilities for multiclass roc_auc, i.e. they should sum up to 1.0 over classes

  warnings.warn(

2026-10-07 18:08:58,600:WARNING:D:\AI Engineering\FastAPI\model AI\.venv\Lib\site-packages\pycaret\internal\metrics.py:204: FitFailedWarning: Metric 'make_scorer(roc_auc_score, response_method=('decision_function', 'predict_proba'), average=weighted, multi_class=ovr)' failed and error score 0.0 has been returned instead. If this is a custom metric, this usually means that the error is in the metric code. Full exception below:
Traceback (most recent call last):
  File "D:\AI Engineering\FastAPI\model AI\.venv\Lib\site-packages\pycaret\internal\metrics.py", line 196, in _score
    return super()._score(
           ^^^^^^^^^^^^^^^
  File "D:\AI Engineering\FastAPI\model AI\.venv\Lib\site-packages\sklearn\metrics\_scorer.py", line 350, in _score
    return self._sign * self._score_func(y_true, y_pred, **scoring_kwargs)
                        ^^^^^^^^^^^^^^^^^^^^^^^^^^^^^^^^^^^^^^^^^^^^^^^^^^
  File "D:\AI Engineering\FastAPI\model AI\.venv\Lib\site-packages\pycaret\internal\metrics.py", line 144, in __call__
    return self.score_func(y_true, y_pred, **kwargs)
           ^^^^^^^^^^^^^^^^^^^^^^^^^^^^^^^^^^^^^^^^^
  File "D:\AI Engineering\FastAPI\model AI\.venv\Lib\site-packages\sklearn\utils\_param_validation.py", line 213, in wrapper
    return func(*args, **kwargs)
           ^^^^^^^^^^^^^^^^^^^^^
  File "D:\AI Engineering\FastAPI\model AI\.venv\Lib\site-packages\sklearn\metrics\_ranking.py", line 634, in roc_auc_score
    return _multiclass_roc_auc_score(
           ^^^^^^^^^^^^^^^^^^^^^^^^^^
  File "D:\AI Engineering\FastAPI\model AI\.venv\Lib\site-packages\sklearn\metrics\_ranking.py", line 707, in _multiclass_roc_auc_score
    raise ValueError(
ValueError: Target scores need to be probabilities for multiclass roc_auc, i.e. they should sum up to 1.0 over classes

  warnings.warn(

2026-10-07 18:08:58,601:WARNING:D:\AI Engineering\FastAPI\model AI\.venv\Lib\site-packages\pycaret\internal\metrics.py:204: FitFailedWarning: Metric 'make_scorer(roc_auc_score, response_method=('decision_function', 'predict_proba'), average=weighted, multi_class=ovr)' failed and error score 0.0 has been returned instead. If this is a custom metric, this usually means that the error is in the metric code. Full exception below:
Traceback (most recent call last):
  File "D:\AI Engineering\FastAPI\model AI\.venv\Lib\site-packages\pycaret\internal\metrics.py", line 196, in _score
    return super()._score(
           ^^^^^^^^^^^^^^^
  File "D:\AI Engineering\FastAPI\model AI\.venv\Lib\site-packages\sklearn\metrics\_scorer.py", line 350, in _score
    return self._sign * self._score_func(y_true, y_pred, **scoring_kwargs)
                        ^^^^^^^^^^^^^^^^^^^^^^^^^^^^^^^^^^^^^^^^^^^^^^^^^^
  File "D:\AI Engineering\FastAPI\model AI\.venv\Lib\site-packages\pycaret\internal\metrics.py", line 144, in __call__
    return self.score_func(y_true, y_pred, **kwargs)
           ^^^^^^^^^^^^^^^^^^^^^^^^^^^^^^^^^^^^^^^^^
  File "D:\AI Engineering\FastAPI\model AI\.venv\Lib\site-packages\sklearn\utils\_param_validation.py", line 213, in wrapper
    return func(*args, **kwargs)
           ^^^^^^^^^^^^^^^^^^^^^
  File "D:\AI Engineering\FastAPI\model AI\.venv\Lib\site-packages\sklearn\metrics\_ranking.py", line 634, in roc_auc_score
    return _multiclass_roc_auc_score(
           ^^^^^^^^^^^^^^^^^^^^^^^^^^
  File "D:\AI Engineering\FastAPI\model AI\.venv\Lib\site-packages\sklearn\metrics\_ranking.py", line 707, in _multiclass_roc_auc_score
    raise ValueError(
ValueError: Target scores need to be probabilities for multiclass roc_auc, i.e. they should sum up to 1.0 over classes

  warnings.warn(

2026-10-07 18:08:58,602:WARNING:D:\AI Engineering\FastAPI\model AI\.venv\Lib\site-packages\pycaret\internal\metrics.py:204: FitFailedWarning: Metric 'make_scorer(roc_auc_score, response_method=('decision_function', 'predict_proba'), average=weighted, multi_class=ovr)' failed and error score 0.0 has been returned instead. If this is a custom metric, this usually means that the error is in the metric code. Full exception below:
Traceback (most recent call last):
  File "D:\AI Engineering\FastAPI\model AI\.venv\Lib\site-packages\pycaret\internal\metrics.py", line 196, in _score
    return super()._score(
           ^^^^^^^^^^^^^^^
  File "D:\AI Engineering\FastAPI\model AI\.venv\Lib\site-packages\sklearn\metrics\_scorer.py", line 350, in _score
    return self._sign * self._score_func(y_true, y_pred, **scoring_kwargs)
                        ^^^^^^^^^^^^^^^^^^^^^^^^^^^^^^^^^^^^^^^^^^^^^^^^^^
  File "D:\AI Engineering\FastAPI\model AI\.venv\Lib\site-packages\pycaret\internal\metrics.py", line 144, in __call__
    return self.score_func(y_true, y_pred, **kwargs)
           ^^^^^^^^^^^^^^^^^^^^^^^^^^^^^^^^^^^^^^^^^
  File "D:\AI Engineering\FastAPI\model AI\.venv\Lib\site-packages\sklearn\utils\_param_validation.py", line 213, in wrapper
    return func(*args, **kwargs)
           ^^^^^^^^^^^^^^^^^^^^^
  File "D:\AI Engineering\FastAPI\model AI\.venv\Lib\site-packages\sklearn\metrics\_ranking.py", line 634, in roc_auc_score
    return _multiclass_roc_auc_score(
           ^^^^^^^^^^^^^^^^^^^^^^^^^^
  File "D:\AI Engineering\FastAPI\model AI\.venv\Lib\site-packages\sklearn\metrics\_ranking.py", line 707, in _multiclass_roc_auc_score
    raise ValueError(
ValueError: Target scores need to be probabilities for multiclass roc_auc, i.e. they should sum up to 1.0 over classes

  warnings.warn(

2026-10-07 18:08:58,602:WARNING:D:\AI Engineering\FastAPI\model AI\.venv\Lib\site-packages\pycaret\internal\metrics.py:204: FitFailedWarning: Metric 'make_scorer(roc_auc_score, response_method=('decision_function', 'predict_proba'), average=weighted, multi_class=ovr)' failed and error score 0.0 has been returned instead. If this is a custom metric, this usually means that the error is in the metric code. Full exception below:
Traceback (most recent call last):
  File "D:\AI Engineering\FastAPI\model AI\.venv\Lib\site-packages\pycaret\internal\metrics.py", line 196, in _score
    return super()._score(
           ^^^^^^^^^^^^^^^
  File "D:\AI Engineering\FastAPI\model AI\.venv\Lib\site-packages\sklearn\metrics\_scorer.py", line 350, in _score
    return self._sign * self._score_func(y_true, y_pred, **scoring_kwargs)
                        ^^^^^^^^^^^^^^^^^^^^^^^^^^^^^^^^^^^^^^^^^^^^^^^^^^
  File "D:\AI Engineering\FastAPI\model AI\.venv\Lib\site-packages\pycaret\internal\metrics.py", line 144, in __call__
    return self.score_func(y_true, y_pred, **kwargs)
           ^^^^^^^^^^^^^^^^^^^^^^^^^^^^^^^^^^^^^^^^^
  File "D:\AI Engineering\FastAPI\model AI\.venv\Lib\site-packages\sklearn\utils\_param_validation.py", line 213, in wrapper
    return func(*args, **kwargs)
           ^^^^^^^^^^^^^^^^^^^^^
  File "D:\AI Engineering\FastAPI\model AI\.venv\Lib\site-packages\sklearn\metrics\_ranking.py", line 634, in roc_auc_score
    return _multiclass_roc_auc_score(
           ^^^^^^^^^^^^^^^^^^^^^^^^^^
  File "D:\AI Engineering\FastAPI\model AI\.venv\Lib\site-packages\sklearn\metrics\_ranking.py", line 707, in _multiclass_roc_auc_score
    raise ValueError(
ValueError: Target scores need to be probabilities for multiclass roc_auc, i.e. they should sum up to 1.0 over classes

  warnings.warn(

2026-10-07 18:08:58,605:WARNING:D:\AI Engineering\FastAPI\model AI\.venv\Lib\site-packages\pycaret\internal\metrics.py:204: FitFailedWarning: Metric 'make_scorer(roc_auc_score, response_method=('decision_function', 'predict_proba'), average=weighted, multi_class=ovr)' failed and error score 0.0 has been returned instead. If this is a custom metric, this usually means that the error is in the metric code. Full exception below:
Traceback (most recent call last):
  File "D:\AI Engineering\FastAPI\model AI\.venv\Lib\site-packages\pycaret\internal\metrics.py", line 196, in _score
    return super()._score(
           ^^^^^^^^^^^^^^^
  File "D:\AI Engineering\FastAPI\model AI\.venv\Lib\site-packages\sklearn\metrics\_scorer.py", line 350, in _score
    return self._sign * self._score_func(y_true, y_pred, **scoring_kwargs)
                        ^^^^^^^^^^^^^^^^^^^^^^^^^^^^^^^^^^^^^^^^^^^^^^^^^^
  File "D:\AI Engineering\FastAPI\model AI\.venv\Lib\site-packages\pycaret\internal\metrics.py", line 144, in __call__
    return self.score_func(y_true, y_pred, **kwargs)
           ^^^^^^^^^^^^^^^^^^^^^^^^^^^^^^^^^^^^^^^^^
  File "D:\AI Engineering\FastAPI\model AI\.venv\Lib\site-packages\sklearn\utils\_param_validation.py", line 213, in wrapper
    return func(*args, **kwargs)
           ^^^^^^^^^^^^^^^^^^^^^
  File "D:\AI Engineering\FastAPI\model AI\.venv\Lib\site-packages\sklearn\metrics\_ranking.py", line 634, in roc_auc_score
    return _multiclass_roc_auc_score(
           ^^^^^^^^^^^^^^^^^^^^^^^^^^
  File "D:\AI Engineering\FastAPI\model AI\.venv\Lib\site-packages\sklearn\metrics\_ranking.py", line 707, in _multiclass_roc_auc_score
    raise ValueError(
ValueError: Target scores need to be probabilities for multiclass roc_auc, i.e. they should sum up to 1.0 over classes

  warnings.warn(

2026-10-07 18:08:58,607:WARNING:D:\AI Engineering\FastAPI\model AI\.venv\Lib\site-packages\pycaret\internal\metrics.py:204: FitFailedWarning: Metric 'make_scorer(roc_auc_score, response_method=('decision_function', 'predict_proba'), average=weighted, multi_class=ovr)' failed and error score 0.0 has been returned instead. If this is a custom metric, this usually means that the error is in the metric code. Full exception below:
Traceback (most recent call last):
  File "D:\AI Engineering\FastAPI\model AI\.venv\Lib\site-packages\pycaret\internal\metrics.py", line 196, in _score
    return super()._score(
           ^^^^^^^^^^^^^^^
  File "D:\AI Engineering\FastAPI\model AI\.venv\Lib\site-packages\sklearn\metrics\_scorer.py", line 350, in _score
    return self._sign * self._score_func(y_true, y_pred, **scoring_kwargs)
                        ^^^^^^^^^^^^^^^^^^^^^^^^^^^^^^^^^^^^^^^^^^^^^^^^^^
  File "D:\AI Engineering\FastAPI\model AI\.venv\Lib\site-packages\pycaret\internal\metrics.py", line 144, in __call__
    return self.score_func(y_true, y_pred, **kwargs)
           ^^^^^^^^^^^^^^^^^^^^^^^^^^^^^^^^^^^^^^^^^
  File "D:\AI Engineering\FastAPI\model AI\.venv\Lib\site-packages\sklearn\utils\_param_validation.py", line 213, in wrapper
    return func(*args, **kwargs)
           ^^^^^^^^^^^^^^^^^^^^^
  File "D:\AI Engineering\FastAPI\model AI\.venv\Lib\site-packages\sklearn\metrics\_ranking.py", line 634, in roc_auc_score
    return _multiclass_roc_auc_score(
           ^^^^^^^^^^^^^^^^^^^^^^^^^^
  File "D:\AI Engineering\FastAPI\model AI\.venv\Lib\site-packages\sklearn\metrics\_ranking.py", line 707, in _multiclass_roc_auc_score
    raise ValueError(
ValueError: Target scores need to be probabilities for multiclass roc_auc, i.e. they should sum up to 1.0 over classes

  warnings.warn(

2026-10-07 18:08:58,608:WARNING:D:\AI Engineering\FastAPI\model AI\.venv\Lib\site-packages\pycaret\internal\metrics.py:204: FitFailedWarning: Metric 'make_scorer(roc_auc_score, response_method=('decision_function', 'predict_proba'), average=weighted, multi_class=ovr)' failed and error score 0.0 has been returned instead. If this is a custom metric, this usually means that the error is in the metric code. Full exception below:
Traceback (most recent call last):
  File "D:\AI Engineering\FastAPI\model AI\.venv\Lib\site-packages\pycaret\internal\metrics.py", line 196, in _score
    return super()._score(
           ^^^^^^^^^^^^^^^
  File "D:\AI Engineering\FastAPI\model AI\.venv\Lib\site-packages\sklearn\metrics\_scorer.py", line 350, in _score
    return self._sign * self._score_func(y_true, y_pred, **scoring_kwargs)
                        ^^^^^^^^^^^^^^^^^^^^^^^^^^^^^^^^^^^^^^^^^^^^^^^^^^
  File "D:\AI Engineering\FastAPI\model AI\.venv\Lib\site-packages\pycaret\internal\metrics.py", line 144, in __call__
    return self.score_func(y_true, y_pred, **kwargs)
           ^^^^^^^^^^^^^^^^^^^^^^^^^^^^^^^^^^^^^^^^^
  File "D:\AI Engineering\FastAPI\model AI\.venv\Lib\site-packages\sklearn\utils\_param_validation.py", line 213, in wrapper
    return func(*args, **kwargs)
           ^^^^^^^^^^^^^^^^^^^^^
  File "D:\AI Engineering\FastAPI\model AI\.venv\Lib\site-packages\sklearn\metrics\_ranking.py", line 634, in roc_auc_score
    return _multiclass_roc_auc_score(
           ^^^^^^^^^^^^^^^^^^^^^^^^^^
  File "D:\AI Engineering\FastAPI\model AI\.venv\Lib\site-packages\sklearn\metrics\_ranking.py", line 707, in _multiclass_roc_auc_score
    raise ValueError(
ValueError: Target scores need to be probabilities for multiclass roc_auc, i.e. they should sum up to 1.0 over classes

  warnings.warn(

2026-10-07 18:08:58,611:WARNING:D:\AI Engineering\FastAPI\model AI\.venv\Lib\site-packages\pycaret\internal\metrics.py:204: FitFailedWarning: Metric 'make_scorer(roc_auc_score, response_method=('decision_function', 'predict_proba'), average=weighted, multi_class=ovr)' failed and error score 0.0 has been returned instead. If this is a custom metric, this usually means that the error is in the metric code. Full exception below:
Traceback (most recent call last):
  File "D:\AI Engineering\FastAPI\model AI\.venv\Lib\site-packages\pycaret\internal\metrics.py", line 196, in _score
    return super()._score(
           ^^^^^^^^^^^^^^^
  File "D:\AI Engineering\FastAPI\model AI\.venv\Lib\site-packages\sklearn\metrics\_scorer.py", line 350, in _score
    return self._sign * self._score_func(y_true, y_pred, **scoring_kwargs)
                        ^^^^^^^^^^^^^^^^^^^^^^^^^^^^^^^^^^^^^^^^^^^^^^^^^^
  File "D:\AI Engineering\FastAPI\model AI\.venv\Lib\site-packages\pycaret\internal\metrics.py", line 144, in __call__
    return self.score_func(y_true, y_pred, **kwargs)
           ^^^^^^^^^^^^^^^^^^^^^^^^^^^^^^^^^^^^^^^^^
  File "D:\AI Engineering\FastAPI\model AI\.venv\Lib\site-packages\sklearn\utils\_param_validation.py", line 213, in wrapper
    return func(*args, **kwargs)
           ^^^^^^^^^^^^^^^^^^^^^
  File "D:\AI Engineering\FastAPI\model AI\.venv\Lib\site-packages\sklearn\metrics\_ranking.py", line 634, in roc_auc_score
    return _multiclass_roc_auc_score(
           ^^^^^^^^^^^^^^^^^^^^^^^^^^
  File "D:\AI Engineering\FastAPI\model AI\.venv\Lib\site-packages\sklearn\metrics\_ranking.py", line 707, in _multiclass_roc_auc_score
    raise ValueError(
ValueError: Target scores need to be probabilities for multiclass roc_auc, i.e. they should sum up to 1.0 over classes

  warnings.warn(

2026-10-07 18:08:58,625:WARNING:D:\AI Engineering\FastAPI\model AI\.venv\Lib\site-packages\pycaret\internal\metrics.py:204: FitFailedWarning: Metric 'make_scorer(roc_auc_score, response_method=('decision_function', 'predict_proba'), average=weighted, multi_class=ovr)' failed and error score 0.0 has been returned instead. If this is a custom metric, this usually means that the error is in the metric code. Full exception below:
Traceback (most recent call last):
  File "D:\AI Engineering\FastAPI\model AI\.venv\Lib\site-packages\pycaret\internal\metrics.py", line 196, in _score
    return super()._score(
           ^^^^^^^^^^^^^^^
  File "D:\AI Engineering\FastAPI\model AI\.venv\Lib\site-packages\sklearn\metrics\_scorer.py", line 350, in _score
    return self._sign * self._score_func(y_true, y_pred, **scoring_kwargs)
                        ^^^^^^^^^^^^^^^^^^^^^^^^^^^^^^^^^^^^^^^^^^^^^^^^^^
  File "D:\AI Engineering\FastAPI\model AI\.venv\Lib\site-packages\pycaret\internal\metrics.py", line 144, in __call__
    return self.score_func(y_true, y_pred, **kwargs)
           ^^^^^^^^^^^^^^^^^^^^^^^^^^^^^^^^^^^^^^^^^
  File "D:\AI Engineering\FastAPI\model AI\.venv\Lib\site-packages\sklearn\utils\_param_validation.py", line 213, in wrapper
    return func(*args, **kwargs)
           ^^^^^^^^^^^^^^^^^^^^^
  File "D:\AI Engineering\FastAPI\model AI\.venv\Lib\site-packages\sklearn\metrics\_ranking.py", line 634, in roc_auc_score
    return _multiclass_roc_auc_score(
           ^^^^^^^^^^^^^^^^^^^^^^^^^^
  File "D:\AI Engineering\FastAPI\model AI\.venv\Lib\site-packages\sklearn\metrics\_ranking.py", line 707, in _multiclass_roc_auc_score
    raise ValueError(
ValueError: Target scores need to be probabilities for multiclass roc_auc, i.e. they should sum up to 1.0 over classes

  warnings.warn(

2026-10-07 18:08:58,639:INFO:Calculating mean and std
2026-10-07 18:08:58,641:INFO:Creating metrics dataframe
2026-10-07 18:08:58,643:INFO:Uploading results into container
2026-10-07 18:08:58,643:INFO:Uploading model into container now
2026-10-07 18:08:58,644:INFO:_master_model_container: 11
2026-10-07 18:08:58,644:INFO:_display_container: 2
2026-10-07 18:08:58,644:INFO:LinearDiscriminantAnalysis(covariance_estimator=None, n_components=None,
                           priors=None, shrinkage=None, solver='svd',
                           store_covariance=False, tol=0.0001)
2026-10-07 18:08:58,644:INFO:create_model() successfully completed......................................
2026-10-07 18:08:58,730:INFO:SubProcess create_model() end ==================================
2026-10-07 18:08:58,730:INFO:Creating metrics dataframe
2026-10-07 18:08:58,733:INFO:Initializing Extra Trees Classifier
2026-10-07 18:08:58,733:INFO:Total runtime is 0.4358149369557699 minutes
2026-10-07 18:08:58,733:INFO:SubProcess create_model() called ==================================
2026-10-07 18:08:58,734:INFO:Initializing create_model()
2026-10-07 18:08:58,734:INFO:create_model(self=<pycaret.classification.oop.ClassificationExperiment object at 0x000001A89952AF90>, estimator=et, fold=StratifiedKFold(n_splits=10, random_state=None, shuffle=False), round=4, cross_validation=True, predict=True, fit_kwargs={}, groups=None, refit=False, probability_threshold=None, experiment_custom_tags=None, verbose=False, system=False, add_to_model_list=True, metrics=None, display=<pycaret.internal.display.display.CommonDisplay object at 0x000001A89FD06710>, model_only=True, return_train_score=False, error_score=0.0, kwargs={})
2026-10-07 18:08:58,734:INFO:Checking exceptions
2026-10-07 18:08:58,734:INFO:Importing libraries
2026-10-07 18:08:58,734:INFO:Copying training dataset
2026-10-07 18:08:58,738:INFO:Defining folds
2026-10-07 18:08:58,738:INFO:Declaring metric variables
2026-10-07 18:08:58,738:INFO:Importing untrained model
2026-10-07 18:08:58,738:INFO:Extra Trees Classifier Imported successfully
2026-10-07 18:08:58,738:INFO:Starting cross validation
2026-10-07 18:08:58,740:INFO:Cross validating with StratifiedKFold(n_splits=10, random_state=None, shuffle=False), n_jobs=-1
2026-10-07 18:08:59,711:INFO:Calculating mean and std
2026-10-07 18:08:59,711:INFO:Creating metrics dataframe
2026-10-07 18:08:59,715:INFO:Uploading results into container
2026-10-07 18:08:59,715:INFO:Uploading model into container now
2026-10-07 18:08:59,716:INFO:_master_model_container: 12
2026-10-07 18:08:59,716:INFO:_display_container: 2
2026-10-07 18:08:59,716:INFO:ExtraTreesClassifier(bootstrap=False, ccp_alpha=0.0, class_weight=None,
                     criterion='gini', max_depth=None, max_features='sqrt',
                     max_leaf_nodes=None, max_samples=None,
                     min_impurity_decrease=0.0, min_samples_leaf=1,
                     min_samples_split=2, min_weight_fraction_leaf=0.0,
                     monotonic_cst=None, n_estimators=100, n_jobs=-1,
                     oob_score=False, random_state=123, verbose=0,
                     warm_start=False)
2026-10-07 18:08:59,716:INFO:create_model() successfully completed......................................
2026-10-07 18:08:59,798:INFO:SubProcess create_model() end ==================================
2026-10-07 18:08:59,798:INFO:Creating metrics dataframe
2026-10-07 18:08:59,800:INFO:Initializing Light Gradient Boosting Machine
2026-10-07 18:08:59,800:INFO:Total runtime is 0.4535980860392253 minutes
2026-10-07 18:08:59,800:INFO:SubProcess create_model() called ==================================
2026-10-07 18:08:59,801:INFO:Initializing create_model()
2026-10-07 18:08:59,801:INFO:create_model(self=<pycaret.classification.oop.ClassificationExperiment object at 0x000001A89952AF90>, estimator=lightgbm, fold=StratifiedKFold(n_splits=10, random_state=None, shuffle=False), round=4, cross_validation=True, predict=True, fit_kwargs={}, groups=None, refit=False, probability_threshold=None, experiment_custom_tags=None, verbose=False, system=False, add_to_model_list=True, metrics=None, display=<pycaret.internal.display.display.CommonDisplay object at 0x000001A89FD06710>, model_only=True, return_train_score=False, error_score=0.0, kwargs={})
2026-10-07 18:08:59,801:INFO:Checking exceptions
2026-10-07 18:08:59,801:INFO:Importing libraries
2026-10-07 18:08:59,801:INFO:Copying training dataset
2026-10-07 18:08:59,805:INFO:Defining folds
2026-10-07 18:08:59,805:INFO:Declaring metric variables
2026-10-07 18:08:59,805:INFO:Importing untrained model
2026-10-07 18:08:59,806:INFO:Light Gradient Boosting Machine Imported successfully
2026-10-07 18:08:59,806:INFO:Starting cross validation
2026-10-07 18:08:59,807:INFO:Cross validating with StratifiedKFold(n_splits=10, random_state=None, shuffle=False), n_jobs=-1
2026-10-07 18:09:00,097:WARNING:create_model() for lightgbm raised an exception or returned all 0.0, trying without fit_kwargs:
2026-10-07 18:09:00,114:WARNING:Traceback (most recent call last):
  File "D:\AI Engineering\FastAPI\model AI\.venv\Lib\site-packages\pycaret\internal\pycaret_experiment\supervised_experiment.py", line 794, in compare_models
    model, model_fit_time = self._create_model(**create_model_args)
                            ^^^^^^^^^^^^^^^^^^^^^^^^^^^^^^^^^^^^^^^
  File "D:\AI Engineering\FastAPI\model AI\.venv\Lib\site-packages\pycaret\internal\pycaret_experiment\supervised_experiment.py", line 1533, in _create_model
    model, model_fit_time, model_results, _ = self._create_model_with_cv(
                                              ^^^^^^^^^^^^^^^^^^^^^^^^^^^
  File "D:\AI Engineering\FastAPI\model AI\.venv\Lib\site-packages\pycaret\internal\pycaret_experiment\supervised_experiment.py", line 1126, in _create_model_with_cv
    scores = cross_validate(
             ^^^^^^^^^^^^^^^
  File "D:\AI Engineering\FastAPI\model AI\.venv\Lib\site-packages\sklearn\utils\_param_validation.py", line 213, in wrapper
    return func(*args, **kwargs)
           ^^^^^^^^^^^^^^^^^^^^^
  File "D:\AI Engineering\FastAPI\model AI\.venv\Lib\site-packages\sklearn\model_selection\_validation.py", line 450, in cross_validate
    _warn_or_raise_about_fit_failures(results, error_score)
  File "D:\AI Engineering\FastAPI\model AI\.venv\Lib\site-packages\sklearn\model_selection\_validation.py", line 536, in _warn_or_raise_about_fit_failures
    raise ValueError(all_fits_failed_message)
ValueError: 
All the 10 fits failed.
It is very likely that your model is misconfigured.
You can try to debug the error by setting error_score='raise'.

Below are more details about the failures:
--------------------------------------------------------------------------------
10 fits failed with the following error:
Traceback (most recent call last):
  File "D:\AI Engineering\FastAPI\model AI\.venv\Lib\site-packages\sklearn\model_selection\_validation.py", line 895, in _fit_and_score
    estimator.fit(X_train, y_train, **fit_params)
  File "D:\AI Engineering\FastAPI\model AI\.venv\Lib\site-packages\pycaret\internal\pipeline.py", line 278, in fit
    fitted_estimator = self._memory_fit(
                       ^^^^^^^^^^^^^^^^^
  File "D:\AI Engineering\FastAPI\model AI\.venv\Lib\site-packages\joblib\memory.py", line 353, in __call__
    return self.func(*args, **kwargs)
           ^^^^^^^^^^^^^^^^^^^^^^^^^^
  File "D:\AI Engineering\FastAPI\model AI\.venv\Lib\site-packages\pycaret\internal\pipeline.py", line 69, in _fit_one
    transformer.fit(*args)
  File "D:\AI Engineering\FastAPI\model AI\.venv\Lib\site-packages\lightgbm\sklearn.py", line 1704, in fit
    super().fit(
  File "D:\AI Engineering\FastAPI\model AI\.venv\Lib\site-packages\lightgbm\sklearn.py", line 1171, in fit
    self._Booster = train(
                    ^^^^^^
  File "D:\AI Engineering\FastAPI\model AI\.venv\Lib\site-packages\lightgbm\engine.py", line 296, in train
    booster = Booster(params=params, train_set=train_set)
              ^^^^^^^^^^^^^^^^^^^^^^^^^^^^^^^^^^^^^^^^^^^
  File "D:\AI Engineering\FastAPI\model AI\.venv\Lib\site-packages\lightgbm\basic.py", line 3758, in __init__
    train_set.construct()
  File "D:\AI Engineering\FastAPI\model AI\.venv\Lib\site-packages\lightgbm\basic.py", line 2574, in construct
    self._lazy_init(
  File "D:\AI Engineering\FastAPI\model AI\.venv\Lib\site-packages\lightgbm\basic.py", line 2189, in _lazy_init
    self.set_label(label)
  File "D:\AI Engineering\FastAPI\model AI\.venv\Lib\site-packages\lightgbm\basic.py", line 3097, in set_label
    self.set_field("label", label_array)
  File "D:\AI Engineering\FastAPI\model AI\.venv\Lib\site-packages\lightgbm\basic.py", line 2860, in set_field
    _LIB.LGBM_DatasetSetField(
OSError: exception: access violation reading 0x0000000000000000


2026-10-07 18:09:00,115:INFO:Initializing create_model()
2026-10-07 18:09:00,115:INFO:create_model(self=<pycaret.classification.oop.ClassificationExperiment object at 0x000001A89952AF90>, estimator=lightgbm, fold=StratifiedKFold(n_splits=10, random_state=None, shuffle=False), round=4, cross_validation=True, predict=True, fit_kwargs={}, groups=None, refit=False, probability_threshold=None, experiment_custom_tags=None, verbose=False, system=False, add_to_model_list=True, metrics=None, display=<pycaret.internal.display.display.CommonDisplay object at 0x000001A89FD06710>, model_only=True, return_train_score=False, error_score=0.0, kwargs={})
2026-10-07 18:09:00,115:INFO:Checking exceptions
2026-10-07 18:09:00,115:INFO:Importing libraries
2026-10-07 18:09:00,115:INFO:Copying training dataset
2026-10-07 18:09:00,122:INFO:Defining folds
2026-10-07 18:09:00,122:INFO:Declaring metric variables
2026-10-07 18:09:00,122:INFO:Importing untrained model
2026-10-07 18:09:00,123:INFO:Light Gradient Boosting Machine Imported successfully
2026-10-07 18:09:00,124:INFO:Starting cross validation
2026-10-07 18:09:00,127:INFO:Cross validating with StratifiedKFold(n_splits=10, random_state=None, shuffle=False), n_jobs=-1
2026-10-07 18:09:00,396:ERROR:create_model() for lightgbm raised an exception or returned all 0.0:
2026-10-07 18:09:00,400:ERROR:Traceback (most recent call last):
  File "D:\AI Engineering\FastAPI\model AI\.venv\Lib\site-packages\pycaret\internal\pycaret_experiment\supervised_experiment.py", line 794, in compare_models
    model, model_fit_time = self._create_model(**create_model_args)
                            ^^^^^^^^^^^^^^^^^^^^^^^^^^^^^^^^^^^^^^^
  File "D:\AI Engineering\FastAPI\model AI\.venv\Lib\site-packages\pycaret\internal\pycaret_experiment\supervised_experiment.py", line 1533, in _create_model
    model, model_fit_time, model_results, _ = self._create_model_with_cv(
                                              ^^^^^^^^^^^^^^^^^^^^^^^^^^^
  File "D:\AI Engineering\FastAPI\model AI\.venv\Lib\site-packages\pycaret\internal\pycaret_experiment\supervised_experiment.py", line 1126, in _create_model_with_cv
    scores = cross_validate(
             ^^^^^^^^^^^^^^^
  File "D:\AI Engineering\FastAPI\model AI\.venv\Lib\site-packages\sklearn\utils\_param_validation.py", line 213, in wrapper
    return func(*args, **kwargs)
           ^^^^^^^^^^^^^^^^^^^^^
  File "D:\AI Engineering\FastAPI\model AI\.venv\Lib\site-packages\sklearn\model_selection\_validation.py", line 450, in cross_validate
    _warn_or_raise_about_fit_failures(results, error_score)
  File "D:\AI Engineering\FastAPI\model AI\.venv\Lib\site-packages\sklearn\model_selection\_validation.py", line 536, in _warn_or_raise_about_fit_failures
    raise ValueError(all_fits_failed_message)
ValueError: 
All the 10 fits failed.
It is very likely that your model is misconfigured.
You can try to debug the error by setting error_score='raise'.

Below are more details about the failures:
--------------------------------------------------------------------------------
10 fits failed with the following error:
Traceback (most recent call last):
  File "D:\AI Engineering\FastAPI\model AI\.venv\Lib\site-packages\sklearn\model_selection\_validation.py", line 895, in _fit_and_score
    estimator.fit(X_train, y_train, **fit_params)
  File "D:\AI Engineering\FastAPI\model AI\.venv\Lib\site-packages\pycaret\internal\pipeline.py", line 278, in fit
    fitted_estimator = self._memory_fit(
                       ^^^^^^^^^^^^^^^^^
  File "D:\AI Engineering\FastAPI\model AI\.venv\Lib\site-packages\joblib\memory.py", line 353, in __call__
    return self.func(*args, **kwargs)
           ^^^^^^^^^^^^^^^^^^^^^^^^^^
  File "D:\AI Engineering\FastAPI\model AI\.venv\Lib\site-packages\pycaret\internal\pipeline.py", line 69, in _fit_one
    transformer.fit(*args)
  File "D:\AI Engineering\FastAPI\model AI\.venv\Lib\site-packages\lightgbm\sklearn.py", line 1704, in fit
    super().fit(
  File "D:\AI Engineering\FastAPI\model AI\.venv\Lib\site-packages\lightgbm\sklearn.py", line 1171, in fit
    self._Booster = train(
                    ^^^^^^
  File "D:\AI Engineering\FastAPI\model AI\.venv\Lib\site-packages\lightgbm\engine.py", line 296, in train
    booster = Booster(params=params, train_set=train_set)
              ^^^^^^^^^^^^^^^^^^^^^^^^^^^^^^^^^^^^^^^^^^^
  File "D:\AI Engineering\FastAPI\model AI\.venv\Lib\site-packages\lightgbm\basic.py", line 3758, in __init__
    train_set.construct()
  File "D:\AI Engineering\FastAPI\model AI\.venv\Lib\site-packages\lightgbm\basic.py", line 2574, in construct
    self._lazy_init(
  File "D:\AI Engineering\FastAPI\model AI\.venv\Lib\site-packages\lightgbm\basic.py", line 2189, in _lazy_init
    self.set_label(label)
  File "D:\AI Engineering\FastAPI\model AI\.venv\Lib\site-packages\lightgbm\basic.py", line 3097, in set_label
    self.set_field("label", label_array)
  File "D:\AI Engineering\FastAPI\model AI\.venv\Lib\site-packages\lightgbm\basic.py", line 2860, in set_field
    _LIB.LGBM_DatasetSetField(
OSError: exception: access violation reading 0x0000000000000000


During handling of the above exception, another exception occurred:

Traceback (most recent call last):
  File "D:\AI Engineering\FastAPI\model AI\.venv\Lib\site-packages\pycaret\internal\pycaret_experiment\supervised_experiment.py", line 815, in compare_models
    model, model_fit_time = self._create_model(**create_model_args)
                            ^^^^^^^^^^^^^^^^^^^^^^^^^^^^^^^^^^^^^^^
  File "D:\AI Engineering\FastAPI\model AI\.venv\Lib\site-packages\pycaret\internal\pycaret_experiment\supervised_experiment.py", line 1533, in _create_model
    model, model_fit_time, model_results, _ = self._create_model_with_cv(
                                              ^^^^^^^^^^^^^^^^^^^^^^^^^^^
  File "D:\AI Engineering\FastAPI\model AI\.venv\Lib\site-packages\pycaret\internal\pycaret_experiment\supervised_experiment.py", line 1126, in _create_model_with_cv
    scores = cross_validate(
             ^^^^^^^^^^^^^^^
  File "D:\AI Engineering\FastAPI\model AI\.venv\Lib\site-packages\sklearn\utils\_param_validation.py", line 213, in wrapper
    return func(*args, **kwargs)
           ^^^^^^^^^^^^^^^^^^^^^
  File "D:\AI Engineering\FastAPI\model AI\.venv\Lib\site-packages\sklearn\model_selection\_validation.py", line 450, in cross_validate
    _warn_or_raise_about_fit_failures(results, error_score)
  File "D:\AI Engineering\FastAPI\model AI\.venv\Lib\site-packages\sklearn\model_selection\_validation.py", line 536, in _warn_or_raise_about_fit_failures
    raise ValueError(all_fits_failed_message)
ValueError: 
All the 10 fits failed.
It is very likely that your model is misconfigured.
You can try to debug the error by setting error_score='raise'.

Below are more details about the failures:
--------------------------------------------------------------------------------
10 fits failed with the following error:
Traceback (most recent call last):
  File "D:\AI Engineering\FastAPI\model AI\.venv\Lib\site-packages\sklearn\model_selection\_validation.py", line 895, in _fit_and_score
    estimator.fit(X_train, y_train, **fit_params)
  File "D:\AI Engineering\FastAPI\model AI\.venv\Lib\site-packages\pycaret\internal\pipeline.py", line 278, in fit
    fitted_estimator = self._memory_fit(
                       ^^^^^^^^^^^^^^^^^
  File "D:\AI Engineering\FastAPI\model AI\.venv\Lib\site-packages\joblib\memory.py", line 353, in __call__
    return self.func(*args, **kwargs)
           ^^^^^^^^^^^^^^^^^^^^^^^^^^
  File "D:\AI Engineering\FastAPI\model AI\.venv\Lib\site-packages\pycaret\internal\pipeline.py", line 69, in _fit_one
    transformer.fit(*args)
  File "D:\AI Engineering\FastAPI\model AI\.venv\Lib\site-packages\lightgbm\sklearn.py", line 1704, in fit
    super().fit(
  File "D:\AI Engineering\FastAPI\model AI\.venv\Lib\site-packages\lightgbm\sklearn.py", line 1171, in fit
    self._Booster = train(
                    ^^^^^^
  File "D:\AI Engineering\FastAPI\model AI\.venv\Lib\site-packages\lightgbm\engine.py", line 296, in train
    booster = Booster(params=params, train_set=train_set)
              ^^^^^^^^^^^^^^^^^^^^^^^^^^^^^^^^^^^^^^^^^^^
  File "D:\AI Engineering\FastAPI\model AI\.venv\Lib\site-packages\lightgbm\basic.py", line 3758, in __init__
    train_set.construct()
  File "D:\AI Engineering\FastAPI\model AI\.venv\Lib\site-packages\lightgbm\basic.py", line 2574, in construct
    self._lazy_init(
  File "D:\AI Engineering\FastAPI\model AI\.venv\Lib\site-packages\lightgbm\basic.py", line 2189, in _lazy_init
    self.set_label(label)
  File "D:\AI Engineering\FastAPI\model AI\.venv\Lib\site-packages\lightgbm\basic.py", line 3097, in set_label
    self.set_field("label", label_array)
  File "D:\AI Engineering\FastAPI\model AI\.venv\Lib\site-packages\lightgbm\basic.py", line 2860, in set_field
    _LIB.LGBM_DatasetSetField(
OSError: exception: access violation reading 0x0000000000000000


2026-10-07 18:09:00,400:INFO:Initializing Dummy Classifier
2026-10-07 18:09:00,400:INFO:Total runtime is 0.46359615723292036 minutes
2026-10-07 18:09:00,401:INFO:SubProcess create_model() called ==================================
2026-10-07 18:09:00,401:INFO:Initializing create_model()
2026-10-07 18:09:00,401:INFO:create_model(self=<pycaret.classification.oop.ClassificationExperiment object at 0x000001A89952AF90>, estimator=dummy, fold=StratifiedKFold(n_splits=10, random_state=None, shuffle=False), round=4, cross_validation=True, predict=True, fit_kwargs={}, groups=None, refit=False, probability_threshold=None, experiment_custom_tags=None, verbose=False, system=False, add_to_model_list=True, metrics=None, display=<pycaret.internal.display.display.CommonDisplay object at 0x000001A89FD06710>, model_only=True, return_train_score=False, error_score=0.0, kwargs={})
2026-10-07 18:09:00,401:INFO:Checking exceptions
2026-10-07 18:09:00,401:INFO:Importing libraries
2026-10-07 18:09:00,401:INFO:Copying training dataset
2026-10-07 18:09:00,407:INFO:Defining folds
2026-10-07 18:09:00,408:INFO:Declaring metric variables
2026-10-07 18:09:00,408:INFO:Importing untrained model
2026-10-07 18:09:00,408:INFO:Dummy Classifier Imported successfully
2026-10-07 18:09:00,408:INFO:Starting cross validation
2026-10-07 18:09:00,411:INFO:Cross validating with StratifiedKFold(n_splits=10, random_state=None, shuffle=False), n_jobs=-1
2026-10-07 18:09:00,687:WARNING:D:\AI Engineering\FastAPI\model AI\.venv\Lib\site-packages\sklearn\metrics\_classification.py:1509: UndefinedMetricWarning: Precision is ill-defined and being set to 0.0 in labels with no predicted samples. Use `zero_division` parameter to control this behavior.
  _warn_prf(average, modifier, f"{metric.capitalize()} is", len(result))

2026-10-07 18:09:00,687:WARNING:D:\AI Engineering\FastAPI\model AI\.venv\Lib\site-packages\sklearn\metrics\_classification.py:1509: UndefinedMetricWarning: Precision is ill-defined and being set to 0.0 in labels with no predicted samples. Use `zero_division` parameter to control this behavior.
  _warn_prf(average, modifier, f"{metric.capitalize()} is", len(result))

2026-10-07 18:09:00,695:WARNING:D:\AI Engineering\FastAPI\model AI\.venv\Lib\site-packages\sklearn\metrics\_classification.py:1509: UndefinedMetricWarning: Precision is ill-defined and being set to 0.0 in labels with no predicted samples. Use `zero_division` parameter to control this behavior.
  _warn_prf(average, modifier, f"{metric.capitalize()} is", len(result))

2026-10-07 18:09:00,717:WARNING:D:\AI Engineering\FastAPI\model AI\.venv\Lib\site-packages\sklearn\metrics\_classification.py:1509: UndefinedMetricWarning: Precision is ill-defined and being set to 0.0 in labels with no predicted samples. Use `zero_division` parameter to control this behavior.
  _warn_prf(average, modifier, f"{metric.capitalize()} is", len(result))

2026-10-07 18:09:00,718:WARNING:D:\AI Engineering\FastAPI\model AI\.venv\Lib\site-packages\sklearn\metrics\_classification.py:1509: UndefinedMetricWarning: Precision is ill-defined and being set to 0.0 in labels with no predicted samples. Use `zero_division` parameter to control this behavior.
  _warn_prf(average, modifier, f"{metric.capitalize()} is", len(result))

2026-10-07 18:09:00,727:WARNING:D:\AI Engineering\FastAPI\model AI\.venv\Lib\site-packages\sklearn\metrics\_classification.py:1509: UndefinedMetricWarning: Precision is ill-defined and being set to 0.0 in labels with no predicted samples. Use `zero_division` parameter to control this behavior.
  _warn_prf(average, modifier, f"{metric.capitalize()} is", len(result))

2026-10-07 18:09:00,731:WARNING:D:\AI Engineering\FastAPI\model AI\.venv\Lib\site-packages\sklearn\metrics\_classification.py:1509: UndefinedMetricWarning: Precision is ill-defined and being set to 0.0 in labels with no predicted samples. Use `zero_division` parameter to control this behavior.
  _warn_prf(average, modifier, f"{metric.capitalize()} is", len(result))

2026-10-07 18:09:00,732:WARNING:D:\AI Engineering\FastAPI\model AI\.venv\Lib\site-packages\sklearn\metrics\_classification.py:1509: UndefinedMetricWarning: Precision is ill-defined and being set to 0.0 in labels with no predicted samples. Use `zero_division` parameter to control this behavior.
  _warn_prf(average, modifier, f"{metric.capitalize()} is", len(result))

2026-10-07 18:09:00,736:WARNING:D:\AI Engineering\FastAPI\model AI\.venv\Lib\site-packages\sklearn\metrics\_classification.py:1509: UndefinedMetricWarning: Precision is ill-defined and being set to 0.0 in labels with no predicted samples. Use `zero_division` parameter to control this behavior.
  _warn_prf(average, modifier, f"{metric.capitalize()} is", len(result))

2026-10-07 18:09:00,748:WARNING:D:\AI Engineering\FastAPI\model AI\.venv\Lib\site-packages\sklearn\metrics\_classification.py:1509: UndefinedMetricWarning: Precision is ill-defined and being set to 0.0 in labels with no predicted samples. Use `zero_division` parameter to control this behavior.
  _warn_prf(average, modifier, f"{metric.capitalize()} is", len(result))

2026-10-07 18:09:00,759:INFO:Calculating mean and std
2026-10-07 18:09:00,760:INFO:Creating metrics dataframe
2026-10-07 18:09:00,761:INFO:Uploading results into container
2026-10-07 18:09:00,762:INFO:Uploading model into container now
2026-10-07 18:09:00,762:INFO:_master_model_container: 13
2026-10-07 18:09:00,762:INFO:_display_container: 2
2026-10-07 18:09:00,762:INFO:DummyClassifier(constant=None, random_state=123, strategy='prior')
2026-10-07 18:09:00,762:INFO:create_model() successfully completed......................................
2026-10-07 18:09:00,841:INFO:SubProcess create_model() end ==================================
2026-10-07 18:09:00,841:INFO:Creating metrics dataframe
2026-10-07 18:09:00,850:WARNING:D:\AI Engineering\FastAPI\model AI\.venv\Lib\site-packages\pycaret\internal\pycaret_experiment\supervised_experiment.py:339: FutureWarning: Styler.applymap has been deprecated. Use Styler.map instead.
  .applymap(highlight_cols, subset=["TT (Sec)"])

2026-10-07 18:09:00,855:INFO:Initializing create_model()
2026-10-07 18:09:00,855:INFO:create_model(self=<pycaret.classification.oop.ClassificationExperiment object at 0x000001A89952AF90>, estimator=LogisticRegression(C=1.0, class_weight=None, dual=False, fit_intercept=True,
                   intercept_scaling=1, l1_ratio=None, max_iter=1000,
                   multi_class='auto', n_jobs=None, penalty='l2',
                   random_state=123, solver='lbfgs', tol=0.0001, verbose=0,
                   warm_start=False), fold=StratifiedKFold(n_splits=10, random_state=None, shuffle=False), round=4, cross_validation=False, predict=False, fit_kwargs={}, groups=None, refit=True, probability_threshold=None, experiment_custom_tags=None, verbose=False, system=False, add_to_model_list=True, metrics=None, display=None, model_only=True, return_train_score=False, error_score=0.0, kwargs={})
2026-10-07 18:09:00,856:INFO:Checking exceptions
2026-10-07 18:09:00,857:INFO:Importing libraries
2026-10-07 18:09:00,857:INFO:Copying training dataset
2026-10-07 18:09:00,868:INFO:Defining folds
2026-10-07 18:09:00,868:INFO:Declaring metric variables
2026-10-07 18:09:00,868:INFO:Importing untrained model
2026-10-07 18:09:00,868:INFO:Declaring custom model
2026-10-07 18:09:00,869:INFO:Logistic Regression Imported successfully
2026-10-07 18:09:00,873:INFO:Cross validation set to False
2026-10-07 18:09:00,873:INFO:Fitting Model
2026-10-07 18:09:01,218:INFO:LogisticRegression(C=1.0, class_weight=None, dual=False, fit_intercept=True,
                   intercept_scaling=1, l1_ratio=None, max_iter=1000,
                   multi_class='auto', n_jobs=None, penalty='l2',
                   random_state=123, solver='lbfgs', tol=0.0001, verbose=0,
                   warm_start=False)
2026-10-07 18:09:01,218:INFO:create_model() successfully completed......................................
2026-10-07 18:09:01,312:INFO:_master_model_container: 13
2026-10-07 18:09:01,312:INFO:_display_container: 2
2026-10-07 18:09:01,313:INFO:LogisticRegression(C=1.0, class_weight=None, dual=False, fit_intercept=True,
                   intercept_scaling=1, l1_ratio=None, max_iter=1000,
                   multi_class='auto', n_jobs=None, penalty='l2',
                   random_state=123, solver='lbfgs', tol=0.0001, verbose=0,
                   warm_start=False)
2026-10-07 18:09:01,313:INFO:compare_models() successfully completed......................................
2026-10-07 18:09:01,433:INFO:Initializing save_model()
2026-10-07 18:09:01,433:INFO:save_model(model=LogisticRegression(C=1.0, class_weight=None, dual=False, fit_intercept=True,
                   intercept_scaling=1, l1_ratio=None, max_iter=1000,
                   multi_class='auto', n_jobs=None, penalty='l2',
                   random_state=123, solver='lbfgs', tol=0.0001, verbose=0,
                   warm_start=False), model_name=best_student_performance_model, prep_pipe_=Pipeline(memory=FastMemory(location=C:\Users\CM\AppData\Local\Temp\joblib),
         steps=[('numerical_imputer',
                 TransformerWrapper(exclude=None,
                                    include=['Age', 'StudyTimeWeekly',
                                             'Absences'],
                                    transformer=SimpleImputer(add_indicator=False,
                                                              copy=True,
                                                              fill_value=None,
                                                              keep_empty_features=False,
                                                              missing_values=nan,
                                                              strategy='mean'))),
                ('categorical_imputer',
                 Transformer...
                                                               return_df=True,
                                                               verbose=0))),
                ('onehot_encoding',
                 TransformerWrapper(exclude=None,
                                    include=['Ethnicity', 'ParentalEducation',
                                             'ParentalSupport'],
                                    transformer=OneHotEncoder(cols=['Ethnicity',
                                                                    'ParentalEducation',
                                                                    'ParentalSupport'],
                                                              drop_invariant=False,
                                                              handle_missing='return_nan',
                                                              handle_unknown='value',
                                                              return_df=True,
                                                              use_cat_names=True,
                                                              verbose=0)))],
         verbose=False), verbose=True, use_case=MLUsecase.CLASSIFICATION, kwargs={})
2026-10-07 18:09:01,434:INFO:Adding model into prep_pipe
2026-10-07 18:09:01,451:INFO:best_student_performance_model.pkl saved in current working directory
2026-10-07 18:09:01,589:INFO:Pipeline(memory=Memory(location=None),
         steps=[('numerical_imputer',
                 TransformerWrapper(exclude=None,
                                    include=['Age', 'StudyTimeWeekly',
                                             'Absences'],
                                    transformer=SimpleImputer(add_indicator=False,
                                                              copy=True,
                                                              fill_value=None,
                                                              keep_empty_features=False,
                                                              missing_values=nan,
                                                              strategy='mean'))),
                ('categorical_imputer',
                 TransformerWrapper(exclude=None,
                                    include=['Gender...
                                                              handle_missing='return_nan',
                                                              handle_unknown='value',
                                                              return_df=True,
                                                              use_cat_names=True,
                                                              verbose=0))),
                ('trained_model',
                 LogisticRegression(C=1.0, class_weight=None, dual=False,
                                    fit_intercept=True, intercept_scaling=1,
                                    l1_ratio=None, max_iter=1000,
                                    multi_class='auto', n_jobs=None,
                                    penalty='l2', random_state=123,
                                    solver='lbfgs', tol=0.0001, verbose=0,
                                    warm_start=False))],
         verbose=False)
2026-10-07 18:09:01,589:INFO:save_model() successfully completed......................................
2026-10-07 18:09:01,660:ERROR:
'fastapi' is a soft dependency and not included in the pycaret installation. Please run: `pip install fastapi` to install.
Alternately, you can install this by running `pip install pycaret[mlops]`
NoneType: None
2026-10-07 18:25:23,143:WARNING:
'cuml' is a soft dependency and not included in the pycaret installation. Please run: `pip install cuml` to install.
2026-10-07 18:25:23,143:WARNING:
'cuml' is a soft dependency and not included in the pycaret installation. Please run: `pip install cuml` to install.
2026-10-07 18:25:23,143:WARNING:
'cuml' is a soft dependency and not included in the pycaret installation. Please run: `pip install cuml` to install.
2026-10-07 18:25:23,143:WARNING:
'cuml' is a soft dependency and not included in the pycaret installation. Please run: `pip install cuml` to install.
2026-10-07 18:25:23,993:INFO:Initializing load_model()
2026-10-07 18:25:23,993:INFO:load_model(model_name=best_student_performance_model, platform=None, authentication=None, verbose=True)
2026-10-07 18:25:24,016:WARNING:D:\AI Engineering\FastAPI\model AI\.venv\Lib\site-packages\_distutils_hack\__init__.py:33: UserWarning: Setuptools is replacing distutils.
  warnings.warn("Setuptools is replacing distutils.")

2026-10-07 18:25:42,897:WARNING:
'cuml' is a soft dependency and not included in the pycaret installation. Please run: `pip install cuml` to install.
2026-10-07 18:25:42,897:WARNING:
'cuml' is a soft dependency and not included in the pycaret installation. Please run: `pip install cuml` to install.
2026-10-07 18:25:42,897:WARNING:
'cuml' is a soft dependency and not included in the pycaret installation. Please run: `pip install cuml` to install.
2026-10-07 18:25:42,897:WARNING:
'cuml' is a soft dependency and not included in the pycaret installation. Please run: `pip install cuml` to install.
2026-10-07 18:25:43,654:INFO:Initializing load_model()
2026-10-07 18:25:43,654:INFO:load_model(model_name=best_student_performance_model, platform=None, authentication=None, verbose=True)
2026-10-07 18:25:43,662:WARNING:D:\AI Engineering\FastAPI\model AI\.venv\Lib\site-packages\_distutils_hack\__init__.py:33: UserWarning: Setuptools is replacing distutils.
  warnings.warn("Setuptools is replacing distutils.")

2026-10-07 18:27:37,762:INFO:Initializing predict_model()
2026-10-07 18:27:37,764:INFO:predict_model(self=<pycaret.classification.oop.ClassificationExperiment object at 0x0000024EB7C7B6D0>, estimator=Pipeline(memory=Memory(location=None),
         steps=[('numerical_imputer',
                 TransformerWrapper(include=['Age', 'StudyTimeWeekly',
                                             'Absences'],
                                    transformer=SimpleImputer())),
                ('categorical_imputer',
                 TransformerWrapper(include=['Gender', 'Ethnicity',
                                             'ParentalEducation', 'Tutoring',
                                             'ParentalSupport',
                                             'Extracurricular', 'Sports',
                                             'Music', 'Volunteering'],
                                    transformer=Simple...
                                                                         'data_type': dtype('float64'),
                                                                         'mapping': 0.0    0
1.0    1
NaN   -1
dtype: int64}]))),
                ('onehot_encoding',
                 TransformerWrapper(include=['Ethnicity', 'ParentalEducation',
                                             'ParentalSupport'],
                                    transformer=OneHotEncoder(cols=['Ethnicity',
                                                                    'ParentalEducation',
                                                                    'ParentalSupport'],
                                                              handle_missing='return_nan',
                                                              use_cat_names=True))),
                ('trained_model',
                 LogisticRegression(max_iter=1000, random_state=123))]), probability_threshold=None, encoded_labels=False, raw_score=False, round=4, verbose=True, ml_usecase=None, preprocess=True, encode_labels=<function _SupervisedExperiment.predict_model.<locals>.encode_labels at 0x0000024EB7FF14E0>)
2026-10-07 18:27:37,764:INFO:Checking exceptions
2026-10-07 18:27:37,764:INFO:Preloading libraries
2026-10-07 18:27:37,779:INFO:Set up data.
2026-10-07 18:27:37,806:INFO:Set up index.
2026-10-07 18:32:07,359:WARNING:
'cuml' is a soft dependency and not included in the pycaret installation. Please run: `pip install cuml` to install.
2026-10-07 18:32:07,359:WARNING:
'cuml' is a soft dependency and not included in the pycaret installation. Please run: `pip install cuml` to install.
2026-10-07 18:32:07,359:WARNING:
'cuml' is a soft dependency and not included in the pycaret installation. Please run: `pip install cuml` to install.
2026-10-07 18:32:07,359:WARNING:
'cuml' is a soft dependency and not included in the pycaret installation. Please run: `pip install cuml` to install.
2026-10-07 18:32:08,276:INFO:Initializing load_model()
2026-10-07 18:32:08,276:INFO:load_model(model_name=best_student_performance_model, platform=None, authentication=None, verbose=True)
2026-10-07 18:32:08,284:WARNING:D:\AI Engineering\FastAPI\model AI\.venv\Lib\site-packages\_distutils_hack\__init__.py:33: UserWarning: Setuptools is replacing distutils.
  warnings.warn("Setuptools is replacing distutils.")

2026-10-07 18:35:39,900:WARNING:
'cuml' is a soft dependency and not included in the pycaret installation. Please run: `pip install cuml` to install.
2026-10-07 18:35:39,900:WARNING:
'cuml' is a soft dependency and not included in the pycaret installation. Please run: `pip install cuml` to install.
2026-10-07 18:35:39,900:WARNING:
'cuml' is a soft dependency and not included in the pycaret installation. Please run: `pip install cuml` to install.
2026-10-07 18:35:39,900:WARNING:
'cuml' is a soft dependency and not included in the pycaret installation. Please run: `pip install cuml` to install.
2026-10-07 18:35:40,795:INFO:Initializing load_model()
2026-10-07 18:35:40,796:INFO:load_model(model_name=best_student_performance_model, platform=None, authentication=None, verbose=True)
2026-10-07 18:35:40,803:WARNING:D:\AI Engineering\FastAPI\model AI\.venv\Lib\site-packages\_distutils_hack\__init__.py:33: UserWarning: Setuptools is replacing distutils.
  warnings.warn("Setuptools is replacing distutils.")

2026-10-07 18:36:36,544:INFO:Initializing predict_model()
2026-10-07 18:36:36,546:INFO:predict_model(self=<pycaret.classification.oop.ClassificationExperiment object at 0x0000025B19638B10>, estimator=Pipeline(memory=Memory(location=None),
         steps=[('numerical_imputer',
                 TransformerWrapper(include=['Age', 'StudyTimeWeekly',
                                             'Absences'],
                                    transformer=SimpleImputer())),
                ('categorical_imputer',
                 TransformerWrapper(include=['Gender', 'Ethnicity',
                                             'ParentalEducation', 'Tutoring',
                                             'ParentalSupport',
                                             'Extracurricular', 'Sports',
                                             'Music', 'Volunteering'],
                                    transformer=Simple...
                                                                         'data_type': dtype('float64'),
                                                                         'mapping': 0.0    0
1.0    1
NaN   -1
dtype: int64}]))),
                ('onehot_encoding',
                 TransformerWrapper(include=['Ethnicity', 'ParentalEducation',
                                             'ParentalSupport'],
                                    transformer=OneHotEncoder(cols=['Ethnicity',
                                                                    'ParentalEducation',
                                                                    'ParentalSupport'],
                                                              handle_missing='return_nan',
                                                              use_cat_names=True))),
                ('trained_model',
                 LogisticRegression(max_iter=1000, random_state=123))]), probability_threshold=None, encoded_labels=False, raw_score=False, round=4, verbose=True, ml_usecase=None, preprocess=True, encode_labels=<function _SupervisedExperiment.predict_model.<locals>.encode_labels at 0x0000025B1961DA80>)
2026-10-07 18:36:36,546:INFO:Checking exceptions
2026-10-07 18:36:36,546:INFO:Preloading libraries
2026-10-07 18:36:36,555:INFO:Set up data.
2026-10-07 18:36:36,575:INFO:Set up index.
2026-10-07 18:44:31,227:WARNING:
'cuml' is a soft dependency and not included in the pycaret installation. Please run: `pip install cuml` to install.
2026-10-07 18:44:31,228:WARNING:
'cuml' is a soft dependency and not included in the pycaret installation. Please run: `pip install cuml` to install.
2026-10-07 18:44:31,228:WARNING:
'cuml' is a soft dependency and not included in the pycaret installation. Please run: `pip install cuml` to install.
2026-10-07 18:44:31,228:WARNING:
'cuml' is a soft dependency and not included in the pycaret installation. Please run: `pip install cuml` to install.
2026-10-07 18:44:32,114:INFO:Initializing load_model()
2026-10-07 18:44:32,114:INFO:load_model(model_name=best_student_performance_model, platform=None, authentication=None, verbose=True)
2026-10-07 18:44:32,122:WARNING:D:\AI Engineering\FastAPI\model AI\.venv\Lib\site-packages\_distutils_hack\__init__.py:33: UserWarning: Setuptools is replacing distutils.
  warnings.warn("Setuptools is replacing distutils.")

2026-10-07 18:45:12,381:INFO:Initializing predict_model()
2026-10-07 18:45:12,382:INFO:predict_model(self=<pycaret.classification.oop.ClassificationExperiment object at 0x000001D953820F90>, estimator=Pipeline(memory=Memory(location=None),
         steps=[('numerical_imputer',
                 TransformerWrapper(include=['Age', 'StudyTimeWeekly',
                                             'Absences'],
                                    transformer=SimpleImputer())),
                ('categorical_imputer',
                 TransformerWrapper(include=['Gender', 'Ethnicity',
                                             'ParentalEducation', 'Tutoring',
                                             'ParentalSupport',
                                             'Extracurricular', 'Sports',
                                             'Music', 'Volunteering'],
                                    transformer=Simple...
                                                                         'data_type': dtype('float64'),
                                                                         'mapping': 0.0    0
1.0    1
NaN   -1
dtype: int64}]))),
                ('onehot_encoding',
                 TransformerWrapper(include=['Ethnicity', 'ParentalEducation',
                                             'ParentalSupport'],
                                    transformer=OneHotEncoder(cols=['Ethnicity',
                                                                    'ParentalEducation',
                                                                    'ParentalSupport'],
                                                              handle_missing='return_nan',
                                                              use_cat_names=True))),
                ('trained_model',
                 LogisticRegression(max_iter=1000, random_state=123))]), probability_threshold=None, encoded_labels=False, raw_score=False, round=4, verbose=True, ml_usecase=None, preprocess=True, encode_labels=<function _SupervisedExperiment.predict_model.<locals>.encode_labels at 0x000001D95381DA80>)
2026-10-07 18:45:12,382:INFO:Checking exceptions
2026-10-07 18:45:12,382:INFO:Preloading libraries
2026-10-07 18:45:12,385:INFO:Set up data.
2026-10-07 18:45:12,389:INFO:Set up index.
2026-10-07 18:45:34,087:INFO:Initializing predict_model()
2026-10-07 18:45:34,087:INFO:predict_model(self=<pycaret.classification.oop.ClassificationExperiment object at 0x000001D953837490>, estimator=Pipeline(memory=Memory(location=None),
         steps=[('numerical_imputer',
                 TransformerWrapper(include=['Age', 'StudyTimeWeekly',
                                             'Absences'],
                                    transformer=SimpleImputer())),
                ('categorical_imputer',
                 TransformerWrapper(include=['Gender', 'Ethnicity',
                                             'ParentalEducation', 'Tutoring',
                                             'ParentalSupport',
                                             'Extracurricular', 'Sports',
                                             'Music', 'Volunteering'],
                                    transformer=Simple...
                                                                         'data_type': dtype('float64'),
                                                                         'mapping': 0.0    0
1.0    1
NaN   -1
dtype: int64}]))),
                ('onehot_encoding',
                 TransformerWrapper(include=['Ethnicity', 'ParentalEducation',
                                             'ParentalSupport'],
                                    transformer=OneHotEncoder(cols=['Ethnicity',
                                                                    'ParentalEducation',
                                                                    'ParentalSupport'],
                                                              handle_missing='return_nan',
                                                              use_cat_names=True))),
                ('trained_model',
                 LogisticRegression(max_iter=1000, random_state=123))]), probability_threshold=None, encoded_labels=False, raw_score=False, round=4, verbose=True, ml_usecase=None, preprocess=True, encode_labels=<function _SupervisedExperiment.predict_model.<locals>.encode_labels at 0x000001D95381D620>)
2026-10-07 18:45:34,088:INFO:Checking exceptions
2026-10-07 18:45:34,088:INFO:Preloading libraries
2026-10-07 18:45:34,088:INFO:Set up data.
2026-10-07 18:45:34,090:INFO:Set up index.
2026-10-07 18:50:05,108:WARNING:
'cuml' is a soft dependency and not included in the pycaret installation. Please run: `pip install cuml` to install.
2026-10-07 18:50:05,109:WARNING:
'cuml' is a soft dependency and not included in the pycaret installation. Please run: `pip install cuml` to install.
2026-10-07 18:50:05,109:WARNING:
'cuml' is a soft dependency and not included in the pycaret installation. Please run: `pip install cuml` to install.
2026-10-07 18:50:05,109:WARNING:
'cuml' is a soft dependency and not included in the pycaret installation. Please run: `pip install cuml` to install.
2026-10-07 18:50:06,037:INFO:Initializing load_model()
2026-10-07 18:50:06,037:INFO:load_model(model_name=best_student_performance_model, platform=None, authentication=None, verbose=True)
2026-10-07 18:50:06,045:WARNING:D:\AI Engineering\FastAPI\model AI\.venv\Lib\site-packages\_distutils_hack\__init__.py:33: UserWarning: Setuptools is replacing distutils.
  warnings.warn("Setuptools is replacing distutils.")

2026-10-07 18:50:40,411:INFO:Initializing predict_model()
2026-10-07 18:50:40,412:INFO:predict_model(self=<pycaret.classification.oop.ClassificationExperiment object at 0x0000013D1DEFB190>, estimator=Pipeline(memory=Memory(location=None),
         steps=[('numerical_imputer',
                 TransformerWrapper(include=['Age', 'StudyTimeWeekly',
                                             'Absences'],
                                    transformer=SimpleImputer())),
                ('categorical_imputer',
                 TransformerWrapper(include=['Gender', 'Ethnicity',
                                             'ParentalEducation', 'Tutoring',
                                             'ParentalSupport',
                                             'Extracurricular', 'Sports',
                                             'Music', 'Volunteering'],
                                    transformer=Simple...
                                                                         'data_type': dtype('float64'),
                                                                         'mapping': 0.0    0
1.0    1
NaN   -1
dtype: int64}]))),
                ('onehot_encoding',
                 TransformerWrapper(include=['Ethnicity', 'ParentalEducation',
                                             'ParentalSupport'],
                                    transformer=OneHotEncoder(cols=['Ethnicity',
                                                                    'ParentalEducation',
                                                                    'ParentalSupport'],
                                                              handle_missing='return_nan',
                                                              use_cat_names=True))),
                ('trained_model',
                 LogisticRegression(max_iter=1000, random_state=123))]), probability_threshold=None, encoded_labels=False, raw_score=False, round=4, verbose=True, ml_usecase=None, preprocess=True, encode_labels=<function _SupervisedExperiment.predict_model.<locals>.encode_labels at 0x0000013D1DF0DA80>)
2026-10-07 18:50:40,412:INFO:Checking exceptions
2026-10-07 18:50:40,412:INFO:Preloading libraries
2026-10-07 18:50:40,417:INFO:Set up data.
2026-10-07 18:50:40,421:INFO:Set up index.
2026-10-07 18:50:59,023:INFO:Initializing predict_model()
2026-10-07 18:50:59,023:INFO:predict_model(self=<pycaret.classification.oop.ClassificationExperiment object at 0x0000013D1DF19110>, estimator=Pipeline(memory=Memory(location=None),
         steps=[('numerical_imputer',
                 TransformerWrapper(include=['Age', 'StudyTimeWeekly',
                                             'Absences'],
                                    transformer=SimpleImputer())),
                ('categorical_imputer',
                 TransformerWrapper(include=['Gender', 'Ethnicity',
                                             'ParentalEducation', 'Tutoring',
                                             'ParentalSupport',
                                             'Extracurricular', 'Sports',
                                             'Music', 'Volunteering'],
                                    transformer=Simple...
                                                                         'data_type': dtype('float64'),
                                                                         'mapping': 0.0    0
1.0    1
NaN   -1
dtype: int64}]))),
                ('onehot_encoding',
                 TransformerWrapper(include=['Ethnicity', 'ParentalEducation',
                                             'ParentalSupport'],
                                    transformer=OneHotEncoder(cols=['Ethnicity',
                                                                    'ParentalEducation',
                                                                    'ParentalSupport'],
                                                              handle_missing='return_nan',
                                                              use_cat_names=True))),
                ('trained_model',
                 LogisticRegression(max_iter=1000, random_state=123))]), probability_threshold=None, encoded_labels=False, raw_score=False, round=4, verbose=True, ml_usecase=None, preprocess=True, encode_labels=<function _SupervisedExperiment.predict_model.<locals>.encode_labels at 0x0000013D1DF0D260>)
2026-10-07 18:50:59,024:INFO:Checking exceptions
2026-10-07 18:50:59,024:INFO:Preloading libraries
2026-10-07 18:50:59,024:INFO:Set up data.
2026-10-07 18:50:59,027:INFO:Set up index.
2026-10-07 18:51:04,567:INFO:Initializing predict_model()
2026-10-07 18:51:04,568:INFO:predict_model(self=<pycaret.classification.oop.ClassificationExperiment object at 0x0000013D1DF39510>, estimator=Pipeline(memory=Memory(location=None),
         steps=[('numerical_imputer',
                 TransformerWrapper(include=['Age', 'StudyTimeWeekly',
                                             'Absences'],
                                    transformer=SimpleImputer())),
                ('categorical_imputer',
                 TransformerWrapper(include=['Gender', 'Ethnicity',
                                             'ParentalEducation', 'Tutoring',
                                             'ParentalSupport',
                                             'Extracurricular', 'Sports',
                                             'Music', 'Volunteering'],
                                    transformer=Simple...
                                                                         'data_type': dtype('float64'),
                                                                         'mapping': 0.0    0
1.0    1
NaN   -1
dtype: int64}]))),
                ('onehot_encoding',
                 TransformerWrapper(include=['Ethnicity', 'ParentalEducation',
                                             'ParentalSupport'],
                                    transformer=OneHotEncoder(cols=['Ethnicity',
                                                                    'ParentalEducation',
                                                                    'ParentalSupport'],
                                                              handle_missing='return_nan',
                                                              use_cat_names=True))),
                ('trained_model',
                 LogisticRegression(max_iter=1000, random_state=123))]), probability_threshold=None, encoded_labels=False, raw_score=False, round=4, verbose=True, ml_usecase=None, preprocess=True, encode_labels=<function _SupervisedExperiment.predict_model.<locals>.encode_labels at 0x0000013D1DF0D260>)
2026-10-07 18:51:04,568:INFO:Checking exceptions
2026-10-07 18:51:04,568:INFO:Preloading libraries
2026-10-07 18:51:04,568:INFO:Set up data.
2026-10-07 18:51:04,572:INFO:Set up index.
2026-10-07 18:51:06,475:INFO:Initializing predict_model()
2026-10-07 18:51:06,475:INFO:predict_model(self=<pycaret.classification.oop.ClassificationExperiment object at 0x0000013D1DF39AD0>, estimator=Pipeline(memory=Memory(location=None),
         steps=[('numerical_imputer',
                 TransformerWrapper(include=['Age', 'StudyTimeWeekly',
                                             'Absences'],
                                    transformer=SimpleImputer())),
                ('categorical_imputer',
                 TransformerWrapper(include=['Gender', 'Ethnicity',
                                             'ParentalEducation', 'Tutoring',
                                             'ParentalSupport',
                                             'Extracurricular', 'Sports',
                                             'Music', 'Volunteering'],
                                    transformer=Simple...
                                                                         'data_type': dtype('float64'),
                                                                         'mapping': 0.0    0
1.0    1
NaN   -1
dtype: int64}]))),
                ('onehot_encoding',
                 TransformerWrapper(include=['Ethnicity', 'ParentalEducation',
                                             'ParentalSupport'],
                                    transformer=OneHotEncoder(cols=['Ethnicity',
                                                                    'ParentalEducation',
                                                                    'ParentalSupport'],
                                                              handle_missing='return_nan',
                                                              use_cat_names=True))),
                ('trained_model',
                 LogisticRegression(max_iter=1000, random_state=123))]), probability_threshold=None, encoded_labels=False, raw_score=False, round=4, verbose=True, ml_usecase=None, preprocess=True, encode_labels=<function _SupervisedExperiment.predict_model.<locals>.encode_labels at 0x0000013D1DF0E7A0>)
2026-10-07 18:51:06,475:INFO:Checking exceptions
2026-10-07 18:51:06,475:INFO:Preloading libraries
2026-10-07 18:51:06,476:INFO:Set up data.
2026-10-07 18:51:06,481:INFO:Set up index.
2026-10-07 18:51:13,830:INFO:Initializing predict_model()
2026-10-07 18:51:13,830:INFO:predict_model(self=<pycaret.classification.oop.ClassificationExperiment object at 0x0000013D1DF2C9D0>, estimator=Pipeline(memory=Memory(location=None),
         steps=[('numerical_imputer',
                 TransformerWrapper(include=['Age', 'StudyTimeWeekly',
                                             'Absences'],
                                    transformer=SimpleImputer())),
                ('categorical_imputer',
                 TransformerWrapper(include=['Gender', 'Ethnicity',
                                             'ParentalEducation', 'Tutoring',
                                             'ParentalSupport',
                                             'Extracurricular', 'Sports',
                                             'Music', 'Volunteering'],
                                    transformer=Simple...
                                                                         'data_type': dtype('float64'),
                                                                         'mapping': 0.0    0
1.0    1
NaN   -1
dtype: int64}]))),
                ('onehot_encoding',
                 TransformerWrapper(include=['Ethnicity', 'ParentalEducation',
                                             'ParentalSupport'],
                                    transformer=OneHotEncoder(cols=['Ethnicity',
                                                                    'ParentalEducation',
                                                                    'ParentalSupport'],
                                                              handle_missing='return_nan',
                                                              use_cat_names=True))),
                ('trained_model',
                 LogisticRegression(max_iter=1000, random_state=123))]), probability_threshold=None, encoded_labels=False, raw_score=False, round=4, verbose=True, ml_usecase=None, preprocess=True, encode_labels=<function _SupervisedExperiment.predict_model.<locals>.encode_labels at 0x0000013D1DF0EB60>)
2026-10-07 18:51:13,830:INFO:Checking exceptions
2026-10-07 18:51:13,830:INFO:Preloading libraries
2026-10-07 18:51:13,831:INFO:Set up data.
2026-10-07 18:51:13,835:INFO:Set up index.
2026-10-07 18:51:33,227:INFO:Initializing predict_model()
2026-10-07 18:51:33,227:INFO:predict_model(self=<pycaret.classification.oop.ClassificationExperiment object at 0x0000013D1DF3B0D0>, estimator=Pipeline(memory=Memory(location=None),
         steps=[('numerical_imputer',
                 TransformerWrapper(include=['Age', 'StudyTimeWeekly',
                                             'Absences'],
                                    transformer=SimpleImputer())),
                ('categorical_imputer',
                 TransformerWrapper(include=['Gender', 'Ethnicity',
                                             'ParentalEducation', 'Tutoring',
                                             'ParentalSupport',
                                             'Extracurricular', 'Sports',
                                             'Music', 'Volunteering'],
                                    transformer=Simple...
                                                                         'data_type': dtype('float64'),
                                                                         'mapping': 0.0    0
1.0    1
NaN   -1
dtype: int64}]))),
                ('onehot_encoding',
                 TransformerWrapper(include=['Ethnicity', 'ParentalEducation',
                                             'ParentalSupport'],
                                    transformer=OneHotEncoder(cols=['Ethnicity',
                                                                    'ParentalEducation',
                                                                    'ParentalSupport'],
                                                              handle_missing='return_nan',
                                                              use_cat_names=True))),
                ('trained_model',
                 LogisticRegression(max_iter=1000, random_state=123))]), probability_threshold=None, encoded_labels=False, raw_score=False, round=4, verbose=True, ml_usecase=None, preprocess=True, encode_labels=<function _SupervisedExperiment.predict_model.<locals>.encode_labels at 0x0000013D1DF0D3A0>)
2026-10-07 18:51:33,227:INFO:Checking exceptions
2026-10-07 18:51:33,227:INFO:Preloading libraries
2026-10-07 18:51:33,227:INFO:Set up data.
2026-10-07 18:51:33,230:INFO:Set up index.
2026-10-07 18:51:34,569:INFO:Initializing predict_model()
2026-10-07 18:51:34,569:INFO:predict_model(self=<pycaret.classification.oop.ClassificationExperiment object at 0x0000013D1DF3A310>, estimator=Pipeline(memory=Memory(location=None),
         steps=[('numerical_imputer',
                 TransformerWrapper(include=['Age', 'StudyTimeWeekly',
                                             'Absences'],
                                    transformer=SimpleImputer())),
                ('categorical_imputer',
                 TransformerWrapper(include=['Gender', 'Ethnicity',
                                             'ParentalEducation', 'Tutoring',
                                             'ParentalSupport',
                                             'Extracurricular', 'Sports',
                                             'Music', 'Volunteering'],
                                    transformer=Simple...
                                                                         'data_type': dtype('float64'),
                                                                         'mapping': 0.0    0
1.0    1
NaN   -1
dtype: int64}]))),
                ('onehot_encoding',
                 TransformerWrapper(include=['Ethnicity', 'ParentalEducation',
                                             'ParentalSupport'],
                                    transformer=OneHotEncoder(cols=['Ethnicity',
                                                                    'ParentalEducation',
                                                                    'ParentalSupport'],
                                                              handle_missing='return_nan',
                                                              use_cat_names=True))),
                ('trained_model',
                 LogisticRegression(max_iter=1000, random_state=123))]), probability_threshold=None, encoded_labels=False, raw_score=False, round=4, verbose=True, ml_usecase=None, preprocess=True, encode_labels=<function _SupervisedExperiment.predict_model.<locals>.encode_labels at 0x0000013D1DF0D4E0>)
2026-10-07 18:51:34,569:INFO:Checking exceptions
2026-10-07 18:51:34,569:INFO:Preloading libraries
2026-10-07 18:51:34,570:INFO:Set up data.
2026-10-07 18:51:34,572:INFO:Set up index.
2026-10-07 18:51:35,333:INFO:Initializing predict_model()
2026-10-07 18:51:35,333:INFO:predict_model(self=<pycaret.classification.oop.ClassificationExperiment object at 0x0000013D1DF3A7D0>, estimator=Pipeline(memory=Memory(location=None),
         steps=[('numerical_imputer',
                 TransformerWrapper(include=['Age', 'StudyTimeWeekly',
                                             'Absences'],
                                    transformer=SimpleImputer())),
                ('categorical_imputer',
                 TransformerWrapper(include=['Gender', 'Ethnicity',
                                             'ParentalEducation', 'Tutoring',
                                             'ParentalSupport',
                                             'Extracurricular', 'Sports',
                                             'Music', 'Volunteering'],
                                    transformer=Simple...
                                                                         'data_type': dtype('float64'),
                                                                         'mapping': 0.0    0
1.0    1
NaN   -1
dtype: int64}]))),
                ('onehot_encoding',
                 TransformerWrapper(include=['Ethnicity', 'ParentalEducation',
                                             'ParentalSupport'],
                                    transformer=OneHotEncoder(cols=['Ethnicity',
                                                                    'ParentalEducation',
                                                                    'ParentalSupport'],
                                                              handle_missing='return_nan',
                                                              use_cat_names=True))),
                ('trained_model',
                 LogisticRegression(max_iter=1000, random_state=123))]), probability_threshold=None, encoded_labels=False, raw_score=False, round=4, verbose=True, ml_usecase=None, preprocess=True, encode_labels=<function _SupervisedExperiment.predict_model.<locals>.encode_labels at 0x0000013D1DF0E700>)
2026-10-07 18:51:35,333:INFO:Checking exceptions
2026-10-07 18:51:35,334:INFO:Preloading libraries
2026-10-07 18:51:35,334:INFO:Set up data.
2026-10-07 18:51:35,336:INFO:Set up index.
2026-10-07 19:37:02,708:WARNING:
'cuml' is a soft dependency and not included in the pycaret installation. Please run: `pip install cuml` to install.
2026-10-07 19:37:02,708:WARNING:
'cuml' is a soft dependency and not included in the pycaret installation. Please run: `pip install cuml` to install.
2026-10-07 19:37:02,708:WARNING:
'cuml' is a soft dependency and not included in the pycaret installation. Please run: `pip install cuml` to install.
2026-10-07 19:37:02,708:WARNING:
'cuml' is a soft dependency and not included in the pycaret installation. Please run: `pip install cuml` to install.
2026-10-07 19:37:04,668:INFO:Initializing load_model()
2026-10-07 19:37:04,668:INFO:load_model(model_name=best_student_performance_model, platform=None, authentication=None, verbose=True)
2026-10-07 19:37:04,694:WARNING:D:\AI Engineering\FastAPI\students performance\.venv\Lib\site-packages\_distutils_hack\__init__.py:33: UserWarning: Setuptools is replacing distutils.
  warnings.warn("Setuptools is replacing distutils.")

2026-10-07 19:54:45,873:WARNING:
'cuml' is a soft dependency and not included in the pycaret installation. Please run: `pip install cuml` to install.
2026-10-07 19:54:45,873:WARNING:
'cuml' is a soft dependency and not included in the pycaret installation. Please run: `pip install cuml` to install.
2026-10-07 19:54:45,873:WARNING:
'cuml' is a soft dependency and not included in the pycaret installation. Please run: `pip install cuml` to install.
2026-10-07 19:54:45,873:WARNING:
'cuml' is a soft dependency and not included in the pycaret installation. Please run: `pip install cuml` to install.
2026-10-07 19:54:46,796:INFO:Initializing load_model()
2026-10-07 19:54:46,796:INFO:load_model(model_name=best_student_performance_model, platform=None, authentication=None, verbose=True)
2026-10-07 19:54:46,804:WARNING:D:\AI Engineering\FastAPI\students performance\.venv\Lib\site-packages\_distutils_hack\__init__.py:33: UserWarning: Setuptools is replacing distutils.
  warnings.warn("Setuptools is replacing distutils.")

